{"review_id":"Utfy4vDKYEGoDNitLzV4mg","user_id":"BXuxdO-lBL4tdg1-AthsaQ","business_id":"ToNd6fEn_SvcQc1Fulsidg","stars":5,"date":"2013-01-06","text":"The <Californian sandwich> is amaaaazing. Whether it's fresh or I left it in the fridge and ate it hours later, still very tasty!","useful":0,"funny":0,"cool":0,"type":"review","restaurant":{"name":"Milio's Sandwiches","neighborhood":"","address":"4292 E Towne Blvd","city":"Madison","state":"WI","postal_code":"53704","latitude":43.1258907,"longitude":-89.3103284,"stars":2.5,"review_count":7,"is_open":1,"attributes":["BusinessParking: {'garage': False, 'street': False, 'validated': False, 'lot': False, 'valet': False}","GoodForMeal: {'dessert': False, 'latenight': False, 'lunch': False, 'dinner': False, 'breakfast': False, 'brunch': False}","RestaurantsAttire: casual","RestaurantsPriceRange2: 1","RestaurantsTableService: False","RestaurantsTakeOut: True"],"categories":["Sandwiches","Restaurants"],"hours":["Monday 10:0-22:0","Tuesday 10:0-22:0","Wednesday 10:0-22:0","Thursday 10:0-22:0","Friday 10:0-22:0","Saturday 10:0-22:0","Sunday 10:0-22:0"],"type":"business"},"user":{"name":"Jae","review_count":139,"yelping_since":"2008-12-23","friends":["7Ls1lP-GKZEeUS_sX3ySgg","8teQ4Zc9jpl_ffaPJUn6Ew","Jtq_pKd7GVbXvFY8YU8kmw","rQ8SBrFeCjOPge258qnfpg","FQ358fdJUFvHJDlGHqNu7w","c9yRwQ36S-12XgwoGg7BHg","mPMKjlM9uzhoAClRDhO2tg","uf1UdKswKWOqFLUvRvvbzA","G_rGY_hdCF2QdqQrANPIZQ","PDtr9iywairxm86ajqDPNg","RfZ9B2jmfUuqLK6T9f8KwQ","c5WmAZjAsefkwKF5VtOUgw","LRzgwZiWyFhT4NMDDZ2lhQ","GDgGGfxGNMwlN7DJC-mO9w","ArnNNAgMdAT-csKmeICH7g","9Whz5AGTTAXn1ID9SmbxHw","aATfiijyQ8T6SRI5pNJHnQ","wd3xoNaDLib8dhQ7BxUl6g","Omp4mhkjUOtAYtyY9gp-5Q","_L0LWmrD6rTdsjMlfgFg3Q","tyiQJmTPZ--OBjNkYanVbg","QEkgYrrUEPJJbiUCLqf0fg","SaZhoDQdJSvlqHUdyZc3OQ","5gwmy5tuuazKrbrvombCsQ","XIv6HVk7pWQJwUy4sFywug","i3zaRkbnNIPI4NeG7oW7wQ","IVFLdHv6LyGbCWKeNpTPfw","VP-MrwsKIL4Y2MzF9KwJ4g","eMnd7shLDPcvfaznTOpFqg","4qX__Kvy-otkzvtGCwKDqQ","Pm87g4gN1dU8LY354E5aog","w3okFX6HthXy5neKtXFAaQ","pWkjOMGcImS_Ta0LSZxydw","G5QUahqW5EzRCSqFA3tBvA","GswzqaPOKPnTQr-pc9LCCA","BhIrmC-tL4G-debP3HKaig","zh9WrqXsF2eVwK35sA-BtA","bZtlQN4oxhIYDE--eHoWfA","l-jEgecV3Y--qRAlDNVRSg","7JoeJLtwYf-Y6Uf7GELVEA","83ghvjXxLb2RTWnYe5-pRw","XmlqbZUGRAVXRO6x0LIRaQ","57T1EGPQmjLf6dEi4xwTwg","LxarjNS_uoca12Oj5DQ9kw","PXLsPDGjA8gQpmpjKrQarQ","yueeUq3HWJIdxSFWi-vBfg","ofcf53YQBQq0Andv2u2sAw","9mPtTCo8CLNB6F-JPn1msw","u2-30WSWMdo5VDUhVwrxKQ","ND3phUorxwC0OjdVO1HfXA","aHrC3wjlpfVOn4vUA3HAKg","Wf0VBvb7JBcy9PPQL7r89Q","NQNR4wEdFYUCgBtwZoormw","DDVjd8fCBkPhiQCYQQ3HmQ","7NMpw8iAJUQ8aEII6goRQA","HNycc5PctOiR2PXb-TFCIQ","mNchFZA7Lhna7BpyfFIVSg","NBLEUe2zMZQ-Z7N-ExR8PA","jcvXH02Iax1M_fCkruXelQ","QT7MYhv7yXJSG-ceImZ0Fw","Wt8Naat13FOHfl0yuJtM8g","Ry2t3MCZEH6WjP5BiLHeOA","KXZ8A8h7Q9ZJRU5TM9asjw","G6UKqEScLAyiA9pYBlXdJQ","9MvMLLhgUW0AashN0r0ueA","Jln7nx9G-rO8k8runGrOVg","nT3tLANzGy0a7DuB_GIQjA","AEvTXEcDwBYk7Yv_28Ecrw","ZbKkGxzFtE7vFk3QvVWDrw","PByksd-GIlni8N4V_lNQ_g","8EipJXehR14DD9x9N7RSSw","G6ssEmVCbL1viPnYkTK5aw","d5OcB3rxTOrVB-lnab9bLg","USt5M-XPBA9Sabv01qCXYQ","IgNwxwFET9Lc9W9-ByGRuQ","JUT0U3HTSB3kz9Wh7N0GqA","eiMuQboUz7Fr_-SmtOj6cw","GrYO5xbmSfroQCQDdekokg","fJ_qSZH_akvWzHUPMqab1g","bSEt1prQNigI0Mxmaaq4Ug","LZ4CkbGg0ZGQFgJpTjTzuw","6N-PB628Um0Q83PIHiwAZw","XZBnojJS_XT4_fTezEaEnA","_NPXrqr3KxV7-b-Tu_tB5Q","obpg7hE1r3wtt9Yd9RObKg","kS0J0v7cAKUmgfYIxPZEpw","4ZGWBesxFgz1pFWaxAUbAQ","N8O6T1mmLg8maWT6kNXaSA","G4Ousztpu7TQzMWn69OsPw","AOMcVp7tfm2EuxDs6k4AwQ","ftdc7cFdBdN9agj5dtdqfw","9SWtEX1k9AjRg93BAzMCpg","SreKJV2xjkeZHcCNqqUM-g","eFHeh6RC7PlPi5_YAxJJRw","o9utHixneEnrs8rzpspp_Q","sVHVu9J-kqcFNVEjNO6V8A","R1P2HdFO-QqFfioNUPxkQA","MCRtdgEpgh1ij0C03GmZ8w","oXfi1JA7sr-ZltDJMWo2Zg","FoHWWYNUxH67ZkAadTZL3w","0lrpbIv3-cZXWTaQmQKkVg","1iwn1AGkyomms5605h4Lug","78UQ3dDXq_WZY69Y2bb5Vw","RkzQJ--bwZaanE8JPYmIWA","lKPsIkvC8LTEiy7sEQcGnQ","qowkHvwOF0Lv1h11nz-vKw","nGYJ9QPQ77B8eBoGLPHR-w","s4BgZ9tRRPKxjUcOJcyomA"],"useful":72,"funny":5,"cool":6,"fans":15,"elite":["2017","2016","2013","2015","2014"],"average_stars":3.87,"compliment_hot":18,"compliment_more":1,"compliment_profile":0,"compliment_cute":0,"compliment_list":0,"compliment_note":14,"compliment_plain":17,"compliment_cool":24,"compliment_funny":24,"compliment_writer":16,"compliment_photos":5,"type":"user"}}
