{"review_id":"q0xdf12mSpHlLjYGs1WJlA","user_id":"hv5DJT-ivNSsHbXEJKXbUg","business_id":"JKDuPY9hPajOVQZpKPCzpA","stars":2,"date":"2016-07-23","text":"<Fish fry> and <French fries> are good.  However they gave me sour cream instead of <tartar sauce>.  I also ordered a <Cadillac burger> without cheese and they ended up putting cheese on the burger.  When the burger came back from the kitchen they didn't give me fries that were supposed to come with the burger.\nI think they might be under staffed however that doesn't excuse customer service.  There were no refills on drinks unless we asked for them, and food service was very slow and sporadic coming out to the table.","useful":0,"funny":0,"cool":0,"type":"review","restaurant":{"name":"Treads","neighborhood":"","address":"407 W Verona Ave","city":"Verona","state":"WI","postal_code":"53593","latitude":42.9891021,"longitude":-89.53905,"stars":2.5,"review_count":8,"is_open":1,"attributes":["Alcohol: full_bar","Ambience: {'romantic': False, 'intimate': False, 'classy': False, 'hipster': False, 'divey': False, 'touristy': False, 'trendy': False, 'upscale': False, 'casual': False}","BestNights: {'monday': False, 'tuesday': False, 'friday': False, 'wednesday': False, 'thursday': False, 'sunday': False, 'saturday': False}","BikeParking: False","BusinessAcceptsBitcoin: False","BusinessAcceptsCreditCards: True","BusinessParking: {'garage': False, 'street': False, 'validated': False, 'lot': True, 'valet': False}","Caters: False","CoatCheck: False","DogsAllowed: False","GoodForDancing: False","GoodForKids: True","GoodForMeal: {'dessert': False, 'latenight': False, 'lunch': False, 'dinner': False, 'breakfast': False, 'brunch': False}","HappyHour: True","HasTV: True","Music: {'dj': False, 'background_music': False, 'no_music': False, 'karaoke': False, 'live': False, 'video': False, 'jukebox': True}","NoiseLevel: average","OutdoorSeating: True","RestaurantsAttire: casual","RestaurantsDelivery: False","RestaurantsGoodForGroups: True","RestaurantsPriceRange2: 1","RestaurantsReservations: False","RestaurantsTableService: True","RestaurantsTakeOut: True","Smoking: outdoor","WheelchairAccessible: True","WiFi: free"],"categories":["Bars","Restaurants","American (Traditional)","Breakfast & Brunch","Nightlife"],"hours":["Monday 11:0-0:0","Tuesday 11:0-0:0","Wednesday 11:0-0:0","Thursday 11:0-0:0","Friday 11:0-2:0","Saturday 8:0-2:0","Sunday 8:0-22:0"],"type":"business"},"user":{"name":"Mike","review_count":12,"yelping_since":"2016-04-10","friends":["None"],"useful":0,"funny":0,"cool":0,"fans":0,"elite":["None"],"average_stars":3.08,"compliment_hot":0,"compliment_more":0,"compliment_profile":0,"compliment_cute":0,"compliment_list":0,"compliment_note":3,"compliment_plain":0,"compliment_cool":0,"compliment_funny":0,"compliment_writer":0,"compliment_photos":0,"type":"user"}}
