{"review_id":"GM7sOfKhvCL3Fsp3Q1hQ6w","user_id":"80zthfIOimViu7aR_9HCWA","business_id":"6tTv835MSguUBDpDtVRvMA","stars":4,"date":"2016-07-12","text":"Came here on yelp reviews. Very unassuming, but the <tacos> are huge and delicious. We got the <especial pork, chicken and chorizo> with a side of <rice and beans>. The <rice> was so fresh and fluffy and the meat was juicy. Great find!","useful":0,"funny":0,"cool":0,"type":"review","restaurant":{"name":"Taqueria Sabor Queretano","neighborhood":"Bluff Acres","address":"4512 E Washington Ave","city":"Madison","state":"WI","postal_code":"53704","latitude":43.129593,"longitude":-89.309073,"stars":4.0,"review_count":83,"is_open":1,"attributes":["Alcohol: beer_and_wine","Ambience: {'romantic': False, 'intimate': False, 'classy': False, 'hipster': False, 'divey': False, 'touristy': False, 'trendy': False, 'upscale': False, 'casual': True}","BikeParking: True","BusinessAcceptsCreditCards: True","BusinessParking: {'garage': False, 'street': False, 'validated': False, 'lot': True, 'valet': False}","Caters: True","GoodForKids: True","GoodForMeal: {'dessert': False, 'latenight': False, 'lunch': True, 'dinner': True, 'breakfast': False, 'brunch': False}","HasTV: True","NoiseLevel: average","OutdoorSeating: False","RestaurantsAttire: casual","RestaurantsDelivery: False","RestaurantsGoodForGroups: True","RestaurantsPriceRange2: 1","RestaurantsReservations: False","RestaurantsTableService: True","RestaurantsTakeOut: True","WiFi: no"],"categories":["Mexican","Restaurants"],"hours":["Monday 9:0-21:0","Tuesday 9:0-21:0","Wednesday 9:0-21:0","Thursday 9:0-21:0","Friday 9:0-21:0","Saturday 9:0-21:0","Sunday 9:0-21:0"],"type":"business"},"user":{"name":"Swetha","review_count":2,"yelping_since":"2014-07-23","friends":["zTHrLEAxyHZqTNOVBOtt2Q","Tq0FlOD42spYl7j7j57sbQ","LtaZjgKbOEMaLLNg3uLtaw","kOlqVx8k-74KY-lW1KNi1g","PuQajlpZGW-YShHg68EIPw","_JXDFLKmv9MPsd9rSS-zVg","JPR-QVNuE2Q9C48jUgNccw","nMOPRFKYSuZL7AspukloYA","B0F3aFMrTzRHiodQ7OHOqQ","OIE4qaORIjWq4Djk3ziBtw"],"useful":0,"funny":0,"cool":0,"fans":0,"elite":["None"],"average_stars":4.0,"compliment_hot":0,"compliment_more":0,"compliment_profile":0,"compliment_cute":0,"compliment_list":0,"compliment_note":0,"compliment_plain":0,"compliment_cool":0,"compliment_funny":0,"compliment_writer":0,"compliment_photos":0,"type":"user"}}
