{"review_id":"CVIJC1475omOqEP0F_ajdw","user_id":"fgpD5-TswwW_x2ggNTq4BQ","business_id":"t1w-AqAHPL-apnKtoboodQ","stars":5,"date":"2015-01-06","text":"The best <chai> in Madison!! Aimee and Kelly were so inviting. The <chocolate chip banana bread> was delicious and homemade. The <espresso> had a velvety crema with a bright body and smooth finish. The vibe in the place is so inviting and chill. I love it and will definitely travel from Milwaukee again to visit the Froth House!","useful":1,"funny":0,"cool":0,"type":"review","restaurant":{"name":"The Froth House","neighborhood":"Regent","address":"11 N Allen St","city":"Madison","state":"WI","postal_code":"53726","latitude":43.0682616,"longitude":-89.4235595,"stars":4.0,"review_count":25,"is_open":0,"attributes":["Alcohol: none","Ambience: {'romantic': False, 'intimate': False, 'classy': False, 'hipster': False, 'divey': False, 'touristy': False, 'trendy': False, 'upscale': False, 'casual': True}","BikeParking: True","BusinessAcceptsCreditCards: True","BusinessParking: {'garage': False, 'street': True, 'validated': False, 'lot': False, 'valet': False}","CoatCheck: True","GoodForDancing: False","GoodForKids: True","HappyHour: False","HasTV: False","Music: {'dj': False, 'background_music': False, 'no_music': False, 'karaoke': False, 'live': True, 'video': False, 'jukebox': False}","NoiseLevel: average","OutdoorSeating: True","RestaurantsGoodForGroups: False","RestaurantsPriceRange2: 1","RestaurantsTakeOut: True","Smoking: outdoor","WheelchairAccessible: False","WiFi: free"],"categories":["Nightlife","Coffee & Tea","Juice Bars & Smoothies","Food","Arts & Entertainment","Music Venues","Sandwiches","Restaurants"],"hours":["Monday 7:30-16:30","Tuesday 7:30-16:30","Tuesday 18:30-21:0","Wednesday 7:30-16:30","Thursday 7:30-16:30","Thursday 18:30-21:0","Friday 7:30-16:30","Saturday 8:0-14:0"],"type":"business"},"user":{"name":"Jennifer","review_count":4,"yelping_since":"2013-10-06","friends":["None"],"useful":2,"funny":0,"cool":0,"fans":1,"elite":["None"],"average_stars":3.75,"compliment_hot":0,"compliment_more":0,"compliment_profile":0,"compliment_cute":0,"compliment_list":0,"compliment_note":0,"compliment_plain":1,"compliment_cool":0,"compliment_funny":0,"compliment_writer":0,"compliment_photos":0,"type":"user"}}
