{"review_id":"nu2mD0dVKejSqEZRSVg-iQ","user_id":"891YxfjTiygqlWvNzolchQ","business_id":"W_9ophRRWO924hn1S-y2Hg","stars":5,"date":"2013-11-26","text":"This is now my favorite indian restaurant in town!  They have a very extensive menu for dinner.  We ordered the <Dum Chicken Biriyani>, <Bhagara Baigan>, and <Punu Gulu>.  It was amazing!  Everyone was incredibly nice as well.  I'm excited to try their <lunch buffet> and all the items on the menu that I have never seen before!","useful":0,"funny":0,"cool":0,"type":"review","restaurant":{"name":"Minerva Indian Cuisine","neighborhood":"Junction Ridge","address":"515 Junction Rd","city":"Madison","state":"WI","postal_code":"53717","latitude":43.0714329016,"longitude":-89.5244802754,"stars":3.5,"review_count":65,"is_open":0,"attributes":["Alcohol: beer_and_wine","Ambience: {'romantic': False, 'intimate': False, 'classy': False, 'hipster': False, 'divey': False, 'touristy': False, 'trendy': False, 'upscale': False, 'casual': True}","BikeParking: True","BusinessAcceptsCreditCards: True","BusinessParking: {'garage': False, 'street': False, 'validated': False, 'lot': True, 'valet': False}","Caters: True","GoodForKids: True","GoodForMeal: {'dessert': False, 'latenight': False, 'lunch': True, 'dinner': True, 'breakfast': False, 'brunch': False}","HasTV: False","NoiseLevel: quiet","OutdoorSeating: False","RestaurantsAttire: casual","RestaurantsDelivery: False","RestaurantsGoodForGroups: True","RestaurantsPriceRange2: 2","RestaurantsReservations: True","RestaurantsTableService: True","RestaurantsTakeOut: True","WiFi: no"],"categories":["Restaurants","Indian"],"hours":["Monday 11:30-14:30","Monday 17:0-22:0","Tuesday 11:30-14:30","Tuesday 17:0-22:0","Wednesday 11:30-14:30","Wednesday 17:0-22:0","Thursday 11:30-14:30","Thursday 17:0-22:0","Friday 17:0-22:30","Saturday 12:0-15:0","Saturday 17:0-22:30","Sunday 12:0-15:0","Sunday 17:0-21:30"],"type":"business"},"user":{"name":"Theresa","review_count":1,"yelping_since":"2013-11-26","friends":["None"],"useful":0,"funny":0,"cool":0,"fans":0,"elite":["None"],"average_stars":5.0,"compliment_hot":0,"compliment_more":0,"compliment_profile":0,"compliment_cute":0,"compliment_list":0,"compliment_note":0,"compliment_plain":0,"compliment_cool":0,"compliment_funny":0,"compliment_writer":0,"compliment_photos":0,"type":"user"}}
