{"review_id":"fSS2eX-TiFFeP47k8D1Gpg","user_id":"b5Yi2KYRXAB0gA0Bsdrpbw","business_id":"gyDTYm_NDWXEHBPGnL-oRQ","stars":1,"date":"2015-12-21","text":"I use to come to this place for a quick lunch or dinner. I just stopped in for the first time in almost 5 years and wow has this place gone downhill. There was no ice in either of the <soda> machines, while the machines themselves looked like they haven't been wiped off in months. The <soda> tastes kinda funny so I ended up just doing without the drink. The entire restaurant looked like it needed a really good cleaning. When my dish came to me, it was cold and kind of dry as if it had been sitting at the window for a while. And there were fruit flies/gnats flying around my food the entire time I ate. This place is not well-managed. Avoid at all costs.","useful":0,"funny":0,"cool":0,"type":"review","restaurant":{"name":"Noodles & Company","neighborhood":"Capitol","address":"232 State St","city":"Madison","state":"WI","postal_code":"53703","latitude":43.0749456,"longitude":-89.3895712,"stars":3.0,"review_count":57,"is_open":1,"attributes":["Alcohol: beer_and_wine","Ambience: {'romantic': False, 'intimate': False, 'classy': False, 'hipster': False, 'divey': False, 'touristy': False, 'trendy': False, 'upscale': False, 'casual': True}","BikeParking: True","BusinessAcceptsCreditCards: True","BusinessParking: {'garage': False, 'street': True, 'validated': False, 'lot': False, 'valet': False}","Caters: True","GoodForKids: True","GoodForMeal: {'dessert': False, 'latenight': False, 'lunch': True, 'dinner': True, 'breakfast': False, 'brunch': False}","HasTV: False","NoiseLevel: average","OutdoorSeating: False","RestaurantsAttire: casual","RestaurantsDelivery: False","RestaurantsGoodForGroups: True","RestaurantsPriceRange2: 1","RestaurantsReservations: False","RestaurantsTableService: False","RestaurantsTakeOut: True","WheelchairAccessible: False","WiFi: free"],"categories":["Restaurants","Asian Fusion","Noodles","Mediterranean","American (New)","Italian","Chinese","Comfort Food"],"hours":["Monday 10:30-22:0","Tuesday 10:30-22:0","Wednesday 10:30-22:0","Thursday 10:30-22:30","Friday 10:30-22:30","Saturday 10:30-22:30","Sunday 10:30-22:0"],"type":"business"},"user":{"name":"Nicki","review_count":2,"yelping_since":"2015-09-05","friends":["E-WkzDtE0BtNww_10VhxKg","PNONgQ6uvy3vsk4smeEMnQ","WaB-cgnjWcl3kRK2qSOBCQ","MxgLqKVqXh0CdAAKm8fOog","8D1W0mKI21-92fffCwFTiA","EdIgWyrVhYQ3qVbLgBt88A","5nEtRaFe8v_gq2Yhr0TxHA","-L8HWZHyN93uPVQQdGenkg","6pTq9ysibKYx4DWUmP654w","FXjHz2Himh6JMHBof_WBFg","UJb54oZ0LavmKPMNGKx4CQ","my4jm9juUhbbx8K_1POkoQ","XipNW-yZitpCHCpj2oZHxQ","iIeWaJ_qnHJBdqttMieRBw","BOKBwfwdwjUHUlrp_oWmew","5fhzBr8yeL_d3fHX1Chjyw","9emw4lr2lqyzw28MEc06-A","eWTie6-Ed92_T5Ebs4e-0g","1Qy7VJ1IWNIln-1N7Vaqxg","xHsbj3o_RH0iI7CjNPI2fw","0vsKs8sDGdFhHa7erFV13g","ZwfThsJBm7b-sHubZXWSPg","Qn8qyA4EB2MjeFD4Q2rWmg","XCSgqUDw71azGB2I_Q1pPw","k6wBQ8OqaH9is1O8elz9RA","lCD2xBWq9y6fCViUkr7x8g","7NDQSHzCB7dkCwpAyC1VTA","QPnYpMempFAFMbpkWcYN1g","RNQfqvs-CaUHpO3In5DCYQ"],"useful":0,"funny":0,"cool":0,"fans":0,"elite":["None"],"average_stars":3.0,"compliment_hot":0,"compliment_more":0,"compliment_profile":0,"compliment_cute":0,"compliment_list":0,"compliment_note":0,"compliment_plain":0,"compliment_cool":0,"compliment_funny":0,"compliment_writer":0,"compliment_photos":0,"type":"user"}}
