{"review_id":"lEzAZUJTNcJAff-ucWF1Cg","user_id":"riGbCgXc5HKg8UPQBaDGsQ","business_id":"ZEL8SF4BCqYgHyDyDxEUBA","stars":1,"date":"2014-09-27","text":"Cute place, but that's where the good ends. Plate w 2 <eggs>, <toast> with rancid butter and <hash browns> was $16. Totally soaked in grease. Way over priced. Side of <hash browns> were $7. Those others saying this place is reasonably priced must be eating at some high end places for breakfast. Suggest you avoid this place unless you want some expensive greasy grub.","useful":1,"funny":0,"cool":0,"type":"review","restaurant":{"name":"Schubert's Downtown Restaurant","neighborhood":"","address":"128 E Main St","city":"Mount Horeb","state":"WI","postal_code":"53572","latitude":43.008927,"longitude":-89.738852,"stars":4.0,"review_count":34,"is_open":1,"attributes":["Alcohol: none","Ambience: {'romantic': False, 'intimate': False, 'classy': False, 'hipster': False, 'divey': False, 'touristy': False, 'trendy': False, 'upscale': False, 'casual': False}","BikeParking: True","BusinessAcceptsCreditCards: True","BusinessParking: {'garage': False, 'street': True, 'validated': False, 'lot': False, 'valet': False}","Caters: True","DogsAllowed: False","GoodForKids: True","HasTV: False","NoiseLevel: average","OutdoorSeating: False","RestaurantsAttire: casual","RestaurantsDelivery: False","RestaurantsGoodForGroups: True","RestaurantsPriceRange2: 2","RestaurantsReservations: False","RestaurantsTableService: True","RestaurantsTakeOut: True","WiFi: free","GoodForMeal: {'dessert': False, 'latenight': False, 'lunch': False, 'dinner': False, 'breakfast': True, 'brunch': True}"],"categories":["Restaurants","Bakeries","American (Traditional)","Food","Breakfast & Brunch","Cafes"],"hours":["Tuesday 7:0-14:0","Wednesday 7:0-14:0","Thursday 7:0-14:0","Friday 7:0-14:0","Saturday 7:0-14:0","Sunday 7:0-14:0"],"type":"business"},"user":{"name":"Daniel","review_count":7,"yelping_since":"2013-11-18","friends":["KOZQj-ntCZlkCbnD50-VIQ","J1tkQuLS6lM3BHQ2xRIRLQ","JakJN0AMgjVgaLTDCNoEWA"],"useful":0,"funny":0,"cool":0,"fans":0,"elite":["None"],"average_stars":4.14,"compliment_hot":0,"compliment_more":0,"compliment_profile":0,"compliment_cute":0,"compliment_list":0,"compliment_note":0,"compliment_plain":0,"compliment_cool":0,"compliment_funny":0,"compliment_writer":0,"compliment_photos":0,"type":"user"}}
