{"review_id":"8pwWqwP8PkP0e_FVGNQRMw","user_id":"wXiqBI9gOZ3OgHy8IH7cXw","business_id":"zINKP9rtvo2IUKTZoYJUvQ","stars":5,"date":"2015-02-27","text":"Amazing, truly the best italian place in the state","useful":0,"funny":0,"cool":0,"type":"review","restaurant":{"name":"Cento","neighborhood":"Capitol","address":"122 W Mifflin St","city":"Madison","state":"WI","postal_code":"53703","latitude":43.074337,"longitude":-89.387364,"stars":4.0,"review_count":193,"is_open":1,"attributes":["Alcohol: full_bar","Ambience: {'romantic': False, 'intimate': False, 'classy': True, 'hipster': False, 'divey': False, 'touristy': False, 'trendy': False, 'upscale': True, 'casual': False}","BikeParking: True","BusinessAcceptsCreditCards: True","BusinessParking: {'garage': False, 'street': True, 'validated': False, 'lot': False, 'valet': False}","Caters: False","GoodForKids: False","GoodForMeal: {'dessert': False, 'latenight': False, 'lunch': False, 'dinner': True, 'breakfast': False, 'brunch': False}","HasTV: False","NoiseLevel: average","OutdoorSeating: False","RestaurantsAttire: dressy","RestaurantsDelivery: False","RestaurantsGoodForGroups: True","RestaurantsPriceRange2: 3","RestaurantsReservations: True","RestaurantsTableService: True","RestaurantsTakeOut: False","WiFi: free"],"categories":["Restaurants","Italian"],"hours":["Monday 16:0-22:0","Tuesday 16:0-22:0","Wednesday 16:0-22:0","Thursday 16:0-0:0","Friday 16:0-0:0","Saturday 10:0-14:0","Saturday 16:0-0:0","Sunday 10:0-14:0","Sunday 16:0-21:0"],"type":"business"},"user":{"name":"Marisa","review_count":36,"yelping_since":"2015-02-06","friends":["wJHjajjLYOq2XK6am_0wSA","YgeAoShmmd2FlCD_gixJDw","PI7ZoNBC1japkVuiglL5EA","nXVvcZYepkca3ir3mdNlTQ"],"useful":0,"funny":1,"cool":0,"fans":0,"elite":["2017","2016"],"average_stars":4.38,"compliment_hot":0,"compliment_more":0,"compliment_profile":0,"compliment_cute":0,"compliment_list":0,"compliment_note":0,"compliment_plain":0,"compliment_cool":0,"compliment_funny":0,"compliment_writer":0,"compliment_photos":3,"type":"user"}}
