{"review_id":"SLa353i5N3p7Cc2ZS09lzg","user_id":"3LC2sKfvz_nWuJquUDsNnw","business_id":"b8u5AasAkEcqTwKlSjcHIw","stars":5,"date":"2012-05-07","text":"My new favorite. Their salsa bar rules! Their <tacos> are stellar! Best of all, they have specials that are tremendous. S.U. had a wonderful bowl of <green chile posole> that would make our son, a green chile aficionado, extremely happy. I had their <barbacoa special>, a very generous serving of flavorful <lamb shank> with all the trimmings. The <chips> are hot and fresh, the salsas, see above. They have some grill platters (parilla?) that looked amazing! I asked about mole and they say that they make their own from scratch sooo ... that's next on the 'to try' list. Once I saw a seafood stew special that also looked incredible. Gusto mucho!\n\nI do love Tac. Guad. on Park. There's plenty of room for more good Mexican food in Madison. Plenty of room.","useful":1,"funny":0,"cool":1,"type":"review","restaurant":{"name":"La Guanajuatence","neighborhood":"Summit Woods","address":"1318 S Midvale Blvd.","city":"Madison","state":"WI","postal_code":"53711","latitude":43.038073,"longitude":-89.45202,"stars":4.0,"review_count":26,"is_open":0,"attributes":["Alcohol: full_bar","Ambience: {'romantic': False, 'intimate': False, 'classy': False, 'hipster': False, 'divey': True, 'touristy': False, 'trendy': False, 'upscale': False, 'casual': True}","BusinessAcceptsCreditCards: True","BusinessParking: {'garage': False, 'street': False, 'validated': False, 'lot': True, 'valet': False}","GoodForKids: True","GoodForMeal: {'dessert': False, 'latenight': False, 'lunch': True, 'dinner': True, 'breakfast': False, 'brunch': False}","HasTV: True","NoiseLevel: average","OutdoorSeating: False","RestaurantsAttire: casual","RestaurantsDelivery: False","RestaurantsGoodForGroups: True","RestaurantsPriceRange2: 1","RestaurantsReservations: False","RestaurantsTableService: True","RestaurantsTakeOut: True","WheelchairAccessible: True","WiFi: no"],"categories":["Mexican","Restaurants"],"hours":["Monday 10:0-23:0","Tuesday 10:0-23:0","Wednesday 10:0-23:0","Thursday 10:0-23:0","Friday 10:0-23:0","Saturday 10:0-23:0","Sunday 10:0-23:0"],"type":"business"},"user":{"name":"Bob","review_count":361,"yelping_since":"2006-05-22","friends":["oYaaF1G-iAraiQLcCbBEXg","CGBqO0VmaUVtc7bn7i_30Q","CUU_SVpheVGIilr5kUaJ1Q","NKN9exKpbgvOyyhIcV3AwQ","ZONVheoNuMls2b_5qR9kYw","lgAYNej0pVY-xRsRQ1MEjA","pZQ8RxOeD4rY_tRTOoPSDQ","aHrC3wjlpfVOn4vUA3HAKg","VHoz-_mf_jFQCINNkBMKSw","EEESiKQoL9jwHj10wU2Ynw","Ve0LUwcrzxL7w0RYgY4Aaw","Yos71_YUCPyv7jdA6KuFoA","YwAMC-jvZ1fvEUum6QkEkw","WwxS1z6uwTxm5V5hoUB-Qw","AEgYsg7EHi-Z6j8R3vd06w","imw0H3HNcIlEpe37QrEpXA","lsfYsCLiT6dlbii7tlzwlg","1Gi7CEQcPlg5kfaL_7IUZA","oRBfRR8J9S0-IN8YeTOEKQ","tvKw4blqMaZw4eZ3jtE9qQ","PsbqZehVU6vbvwYKTaJzAA","qlC607Cyp0Mj91vDFvkp3Q","jm_Bn0mveCt0m7PVHNkLeA","jwbcs_eQ2QznrOyMuqz1LQ","fJ_qSZH_akvWzHUPMqab1g","G9zX9lQMsibjR-TRhwPjMA","KNDvdQYwzoa07nh16l_qug","HNycc5PctOiR2PXb-TFCIQ","4q02ALXu_6i7-GWZAW9ctQ","LLgTAp0F5HkgJjlIFwDSRw","JUT0U3HTSB3kz9Wh7N0GqA","qVc8ODYU5SZjKXVBgXdI7w","Q5dGwiCUZ_rbbCKfFUdSKw","z_c2V52lIxJihCelwAfUNA","cEIq7NGlUA1bQOWvr43aRg","3mwqzfJCBbYSi_0Tpc_Abg","Rj5ktP9NxEt3tuMdwEGRaw","wkrFqNxwTEEkG3mJV88Izw","aHiLmgQMMwZR0B49t8ek0w","FKclATu5-fmK6lsAUuHp7w","PHKfdEYHopJgLdgL5G7uOA","7ORWBRJXvAFc32eMS0tM2Q","WmC-iEynoODRdFnPaEgf6A","N5X2ENVzW2xodJLFql3-Bg","NLyNvJ9LGG0DFAvUph97wQ","nODk_1cOo7Y6ceMyPN1iZw","8Xv9DshnBy-dJL-38F1CpQ","G9Vb6yQ047TC3O_-GG4WZA","RTWsMisf73pGnbagf1vmvg","INgocgXv94oeTuzyXtjpYw","3CwMwbY9UgP-qvTDxNs_0g","_id_cy6kweRsArTUny0XbQ","NsQXHxZuhlNYUNdUh5CSPg","ij7kqaoPR_Zwtcrxn11kXQ","BmxqEeNmHW2b2nju1vMhmQ","GqGERc_CMZ60odu3W_0cCQ","vOyyDaJ2TL5x18ojmJ4jLw","w27A88ibOh__-ooDR1vMqQ","5BJZI4x50ni34pbHrPOlDA","FqNT4NXpauSXVzP9TXHkMg","LbjvQChtWWb6mr1ZTfmaAQ","Gkm6eJJeFzZBbDqKc20dcg","edTnZYRynFWTIvbJ66yxAg","tpi5TQyUbwGvvmgXJpCC_A","n9mH-FIWDUVdGZGsRVFikA","rX8NmheYtFK18QXYzo4gbA","tbycp0aRhRsiAVYUAVR_uQ","oc2HbLtmHm8CG7I7kBxvRw","uI_GEh8WnhlW8kkbO1dZXA","iQXwoe-qxXCSntplW0i81Q","Pf7FI0OukC_CEcCz0ZxoUw","OTJRvjzZmlVvtKO12Gmy1A","2_j4qaWcE1yZb9Ts0qAFSw","otmH3h2S52nbCFMJRANQFQ","daHNoyUhh54UurxjjT5naA","dEtYQChLcKyUO2BjdO1hDg","CPwjF4YIkk7gsLoGGBIhlQ","LYsvFpkHOXn7kqGYPfeLCQ","E4SfIfuU0H3RtDKwDvc_Uw","ztvRQSJ2Be-7TtAYHuMu_w","3S7cA5U-pGl1mC_9J0nTcw","qUYxPCyf-Ofu0CybktNopw","XkPPbUYVuhdW0D5F-atnug","rN1hA93jrtmB9w9iPcyCdA","27kZDRkLI2C88u8T8zNr1g","GrUCjpll6wTlcEhjuabHTA","dSHaZYVWS8E0_DNCSDS9lg","dM9OJJzpM0omMjwIlUBGfQ","2oz4z-puG0VOeEbpts2XAA","um58UUo-OmRGzmi2eoxZUw","XQXeCI2cD-Nw9NM9DcHD6g","uf1UdKswKWOqFLUvRvvbzA","iVPhiHOF0FO5APxWNtussA","QqIDHcG_1MHfKKbt5zlQHA","lbkrTOA3BKyrjGS0-_wPww","e9bVxMuG-1NIJWqT_pDEmQ","xb7aDVkmsweDVPqkzkIZ0w","j4BMT5Oyrt15-pwK3cRSZw","8teQ4Zc9jpl_ffaPJUn6Ew","V11I0M4NfoDRGB7gYNPHYA","lnB2aztmWO-WV_U-JjhR9Q","SAjoxK-DfszGMRF-96AxjA","8ZLAklUl3vS9cnlwpv3v5g","vhrp6p6I8FgwfW1FFnOMsA","ir-gvm_XXb_uOoOIxQ9cwg","FVrtuhRZc9ObhRJaZvME-A","-yh3gf6-basBINfcPBCKVA","BQP3y7-oGNFXqm1Dy-ChAA","7O1_x_3IlgjpY9BkiZ16xQ","kgWiEnqKVAFP85FstNB7mA","st-HcTLPF3hR6TXATb9DqQ","f1MFQxTZAWJnRQdrouLg_A","srFZ0_Q7ktL5USL63yzrHQ","Fj4k_EFon2F0Nr4JRziv8g","lKVrn4Jdh2Joc7WzpPBhdA","3VGTg6Om3TX0IFR57pIJhQ","t4eqxvYhOLxvf0Ml5eEtYg","BUB_t_Rvzs1yPEzZipkWjw","p7QYtikTGaSABDY895Trtw","O69agv8vQKqbVe9nfofsYA","omyVhu_IQ_fIKGcbulEL8Q","BVHZ6w_YgA1lt8Rnq4NSCg","LGgRkXESdWd5szdzXqmr8w","JKzqdJ8Xe7uHHcQo5vthNA","wd3xoNaDLib8dhQ7BxUl6g","peW2XMbIOsmI3Ub6yq0gJA","UPg42Rjo1LyH6jZV4J6X3Q","DSN9lxiazKaj_wVL-SZAhw","cO70nnIeGze90ZqEmxhedA","Uzwcjh9mu5KNJZQgs0xmcQ","cDhIATzIQTZLQBSZFkUrYQ","LEgcOGI18e7JH8db423nhw","HFECrzYDpgbS5EmTBtj2zQ","9M3gY85BdlzFidhQyA5o9A","fqz6TBmIdWR8sQOOIyzB7g","83Bgz9gPxmJEYBOVKWXH2A","pSYjXb62QotWzt4RKt56pw","tX0r-C9BaHYEolRUfufTsQ","R-zH-BH_4Az7pPtlE31Z8Q","NRMlDBUoGJdgoXTUllZpuA","G00FQW6-Pi6FjxDSNRWdeQ","8z3hZO0SE75e6kO2Bsm8pA","o0vxBOEas5b0VEf3K_uPyg","qzrgMvoe0wO8_hxSXMetzA","KKjBfRsYhB50jQ1IAL8DqQ","YOtooHxZAWcSbUa3I6ypqQ","CH9VC7aLLsV8NFdaoU_uog","TLElemg3o3mlA4GGpupNiQ","niuSuIKt6XCiTwh0hLbbUg","5fhvTaOsg6znXSqg_iMtUg","66BEgeyuDShtJiAyqNH3gg","PdpxM_j1dxLIUN4GWCpeUQ","klV8OmU4eK_oPI98oalfPg","W6wWrqmL0ZayqymBoCebEQ","daFjkFEg4e4pyK-Ze8_ctA","VO7ZMFghJFH9y1NgZTq9pg","iOLGIwzCBNHyYyA0AQhFnQ","cDhs0eRMGtVVXzr5eiGiIQ","kh05qHDCDAQ9pguEqBEh2A","OD6wbZ1jQOW30wYCDD6X3Q","ACUVZ4SiN0gni7dzVDm9EQ","Q1IENmNc6bdDruACmhy4mg","7Ia5yRck89GVyHzWZKRAYw","yJP-54fC6lpYXXl5X0JyJw","7jzEOlt8WzQh8nkQVv86gQ","hgw7i8neWKMaLQDrcf4N9Q","vTkOJKZ4e8JyEqc7_S1qaQ","3UeRxZbeOkqWMU1HlVC9_Q","Gr17h3JDn7wWQo40kJKaGQ","bGzQELylOfNPi_XpitxPTQ","d5WLqmTMvmL7-RmUDVKqqQ","adtOywpRnG5-4mjQMQE1FA","f7Emr9Q4H5r_jO_DW3QuIQ","Z4Ht_6i_4pcpojwmT3FYEw","8H6X6GhJhYkcNHjuBjOU4w","2aVGrrE0K4gynbLLzg1heA","lYWc85SgA6_YEfcJq5F3ww","2Rrd1Kbiv1OIJ_puSxLPIg","lcrcput-8GMw6St64LIr9Q","4frU9vIpYwigxCtvr2aBQQ","9SWtEX1k9AjRg93BAzMCpg","nsnFc5dcAVliG3X1yS5Mdw","iD7HFt90AyDEAIBVPg93og","ftdc7cFdBdN9agj5dtdqfw","5JBUr02Eemexu4f3nVIRvA","0QQoApZxb1WSWo64E4ofQw","JlNWZ_lBYzkBMsQAqBLvCw","pgqoh3R5RqP18Er-Ieo17g","tNJlm1X_LrUkIWnn4iutmw","-xd47RFMgv5ZV9zuea4TaA","JQhOnIgDALdsXQkUwk7Z0A"],"useful":3300,"funny":1003,"cool":3324,"fans":26,"elite":["2013","2008","2015","2012","2011","2016","2009","2010","2014"],"average_stars":4.36,"compliment_hot":166,"compliment_more":10,"compliment_profile":12,"compliment_cute":3,"compliment_list":1,"compliment_note":77,"compliment_plain":364,"compliment_cool":209,"compliment_funny":209,"compliment_writer":104,"compliment_photos":10,"type":"user"}}
