{"review_id":"PsDiLHK5dAMMxKoP7sZ8Hg","user_id":"E8nIUnG5xc2864Z-tcx1EQ","business_id":"1No65MMinOXLxgEtqpV3vg","stars":1,"date":"2010-06-13","text":"I was staying in the hostel just next door and was too exhausted after my red eye to walk to find food.  So I found myself at Cafe Costa Rica, excited about the menu options and some good reviews from fellow Yelpers.\n\nMy review is based on the service alone because...\n\nI ordered appetizers, a <smoothie>, and a <salad> (yes, all just for me, it was a long day of travel).  After taking my order, the waitress never came back again to check in and averted eye contact for OVER 45 minutes!  When I asked her if my food was coming (45 minutes later), she said she didn't know but she thought it would take 10 more minutes.  She said \"We're short a cook and everyone's mad at me\", while it's definitely not her fault they were short a cook, she could have easily checked in with me and brought something you didn't have to cook (like perhaps my <smoothie>?!?!).  I would have loved to not waste an hour of my time at this place when it was an easy walk to several joints nearby.\n\nI told her I would need to cancel my order if the food did not come soon.  She offered me nothing.  I walked away, never to return.","useful":0,"funny":1,"cool":0,"type":"review","restaurant":{"name":"Cafe Costa Rica","neighborhood":"Williamson - Marquette","address":"1133 Williamson St","city":"Madison","state":"WI","postal_code":"53703","latitude":43.0825782,"longitude":-89.3649184,"stars":3.5,"review_count":68,"is_open":0,"attributes":["Alcohol: full_bar","Ambience: {'romantic': False, 'intimate': False, 'classy': False, 'hipster': False, 'divey': False, 'touristy': False, 'trendy': False, 'upscale': False, 'casual': True}","BYOB: False","BYOBCorkage: no","BikeParking: True","BusinessAcceptsCreditCards: False","BusinessParking: {'garage': False, 'street': True, 'validated': False, 'lot': False, 'valet': False}","DogsAllowed: False","GoodForKids: False","GoodForMeal: {'dessert': False, 'latenight': False, 'lunch': False, 'dinner': True, 'breakfast': False, 'brunch': False}","HasTV: False","NoiseLevel: average","OutdoorSeating: True","RestaurantsAttire: casual","RestaurantsDelivery: True","RestaurantsGoodForGroups: False","RestaurantsPriceRange2: 2","RestaurantsReservations: True","RestaurantsTableService: True","RestaurantsTakeOut: True","WheelchairAccessible: True","WiFi: no"],"categories":["Latin American","Caribbean","Restaurants"],"hours":["Monday 16:0-21:0","Tuesday 16:0-21:0","Wednesday 16:0-21:0","Thursday 16:0-21:0","Friday 16:0-22:0","Saturday 16:0-22:0","Sunday 16:0-21:0"],"type":"business"},"user":{"name":"Jessica","review_count":14,"yelping_since":"2010-01-17","friends":["nOtm9RNhnuPtVBmqu2PHGg","D3GTz6mYLZQXuWaMW9wYlQ","w-tIfUiqRmFPijHeV-Un5Q","jW-wYMCoUDrBPidiUgpywA","arvr4NY11RcsEkCWd_oaAA","iePrYkBSv0-sUzwHaGcvMA","VlaDFXXFDQyOc-JFtAhjIg","AY4LpEBU_FII4sM7tc1XlQ","BHZvSui0yDQ2Aoc_8lujTA","TILSXkWS0iaAemBxV7gnVQ","6-6xJeTPTr_-yoTUqsndGQ","34MytZDy-e14pcYd0y6XrA","zrVVIRy1vqiTClQx0whDQg","P0u6e8xz4CWxj_bQznvttw","ctxl7MZg9VuuFuc8yaCETA","xbB4jlBn0Et23bsZa81VHQ","GUrp-y1h2pFfsFWW82l5zg","nv05RgxhI4f0Iy0oQw9MIQ","uT9u948BYjwU0AoEnjFZ-Q","YR3hAAxytQyWFOFY_K2iDQ","VQzQyoKnxgXB8C_1_8wlJw","d7g5q_IBRyrAc2p0E4g_3g","R6s-4A9qQdbzGRkFIPxdFg","Yb2ffLHfR8JX_AFH8qQfNA","Ddjw5-86qOKyJqBzgylF_g","1nx50FjPU51nWmLpwxi14Q","LKO-TDSn1rPLiQLDdNpFcw","vp_ldN9P_J9fANwqtaFqyw","7_B9FgZ5zPjrdrg57FhLow","qgnhn2I-GCQT04l20pHmwg","9FPB4PKIoXUGDtBKmh_I8g","N7rwlwPPYz0zwVoYINCJIg","X5FmroG9qpD1tBwEGn31tw","wkMtPBxknWYOnkE31JQSBw","kfhlDBBQiadEda--rYZjjw","YQUYrWXUpf_QTlaYQpgysA","9E1c1NG2NxpfPFBcgRn-HA","8eAWn1U_siLKr2D_T4aHWg","bkiODH1IrhKjACXZxugccQ","p541hxnJhByrnUnw6Yeh1Q","cYZxuHAlfYfUwmfz7KHzqA","gN2iFfae5DPGtZw041Tfvw","tlKQi36P5Jhnzf7IWHhdtg"],"useful":7,"funny":3,"cool":2,"fans":0,"elite":["None"],"average_stars":3.93,"compliment_hot":1,"compliment_more":0,"compliment_profile":0,"compliment_cute":0,"compliment_list":0,"compliment_note":1,"compliment_plain":1,"compliment_cool":1,"compliment_funny":1,"compliment_writer":0,"compliment_photos":1,"type":"user"}}
