{"review_id":"oxS1h1ORWnVGrS3iuaqO1Q","user_id":"dx29S5u8mDsdvzCKZj3AcA","business_id":"NXTsT01IVpKYPpa_1L-Rlw","stars":2,"date":"2016-11-12","text":"Yeah, the service here sucked.  As an Army veteran, I patronized this place for the free appreciation meal.  The hostess was nice and accommodating, and the <blonde brownie> dessert came out perfectly.  The <fried shrimp> and <fries> were okay.  One server greeted me on the fly as if she would take my order, but then another introduced herself as my server.  The new one seemed to have tables on the other side of the restaurant, so I wish the first one had taken my order because she seemed to be on top of things.  My server gave minimal service at best.  I had to ask yet another server nearby to get a refill and extra napkins.  She did so with a fake, disingenuous courtesy that irked me.  I asked whether the restaurant was short-staffed, which she denied and gave me some, lame explanation about a shift change, although I did understand what she meant.  I have server experience, and I had been a lunch shift closer myself.  The difference is that I would not have given minimal service, or given insincere responses.  I still tipped both servers, but I let them know the service sucked @$$.  I did not bother to tell the manager, because I got the impression my feedback would have fallen on deaf ears.  After all, this is Applebee's.  In the end, the free food hardly seemed worth it, and I really did not feel any appreciation as a military veteran, other than getting the special, limited menu.","useful":0,"funny":0,"cool":0,"type":"review","restaurant":{"name":"Applebee's","neighborhood":"","address":"660 S Whitney Way","city":"Madison","state":"WI","postal_code":"53711","latitude":43.0523183,"longitude":-89.4743081,"stars":3.0,"review_count":17,"is_open":1,"attributes":["Alcohol: full_bar","Ambience: {'romantic': False, 'intimate': False, 'classy': False, 'hipster': False, 'divey': False, 'touristy': False, 'trendy': False, 'upscale': False, 'casual': True}","BikeParking: True","BusinessAcceptsCreditCards: True","BusinessParking: {'garage': False, 'street': False, 'validated': False, 'lot': True, 'valet': False}","Caters: False","CoatCheck: False","GoodForDancing: False","GoodForKids: True","GoodForMeal: {'dessert': False, 'latenight': False, 'lunch': True, 'dinner': False, 'breakfast': False, 'brunch': False}","HappyHour: True","HasTV: True","Music: {'dj': False, 'background_music': True, 'no_music': False, 'karaoke': False, 'live': False, 'video': False, 'jukebox': False}","NoiseLevel: average","OutdoorSeating: False","RestaurantsAttire: casual","RestaurantsDelivery: False","RestaurantsGoodForGroups: True","RestaurantsPriceRange2: 2","RestaurantsReservations: True","RestaurantsTableService: True","RestaurantsTakeOut: True","Smoking: no"],"categories":["Burgers","Steakhouses","Restaurants","American (Traditional)","Sports Bars","Bars","Nightlife","American (New)"],"hours":["Monday 11:0-0:0","Tuesday 11:0-0:0","Wednesday 11:0-0:0","Thursday 11:0-0:0","Friday 11:0-0:0","Saturday 11:0-0:0","Sunday 11:0-0:0"],"type":"business"},"user":{"name":"EBeneditsu","review_count":7,"yelping_since":"2015-03-22","friends":["kzN5klrRPcFyeM3H_v-ZJQ","PejtO6f96GyWPrYPyv4HLg","wd3xoNaDLib8dhQ7BxUl6g","eApC6NxTnupJhpmDX0Ef9A"],"useful":4,"funny":2,"cool":0,"fans":0,"elite":["None"],"average_stars":2.77,"compliment_hot":0,"compliment_more":0,"compliment_profile":0,"compliment_cute":0,"compliment_list":0,"compliment_note":0,"compliment_plain":1,"compliment_cool":0,"compliment_funny":0,"compliment_writer":0,"compliment_photos":0,"type":"user"}}
