{"review_id":"TcCQrCTmQgp3L8V1A4Gg2w","user_id":"dWcoDh5fX1UQ4llbPG3kzg","business_id":"VLM7exTU8wRmPVxI4uKi1w","stars":5,"date":"2009-01-19","text":"A comedic collection of hipsters and hobos, peppered with semi-pro poker players and and a hanoi-jane pissing target in the urinal.  Swing by the Stop-N-Go on the way out and grab a <Sparks>.  Quite real.","useful":0,"funny":3,"cool":0,"type":"review","restaurant":{"name":"Players Sports Bar","neighborhood":"Williamson - Marquette","address":"2013 Winnebago St","city":"Madison","state":"WI","postal_code":"53704","latitude":43.0924809,"longitude":-89.3545584,"stars":4.5,"review_count":19,"is_open":1,"attributes":["Alcohol: full_bar","Ambience: {'romantic': False, 'intimate': False, 'classy': False, 'hipster': False, 'divey': True, 'touristy': False, 'trendy': False, 'upscale': False, 'casual': False}","BikeParking: True","BusinessAcceptsCreditCards: False","Caters: False","CoatCheck: False","DriveThru: False","GoodForDancing: False","GoodForKids: True","GoodForMeal: {'dessert': False, 'latenight': False, 'lunch': False, 'dinner': False, 'breakfast': False, 'brunch': False}","HappyHour: True","HasTV: True","Music: {'dj': False, 'background_music': False, 'no_music': False, 'karaoke': False, 'live': False, 'video': False, 'jukebox': True}","NoiseLevel: average","OutdoorSeating: False","RestaurantsAttire: casual","RestaurantsDelivery: False","RestaurantsGoodForGroups: True","RestaurantsPriceRange2: 1","RestaurantsReservations: False","RestaurantsTableService: True","RestaurantsTakeOut: True","BestNights: {'monday': False, 'tuesday': False, 'friday': False, 'wednesday': False, 'thursday': True, 'sunday': True, 'saturday': True}","BusinessParking: {'garage': False, 'street': True, 'validated': False, 'lot': True, 'valet': False}","Smoking: no","WiFi: free"],"categories":["Bars","Sandwiches","Burgers","Restaurants","Nightlife","Sports Bars"],"hours":["Monday 11:0-2:0","Tuesday 11:0-2:0","Wednesday 11:0-2:0","Friday 11:0-2:30","Saturday 9:0-2:30","Sunday 9:0-2:0"],"type":"business"},"user":{"name":"Jonathan","review_count":161,"yelping_since":"2008-07-09","friends":["INPppZR6jwq_oR5u88ObuA","RNESHf-VXt5nF7juHOHwfA","qdp_DVNTcjENdg9l_3cs9g","18yTJk6oACou7Lo40RJDJw","sd-QsGjvffkM9a6a-XYxXw","VGD5z5gQdZ8ja7BlukH6FA","M-aGEiRxD03to5WrDT0PXA","vvFjJtuDG1dOJ0cVfmerng","2QPq3tnBFD7e_p_tGhgAGA","Tkf8BGNU5PVdAcr0NCgj9w","uucpXfy2b-WRUEo4DQftJg","MvwY4Bhr5aKSX-Y8xGKaDg","-xUYQz6m3khfEJPH-kOdzA","BFxMezN5IZceeMLpjY5giA","3hDhc5BaspcHQea8w_4kUA","PmlApgstFa5Y8BRroTe07Q","bjZL2-Kie880YnGPc7fqow","FmeTCldixt42IRKF_BgWOw","iQuuSYT5AHNxqTbsgUaAdA","AxIByR2ded--HfWhL_dE9Q","QKvDyNF8Od4RUWLfh7jQPw","My3NelOnSXFjxapBRBu8Bw","g9Zo-BWbsKOReDMTeRfIew","qE02Y9BpqwzL738Dmm1kiw","z8tSKvUcx0hlnojKLxgSYQ","LaQljTEWZ2nQu5Z64COkxA","KrK6WaDm8j1F5GOV2UyvUQ","pL5fKHa6bkzUIzCyF_dJHA","g37Y_WmgPcJI9bf_kPV2Og","htTlBtyz-AEzty0VPsV4TA","xhNVhiWMEhtC02W57lpNog","OSQmjMorHCCGs2avWxddHA","PyC0t4njYI9frLBhSfEliA","TmljCl6px9_1D-V1dEUR-w","MOz6RkRblmxPiLQWT7ObtA","kI2QvxJSRZFCy-R3U_C0CQ","ocVGNHZQKOGmaTEBZ1ITpw","om5ZiponkpRqUNa3pVPiRg","et_wAABDOMNq6qLWMZBEvg","eGnrgFemHTcUkkIv3rS56w","KLOk0DlKE6sKaPzbZmYMrA","pNYZl6EZdKGhlEU8FwU5hQ","cEajJL1O_AvlZHmsewHr1A","th_ivQZlFGGuMd4ifFfvpA","tNSFzTTP7SVeSsz6myrkNg","jwbcs_eQ2QznrOyMuqz1LQ","ABWHlPT7GftJYeSK_FoKrg","v6vaxilbZlLyNc_aU0rQtw","fcnaLf9n35xD9mQjJ773ug","wry-M-L7bKJrrrM8fs32IQ","VLZM7XDUXyW28l6V-4Zw8Q","_jmNHQjDO1yc2pnO67In2w","YYJ5oYIIUm2wSuh9tE7OyQ","Jdoy3KZR395jp-MildyBjQ","9OHb0MKXwB-_B0ZIV9hRPQ","_tOo1YreSB5KpAOW36beXw","Sf_zGR8Lu9kf9VYn0tw1CQ","GXycIIBo5TbAqXi5Ilm8eg","wBbjgHsrKr7BsPBrQwJf2w","PFCuTejKLbM35_SpRLf1qg","HMrU7XCyC6_EMicxutNQdw","ABorYL4y1cnJlSFw_qkLSw","JdFvX2dKWBnRxdz3GkSTbw","h3Z6zCOx_BsCs9U-RSTAVQ","7DSahn30CTj3edqYllx0Jw","Lhlxw2JmUoSNG9zCxNKmbA","U6KBNi5oTnOetfiFsKi2RA","jyWCCUY3dOhkuYwyLjRPUQ","A_zZDPoP9Np4bqcyKQOUdQ","vP0rfkvpx_1BAttx0Kym0A","9fEBMuq_nrJuxgCQ-figtA","dr3-lwW_VGVpZ8r3Co1w7w","roTwQmvQCGUqKT_DXMnG2g"],"useful":47,"funny":48,"cool":23,"fans":15,"elite":["None"],"average_stars":3.64,"compliment_hot":5,"compliment_more":4,"compliment_profile":0,"compliment_cute":0,"compliment_list":0,"compliment_note":4,"compliment_plain":12,"compliment_cool":4,"compliment_funny":4,"compliment_writer":2,"compliment_photos":0,"type":"user"}}
