{"review_id":"TUU_gvVgnbqkbZ5yYNAZow","user_id":"LKMdXcGs6ZJsgRBGdHDv3w","business_id":"zERyZLsAyB47bMZlfUV-SQ","stars":5,"date":"2016-10-30","text":"We were lucky enough to have reservations for dinner on a Friday evening, this place is busy!  Nice atmosphere, great food, exellent service, and fair prices, we will be back soon!","useful":0,"funny":0,"cool":1,"type":"review","restaurant":{"name":"Nick's Restaurant","neighborhood":"Capitol","address":"226 State St","city":"Madison","state":"WI","postal_code":"53703","latitude":43.0750082,"longitude":-89.3891551,"stars":3.5,"review_count":67,"is_open":1,"attributes":["Alcohol: full_bar","Ambience: {'romantic': False, 'intimate': False, 'classy': False, 'hipster': True, 'divey': False, 'touristy': False, 'trendy': False, 'upscale': False, 'casual': True}","BestNights: {'monday': False, 'tuesday': False, 'friday': True, 'wednesday': False, 'thursday': True, 'sunday': False, 'saturday': True}","BikeParking: True","BusinessAcceptsCreditCards: True","BusinessParking: {'garage': False, 'street': True, 'validated': False, 'lot': False, 'valet': False}","Caters: False","CoatCheck: False","GoodForDancing: False","GoodForKids: True","GoodForMeal: {'dessert': False, 'latenight': False, 'lunch': True, 'dinner': True, 'breakfast': False, 'brunch': False}","HappyHour: True","HasTV: True","Music: {'dj': False, 'background_music': False, 'no_music': False, 'karaoke': False, 'live': False, 'video': False, 'jukebox': False}","NoiseLevel: quiet","OutdoorSeating: True","RestaurantsAttire: casual","RestaurantsCounterService: True","RestaurantsDelivery: False","RestaurantsGoodForGroups: True","RestaurantsPriceRange2: 1","RestaurantsReservations: False","RestaurantsTableService: True","RestaurantsTakeOut: True","Smoking: no","WheelchairAccessible: True","WiFi: no"],"categories":["Diners","Mediterranean","Bars","Restaurants","Greek","Nightlife"],"hours":["Monday 10:0-22:0","Tuesday 10:0-22:0","Wednesday 10:0-22:0","Thursday 10:0-22:0","Friday 10:0-22:0","Saturday 10:0-22:0","Sunday 10:0-22:0"],"type":"business"},"user":{"name":"Kevin","review_count":19,"yelping_since":"2012-01-15","friends":["ymMNP_WKVuTMxBB-Wty4LA"],"useful":2,"funny":0,"cool":0,"fans":0,"elite":["None"],"average_stars":5.0,"compliment_hot":0,"compliment_more":0,"compliment_profile":0,"compliment_cute":0,"compliment_list":0,"compliment_note":2,"compliment_plain":0,"compliment_cool":0,"compliment_funny":0,"compliment_writer":0,"compliment_photos":0,"type":"user"}}
