{"review_id":"M7jAvT-HeOeM3lpb4jtz9A","user_id":"GrUCjpll6wTlcEhjuabHTA","business_id":"PV9CdNFDOX4_zWm3Sy3W8g","stars":4,"date":"2009-01-15","text":"Quaker Steak & Lube has, in my opinion, THE best <wings> around.  Huge selection of sauces- choose carefully, my friend, lest you sear your tongue.  My personal fave is the garlic sauce, followed by the regular 'hot' sauce.  \n\nIt's a little odd to eat/drink beneath stock cars and motorbikes suspended from the ceiling, until you realize they're really not going to fall on your head.  Hmm-wonder if that ever happened?  I digress..\n\nFairly decent menu, two bars and OK prices.  Nuff said.","useful":0,"funny":0,"cool":1,"type":"review","restaurant":{"name":"Quaker Steak & Lube","neighborhood":"","address":"2259 Deming Way","city":"Middleton","state":"WI","postal_code":"53562","latitude":43.097806,"longitude":-89.519217,"stars":3.5,"review_count":113,"is_open":1,"attributes":["Alcohol: full_bar","Ambience: {'romantic': False, 'intimate': False, 'classy': False, 'hipster': False, 'divey': False, 'touristy': False, 'trendy': False, 'upscale': False, 'casual': True}","BYOB: False","BYOBCorkage: no","BestNights: {'monday': False, 'tuesday': False, 'friday': False, 'wednesday': False, 'thursday': True, 'sunday': False, 'saturday': False}","BikeParking: True","BusinessAcceptsCreditCards: True","BusinessParking: {'garage': False, 'street': True, 'validated': False, 'lot': True, 'valet': False}","Caters: True","CoatCheck: False","DriveThru: True","GoodForDancing: False","GoodForKids: True","GoodForMeal: {'dessert': False, 'latenight': False, 'lunch': False, 'dinner': True, 'breakfast': False, 'brunch': False}","HappyHour: True","HasTV: True","Music: {'dj': False, 'background_music': False, 'no_music': False, 'karaoke': False, 'live': False, 'video': False, 'jukebox': False}","NoiseLevel: average","OutdoorSeating: True","RestaurantsAttire: casual","RestaurantsDelivery: False","RestaurantsGoodForGroups: True","RestaurantsPriceRange2: 2","RestaurantsReservations: True","RestaurantsTableService: True","RestaurantsTakeOut: True","Smoking: outdoor","WheelchairAccessible: True","WiFi: free"],"categories":["Restaurants","American (Traditional)","Burgers","Nightlife","Chicken Wings","Bars"],"hours":["Monday 11:0-23:0","Tuesday 11:0-23:0","Wednesday 11:0-23:0","Thursday 11:0-23:0","Friday 11:0-0:0","Saturday 10:0-0:0","Sunday 10:0-22:0"],"type":"business"},"user":{"name":"Nina","review_count":163,"yelping_since":"2008-03-24","friends":["wmJsu8F-82nLLxq2cNASOA","CnVH7Tvy7THh8L-rnVDh5A","T4l-dSAOssJaP1-_Vdzm4Q","3E-0Sv6Cy_i0YAj3SPg9Yw","aAkgdSmtodnACuCUPsjOBA","8teQ4Zc9jpl_ffaPJUn6Ew","ETFZW7_3cSRL7h7GqocIMA","HiBTbv4amlmTBMA3noa8Cg","8ZLAklUl3vS9cnlwpv3v5g","wd3xoNaDLib8dhQ7BxUl6g","JKzqdJ8Xe7uHHcQo5vthNA","YNPOl4PyOIpnJq17RPMbhA","1ZA29D4wWpJgeR2tJZkUcw","3LC2sKfvz_nWuJquUDsNnw","WWh7FDHofUPVdgorHekQ2g","NEt1p7vXOZFvee3mPE2q2w","dxjehLpGgh08vby2BksV6g","EKjpxH__JX8Y2dqhtcUksQ","0kw4D_FV1iHGQfYjOoskFg","Q9XRY2W9AyUX8o7Mk7Y_Bg","w53Wn9P0Xp_Kjf8rqPUF1A","MwrVty-K-1moZ5omVOBOJA","LgaOupJKBudIO5CglhB68A","d3rY1WF-f8iG5n4sPSXY1Q","-EV-dBt805PoVOJv2URNZQ","R6-3KTxBU37RB5KQDNLJCA","lUK8gBrgug7narNsS_FBiA","YkVWB4xpxp6BmzvRRzlAgw","k_w-HCzHA-sLNItLOc6S-g","tc7oZmXuSLsHkTORt8YZHA","duku8ZJEzJC3_E8602coqg","FqNT4NXpauSXVzP9TXHkMg","MXAVGIL1zDEcUcMH_GefcQ","fJ_qSZH_akvWzHUPMqab1g","RTWsMisf73pGnbagf1vmvg","KV8MaEP95M2af-r_oL9JLw","cDhs0eRMGtVVXzr5eiGiIQ","Fp_7Up81ctVeG7yLTB88sg","f7Emr9Q4H5r_jO_DW3QuIQ","vnLFtoP3NX0PHKowmAL-Gw","vqO9GPq_xENqhdxkmVHe4w","KGY_eZHm3AderjlcnLhoRw","r-zUIQPaHzvIyL93wQaoiQ","0sny_m7E2HJy4-ADPPJaJQ","JUT0U3HTSB3kz9Wh7N0GqA","5R0JpuYnMkXQsK_YPKP_PQ"],"useful":1083,"funny":212,"cool":63,"fans":8,"elite":["2012"],"average_stars":3.2,"compliment_hot":4,"compliment_more":1,"compliment_profile":0,"compliment_cute":1,"compliment_list":0,"compliment_note":10,"compliment_plain":7,"compliment_cool":4,"compliment_funny":4,"compliment_writer":4,"compliment_photos":0,"type":"user"}}
