{"review_id":"ag8N2Jq-IpMppEc7O7uSSw","user_id":"WScf-tYsJghg5FTAR_9E0Q","business_id":"84WYW7OfV-IXUJk95EL5_Q","stars":4,"date":"2016-01-11","text":"What can be bad about all you can eat meat?\nSeriously, we enjoyed our visit. The food was flavorful and plentiful. We ate four different preparations of beef, two of chicken, two of pork, one of turkey, one of lamb, and one of sausage. They have a nice <salad> bar with upscale items beyond the typical iceberg lettuce. Such as artichoke hearts, olives, cheeses, <pasta salads>; if you can't find something you like here you might want to check your pulse. Side dishes can be found by the <salad> bar, ours included <smashed garlic potatoes>, <rice>, <tortilla soup>, and some other items that presently slip my memory.\nWe hope to go back soon.","useful":1,"funny":0,"cool":0,"type":"review","restaurant":{"name":"Samba Brazilian Grill","neighborhood":"Capitol","address":"240 W Gilman St, Fl 2","city":"Madison","state":"WI","postal_code":"53703","latitude":43.07546,"longitude":-89.393063,"stars":3.5,"review_count":152,"is_open":1,"attributes":["Alcohol: full_bar","Ambience: {'romantic': False, 'intimate': False, 'classy': True, 'hipster': False, 'divey': False, 'touristy': False, 'trendy': False, 'upscale': False, 'casual': False}","BikeParking: True","BusinessAcceptsCreditCards: True","BusinessParking: {'garage': False, 'street': True, 'validated': False, 'lot': True, 'valet': False}","Caters: False","GoodForKids: True","GoodForMeal: {'dessert': False, 'latenight': False, 'lunch': False, 'dinner': True, 'breakfast': False, 'brunch': False}","HasTV: False","NoiseLevel: average","OutdoorSeating: False","RestaurantsAttire: casual","RestaurantsDelivery: False","RestaurantsGoodForGroups: True","RestaurantsPriceRange2: 3","RestaurantsReservations: True","RestaurantsTableService: True","RestaurantsTakeOut: False","WheelchairAccessible: True","WiFi: no"],"categories":["Brazilian","Restaurants"],"hours":["Monday 17:0-22:0","Tuesday 17:0-22:0","Wednesday 17:0-22:0","Thursday 17:0-22:0","Friday 17:0-22:0","Saturday 17:0-22:0","Sunday 9:30-15:0","Sunday 16:0-21:0"],"type":"business"},"user":{"name":"Jesse","review_count":90,"yelping_since":"2012-09-25","friends":["bYQm7BRwvJDKuaU_zbmp_w","IZvKHUh_mU2HsMPuR_qGRw","l6nyiBjW_0IGp_S9dgx8eA","CXU3f0QblhTlUPQFDokqIw","wd3xoNaDLib8dhQ7BxUl6g","32-HptBcpKx932GsVWpjrQ","08cwzMvl8QD2FUVPRYIrMg","I7aTxTSwLiZ6ZPdfX5CHQw","nUw6S6ZNSodnHTR5UaK7BA"],"useful":3,"funny":0,"cool":0,"fans":0,"elite":["2017","2016"],"average_stars":3.21,"compliment_hot":2,"compliment_more":1,"compliment_profile":0,"compliment_cute":0,"compliment_list":0,"compliment_note":5,"compliment_plain":1,"compliment_cool":3,"compliment_funny":3,"compliment_writer":1,"compliment_photos":0,"type":"user"}}
