{"review_id":"9g-oTKFD5zpmK7iKiflwFQ","user_id":"Uivt7-kM1shcMhRku4Tu0g","business_id":"BwWbwhIWfc9A0fPShp-WmA","stars":5,"date":"2016-10-08","text":"Don't know why this place is rated so low, the food was fantastic. Way better than some of the places downtown. Had the <trout> and a fabulous cocktail. Great intimate ambiance.","useful":0,"funny":0,"cool":0,"type":"review","restaurant":{"name":"Oliver's Public House","neighborhood":"Regent","address":"2540 University Ave","city":"Madison","state":"WI","postal_code":"53705","latitude":43.0725542026,"longitude":-89.4300975757,"stars":3.5,"review_count":125,"is_open":1,"attributes":["Alcohol: full_bar","Ambience: {'romantic': False, 'intimate': False, 'classy': False, 'hipster': False, 'divey': False, 'touristy': False, 'trendy': True, 'upscale': False, 'casual': False}","BikeParking: True","BusinessAcceptsBitcoin: False","BusinessAcceptsCreditCards: True","BusinessParking: {'garage': False, 'street': True, 'validated': False, 'lot': False, 'valet': False}","Caters: False","DogsAllowed: False","GoodForKids: False","GoodForMeal: {'dessert': False, 'latenight': False, 'lunch': False, 'dinner': True, 'breakfast': False, 'brunch': True}","HasTV: False","NoiseLevel: average","OutdoorSeating: True","RestaurantsAttire: casual","RestaurantsDelivery: False","RestaurantsGoodForGroups: True","RestaurantsPriceRange2: 2","RestaurantsReservations: True","RestaurantsTableService: True","RestaurantsTakeOut: True","WheelchairAccessible: True","WiFi: free"],"categories":["Breakfast & Brunch","Restaurants","American (Traditional)","American (New)"],"hours":["Monday 11:0-21:0","Tuesday 11:0-21:0","Wednesday 11:0-21:0","Thursday 11:0-22:0","Friday 11:0-0:0","Saturday 9:0-0:0","Sunday 9:0-15:0"],"type":"business"},"user":{"name":"Robin","review_count":2,"yelping_since":"2015-08-14","friends":["tQgz7LpZABfkOAbsxSEiDA","JUE6nJe49FCvuXKLU6CKtg","KKsozCYiRg2ZvRyR22SDJA","yt8rd1c7kSl6YW_d_SeOzg","zsaFXx7NT_Ux6DVEwvOEuQ","uOLqc7NQ9iUAN5xPv4K9ag","HR3DdCi3VGyJPXHlvG5CIw","oSAJW_V0GKio_RTNQs6_RA","o1RbW9s9Q78WEnjx3ik8sw","i3psT-BOeV3P2jdGq-0FDw","ywS6YPTCkljxz0nlHLp5Jw","wCYZqiYWyjmFF996n9dPqA","6XIy-lV6PZMxYLdTHs0kQw","9Xrjvy0iguMPWMOFHK2kuA","TpSshaPExhl_EdPblFWjHA","2KF487smv01W4QMuvE5VEA","VASLHSdvH0zjrF8AflCiHg","QypWJH8hFY0bD75PGEdmew","nVK0U8NjyjfVw-DdfHrYoQ","B5NnUiw9xDssM3n7OI3mbA","lvN7cor2EHNfjuzBxKcv8A","8pXXDBXDCJ1mBz5uEEXx-w","DW76ogjvpz4AB95IfZpT4g","EIaOqJy25qIoqBIkzoq1wA","UORCJidflyd3jNZ5xWmfTw","jR2X4zeOaKB1InyCjDfIUw","-khkBY25IUe9u_qqJMZjoQ","cWo20ejav-gkeH8V51BYJw","UMs__ERuA73m82pLbO8qmg","3PL-UMy85eqkmyTXb0LsqQ","D3oCi8vaPbtgVHPcWDTD-w","cXyngXxjtwYVlE_Xvwe39Q","JoyUzbeUKmU7CmLuDsg18w"],"useful":0,"funny":0,"cool":0,"fans":0,"elite":["None"],"average_stars":4.0,"compliment_hot":0,"compliment_more":0,"compliment_profile":0,"compliment_cute":0,"compliment_list":0,"compliment_note":0,"compliment_plain":0,"compliment_cool":0,"compliment_funny":0,"compliment_writer":0,"compliment_photos":0,"type":"user"}}
