{"review_id":"tK3qvDK9tzsNs8Ivg9NGuQ","user_id":"MPdgBB1CfE0JEtfo7Ok0Vg","business_id":"keQlXWfz2K7GukqaReVyow","stars":4,"date":"2011-03-31","text":"My wife and I came here for lunch the other day and I must say that I really like this place.   The food rivals those in China Town  Chicago, such as Laos Schezuan.  They have both  lunch and dinner menu and we ordered from the dinner menu.  Our waiter was a man in his forties and was helpful with offering recommendations from the menu.   We ordered <crispy chicken>, <ox tongue>, and a <spicy fish> dish.  All were wonderful and spicy and we ended up with leftovers to take home.  Spicy is 7.5 out of 10.","useful":1,"funny":0,"cool":0,"type":"review","restaurant":{"name":"Ichiban Sichuan","neighborhood":"Greenbush","address":"610 S Park St","city":"Madison","state":"WI","postal_code":"53715","latitude":43.060609,"longitude":-89.401081,"stars":3.5,"review_count":156,"is_open":1,"attributes":["Alcohol: full_bar","Ambience: {'romantic': False, 'intimate': False, 'classy': False, 'hipster': False, 'divey': False, 'touristy': False, 'trendy': False, 'upscale': False, 'casual': True}","BikeParking: True","BusinessAcceptsCreditCards: True","BusinessParking: {'garage': False, 'street': True, 'validated': False, 'lot': False, 'valet': False}","DogsAllowed: False","GoodForKids: True","GoodForMeal: {'dessert': False, 'latenight': False, 'lunch': False, 'dinner': True, 'breakfast': False, 'brunch': False}","HasTV: True","NoiseLevel: average","OutdoorSeating: False","RestaurantsAttire: casual","RestaurantsDelivery: True","RestaurantsGoodForGroups: True","RestaurantsPriceRange2: 2","RestaurantsReservations: True","RestaurantsTableService: True","RestaurantsTakeOut: True","WiFi: free","Caters: True"],"categories":["Chinese","Restaurants"],"hours":["Monday 11:0-22:0","Tuesday 11:0-22:0","Wednesday 11:0-22:0","Thursday 11:0-22:0","Friday 11:0-0:0","Saturday 11:0-0:0","Sunday 12:0-22:0"],"type":"business"},"user":{"name":"Daniel","review_count":13,"yelping_since":"2011-01-26","friends":["S207oRfKTlF1FEaEYkRR8g"],"useful":8,"funny":0,"cool":1,"fans":1,"elite":["None"],"average_stars":3.62,"compliment_hot":0,"compliment_more":1,"compliment_profile":1,"compliment_cute":0,"compliment_list":0,"compliment_note":0,"compliment_plain":0,"compliment_cool":0,"compliment_funny":0,"compliment_writer":0,"compliment_photos":0,"type":"user"}}
