{"review_id":"LcbbOpBtLS3MxFUGSQYxCQ","user_id":"wd3xoNaDLib8dhQ7BxUl6g","business_id":"xI8GXDAdJcPX5dIP0acBvw","stars":4,"date":"2015-07-28","text":"There are a lot of places that once I find something that I like, that's all I order. BSBC is a rare exception where I take pleasure in trying something different every time I'm in. This time I landed on the <lemon ricotta pancakes>. \n\nThree thin but dinner plate-sized <pancakes> arrived with a healthy dose of blueberry compote and a dollop of whipped ricotta that had started to melt from the heat of the <pancakes>. The blueberries were flavorful and the ricotta added a nice touch of sweetness. The <pancakes> were tasty, but they were lacking the punch of lemon I really wanted. \n\nOne of my dining companions ordered the <TV Dinner special> which was <sesame chicken>. It looked amazing and was adorably served on a segmented tray and included <garlic rice> and a <strawberry puff pastry> dessert. I tried a bite of the <rice> and it was incredible. I would buy it in bulk if I could. They should most definitely build a dish around it. \n\nTo start the meal we tried the <blueberry cheesecake donut>. I've had a couple different <donuts> from Bassett Street Brunch Club, and while I know that's their thing, I just don't care for them. The texture is drier and breadier than I prefer. Kudos on the interesting flavors, but the bulk of the <donut> just isn't for me. \n\nSpecial shout-out for our server, John. He was funny, attentive, and totally game for any request and feedback thrown at him. I'll keep my fingers crossed for him on future visits.","useful":5,"funny":0,"cool":5,"type":"review","restaurant":{"name":"Bassett Street Brunch Club","neighborhood":"Capitol","address":"444 W Johnson St","city":"Madison","state":"WI","postal_code":"53703","latitude":43.072731,"longitude":-89.393353,"stars":4.0,"review_count":330,"is_open":1,"attributes":["Alcohol: full_bar","Ambience: {'romantic': False, 'intimate': False, 'classy': False, 'hipster': False, 'divey': False, 'touristy': False, 'trendy': False, 'upscale': False, 'casual': True}","BikeParking: True","BusinessAcceptsCreditCards: True","BusinessParking: {'garage': False, 'street': False, 'validated': True, 'lot': True, 'valet': False}","Caters: True","GoodForKids: True","GoodForMeal: {'dessert': False, 'latenight': False, 'lunch': False, 'dinner': False, 'breakfast': True, 'brunch': True}","HasTV: True","NoiseLevel: average","OutdoorSeating: True","RestaurantsAttire: casual","RestaurantsDelivery: False","RestaurantsGoodForGroups: True","RestaurantsPriceRange2: 2","RestaurantsReservations: False","RestaurantsTableService: True","RestaurantsTakeOut: True","WheelchairAccessible: True","WiFi: free"],"categories":["Breakfast & Brunch","Restaurants"],"hours":["Monday 7:0-22:0","Tuesday 7:0-22:0","Wednesday 7:0-22:0","Thursday 7:0-0:0","Friday 7:0-0:0","Saturday 8:0-0:0","Sunday 8:0-22:0"],"type":"business"},"user":{"name":"Stacey","review_count":699,"yelping_since":"2009-09-20","friends":["Jtq_pKd7GVbXvFY8YU8kmw","dXQEsl64zvgDVbxU-jDNzA","6xi9tBoZ6r_v41u_XFsSnA","TFDLV_sJrZulZR2zwgCYog","9_3lOj1Cko24yy37hDd84Q","3JpthXc7GoFp9zaFo_ZfzA","2qKOL7C7WbG_M3EOWvTFxA","KImDfKRpLV1vv7in15gehg","H5TEwR-OD0XxILGNaewohA","WRUVsH-B2P_ym69YjZDPYQ","C__1BHWTGBNA5s2ZPH289g","5WuO2GStwA2IdBnOnGeLbA","ZN8YZPCW0SxhqshOWxPUlQ","5T33AHwcsBijgB3IhecK8Q","NNL1zLTP2J_SOputgoPYeQ","V0c-AS2FFCeSaV-3JfG5vA","RKUz3QKVucEVZOjh-m4XVA","fG9banHrg2DIMCxfHVdy5Q","qf4Dce4gFbhQF6Q7v0MZTw","I6I4jYMejKVXvVKM6lJKHg","jFGY7zyESufEsh3YyX8GCw","tKS52DZFtRtv7Ikz6k_JOQ","hQ7GCAaeLAu6LSgGGUMNvA","s_Dg0gNZmh-Vc6yLQ34_lw","IC7lfS_GpSKd6Dn6nQgcdA","TpeWvYwS0UO81woM7cbXvw","Q9mA60HnY87C1TW5kjAZ6Q","_UrgR8x-enYzt-XgnjJ3wQ","RD-f1At-TwojTfXFuyN5ag","NFxWUC2RX18YNZMaiFyb2Q","t_prCflpb3ihKzX5SjzfaQ","5JHfi_9U4l4fWc7-6OQzgA","BM6KnzoljE9t5qBrQjfdmQ","4paWpLov6LjpsNNgE1fhSg","e6iCOIhtupBCiw-VwBvJ4A","I2OXWsGgBpmSAgeU43nuDQ","-fPyiQdVga8kPPLpypS9FQ","hn4Y3XYQhUZbUkU3eGEWSA","dGz_AXphmffe6OdT83ls6g","P6cPLabGYy1i0c53Yombyg","CbXEyXfJV-_sZKU4fLrUTw","wQ0QAd3GPmYy1pidihh4Mg","XiLxIJThWsE0x4d0IeSPsg","x6hYFRUkH2fsZTgvCgilbQ","4Cl9fWN-ZBsZ2XnpfOHGfg","_1TOM7pVEnCkbYB2AaKdWg","uf1UdKswKWOqFLUvRvvbzA","rKTsjVOgPoMWMygTB64eOg","W-uhwG7zbzJuGiHxpoS1xA","9o60qQK90i4lMxhhDd1ZMg","qWgOaWnjckpS5MAKUlfx3A","3S7cA5U-pGl1mC_9J0nTcw","05Gb4Z_65arGEXLbwGOu-Q","8EipJXehR14DD9x9N7RSSw","XpUdJOb2MkyElpJeIW7row","-zGEDBMBy_mMTP3dAJpK0w","3XPtoaPTi88KReXj0ZzeZQ","eQZS1D8aqQWHGpJ6yydVDw","WjgA-47w8tWfXdvPzRe82g","ddDPOUDTV3RdwkRuYu1GLQ","rIEw4f9WJvxDfTPxvPqUtA","zmB5iIe9Ex5wMWuZVBO6_A","rsUasby1LgCLH4CTarzEbw","x1QLCwZGFAjxRRw4EHc3-g","sOhv5LHFsyf8t1JpgnocMQ","CLBhU0yc2OPoJTRRSdqN8Q","9753eOrBVUepAl3hUoHpiw","qJ_KHethyeYpFMX0JQ0VFQ","Rn2otfzTog8zAPtbfrxCwg","2oz4z-puG0VOeEbpts2XAA","eB2NMM2Gl5EMx18xRZ5zoQ","UpqOfcfEkC3LaX4zvJ8Qjg","fmQO2eiqBpN0P1XMHJXw4A","y4sKmzbORD3Zdv803B_i-Q","hdzTAN8DGJKRddkZ8279JQ","V7Q6GjezXk1GanE__2DeSg","0sL9uFo-1y6f7Ws14mGmww","TP9Tz7gcAfK-BeT16qpZ2w","OAJq2mF6WMXAQ_16ftlKgg","i6Ef2Ix7qSC-qnbPHQ7EeA","YQ7jD5Wl-Y6mtdUvfCfOIQ","ljXkWI7iWUneTPJxSKOPAA","Wc5L6iuvSNF5WGBlqIO8nw","G3h8pIclwUbuu3itJqF7ug","b_1LJQVNVO0ksCeWsEzRsg","zBwwBeK_CwWMikwaZH1tjg","shdED0bG-r5SmX84wyZ4dA","uI_GEh8WnhlW8kkbO1dZXA","wLtH_XgNNcRVAOeq9-JYew","xUa3P0ei5Rw3_C1G6TXCDQ","48mIkPCI5B9KtoyV7IbrKw","bA_IWYmV9yYz3Ih-qHvWtw","C3Hpsx_eDfeSmxEc1HBzpA","fgwI3rYHOv1ipfVfCSx7pg","pWkjOMGcImS_Ta0LSZxydw","Tt0VBWCNphIo_SLgx_OG0w","1i8n5lXGrxSWyVSqO5_CWg","VHoz-_mf_jFQCINNkBMKSw","1CZDAB5Q9hhKfRBBFQgMsQ","79Kc3c-JS1ItqMt67uFhZw","TY-sEgfTdzNNLPx_lNx7kw","k2eR74OKSgQI0qn7TrGiYQ","FpB44ccQnPntnZQmWTTKDA","llsbSKHnzAUPByQwzOybIA","qcii7vyAMLleQKJB-7opbQ","ibfw2LUjalN25aZYDY6EuQ","HXOfPXPMvdXNpQ_l0RRjKw","pSXYs8bRwUf-6mAKNosPTg","ar4Hr2ynKgEbkxVYaFvSDA","gQOM_vcS_JpeCtwoGbov7A","qRZuYcJloeZfJo5TOlN1gg","ORyfrvdcc4_B6ZAbgm-U4A","y5MnxlKP-f1LgQh6ZD5b5A","r9BGu-9keDHaGsziFWRA_w","4q02ALXu_6i7-GWZAW9ctQ","tOMfTEKuz21M9bNPJMH9JQ","_Thnvw6dXtng4l1zp5N45w","lhcbjYRDp6PdMww8k09NjA","p2Bk2oTfpkn2qw_maW6qOQ","ydrDMxJUqD6aa9qfqx_hfg","eSQCuwGKu2AIwDULTd2bcg","5MKqkzDbludCpSqBlZU3Kg","NajMc4wmEPOLJHS09mR9hA","ob12ag0bF6XSTlS7gMn74g","gvOuN8PAUJHOfbO03dOgUA","HKkJl0t8Rz2dHnZNzOt1Mg","ETWM2ruinoK9f5LkQsl3GA","oJlnV8VcmvBhhU92K4a3aA","dbfQHwzZkE4NJh4ItdAF5Q","XjrLnxoD8_OC9nnKg5H2_Q","QftdnuKiWp7CJSSyyJbWNg","HJECayULRM-6xh2GCCvLiA","P1WhHlCTjcSziPi7hh4LFg","LChHjB-MN27GdqcojvX9rg","6tPXsiDVPbJhHpufXZye0g","XQERLfFxb4pejvKC4JlGbQ","T4dxp4bWuQJN6aNK5BVCyw","-8uVKhYv4IWG-j91-Tetvg","wuatG0M1pfAGYQBPPq7qNQ","lowGClGJQ0kLv9ANPCXyAw","D7hLpFC0-Pqk3h40QTQYug","PDaX81t8YDeDkgoc6Nz_8A","tbycp0aRhRsiAVYUAVR_uQ","Ymi6SLVPnCkSxUh6dcOq9Q","xSmJ4WZCxnLePHIM95ZhcQ","AEgYsg7EHi-Z6j8R3vd06w","Ww9IvgIEWvLhx5BtJkDtmA","CnDVmaSEW1yJE3K-kRmilw","FNN2v38cAZucLMxMmN83JQ","sz--yXyCbVgi56K3NGMw2Q","BjOyZ7iEDEonMJI5SNjnxw","FIKTMne1DsA3UsGQ1OoVwQ","REeDIo1TE7chHp01dR8EGw","ckG7-tdMfxiukdA4jEnE1Q","h7jpFoGLgBtCUHpSt6QOrA","ElZ2ELzuaSiVOX6d3XgKeQ","3Keg0Y4OulnrKfNo0YDPqg","XQsOfX0Xwk6C7aolDS7-Ww","fx6MOjbaWKY8m55-h_QobA","Z5wOZz3C3320jctooU0pRw","if3b1CBDBDJYnGo_hXtHDg","rm9RcLfR-PaJmmNewdWbyw","0klB3g0lrPvo9kZIScxm2g","ZONVheoNuMls2b_5qR9kYw","4_eq3eDFbl-cAE4zq89_8w","ozUu3MXBLsQinqUR_LxmLA","pnTiEaqM4slogpY97n9Kvg","uig9_3wZN5f4m4D8rJ33pg","NRGJ4IvauajqqCbhT640cw","TQANOs9Q5DpFJgE-BzPi_Q","QE-24QdfFuB4bW6lpj9p7w","1RRaKXM5WefQfmUwTccBfg","FZTkBavnUWVQRK3ULOxePQ","ytKOuE71gole3yjGSAWg5Q","8hIQn8wtmL4D_RJQwCOH9A","CoS9VbTzh74Hh7FSlAKKVA","7IV3JXTXufasWNSkDEdrcQ","g42wi9bOD_WAZsro7VW6rA","bf4JWlkcOf_UTwhAumrIJg","9d8QDQwHqc21y1Q1T1AdyQ","4Di45s4rzs-vlyKhGOdOvw","88B7qCVS2wSj8ECvDzQWzA","Nwb9CPnmRJFBzQsXkCq7-w","231WruJwGq6km5I8qskGBQ","HCn_c4OhIREcNNBi-5MD2w","mr45YVa6lreFboL_5vtp3Q","Sh-xb4xQqn0fZgHtBrVU4g","1cFXEQzE_Hj5U-snyugkmA","QiciohgD8N6vCty4vGL3pQ","aqx8yFj9-Ov07WYBjRmkpA","E4WRKikZzwXEqKDwUnI_zA","j6150ugYwTWK88qWe4rQvw","cLaibLFDnqtqW19jJSC9cg","rH5gRjmCTjo2v00WG9rWgw","7z97KgyMvlD2qNrX7io3Lw","fNctNz1-tfaMrb3PpIzCDQ","UhqJEHW2-rDvkWpDcfO6eg","qDTwrRBQiW8ls2Xd2kXY2g","xJafm7vGSkUI5ocgYkCWkA","Wt8Naat13FOHfl0yuJtM8g","GrQzEG9PlNx9DkgBvgWfaw","Ry0REo4iHIAdZv42csbxWQ","NkIKambntMDnWgi04DGHrw","_906LXcXYGZdipHhKY3E5g","MGPQVLsODMm9ZtYQW-g_OA","6M2QAjrg6Xf1Q3dC1w4JBw","kQ6qdyXSTbtKQ-SzF62Gqg","v-aBx941HE98f4A6Q_LQfQ","r5WO8TRsKL5N3A09JSsgRg","BGKNbF2hWsgoQ81quDGYrw","fqz6TBmIdWR8sQOOIyzB7g","EDTq1yzepMt3M2jrUhHfJg","8TucmAUPGtIQ1OBjQGHMvQ","58L4aDYuyKd67ooGEzch8g","lrgq-Gr-l8m0v5WEmVXP6g","krK3nPLQ27BdQ2q4mZm0HA","unAgGNEKJbk_6v5SK_CEmA","5JOP01e-jC-N3OrnevM7bA","nr35WjC-YI0dFcsnW33Szw","8ju4H1OS4dxDkmb7m_Lx2w","jxixpeTBbYPm_-qf5g5ShQ","JRomR-qNoMB9jWmyE0B3FA","QX_Z1_Z_mKr0uRCldSYFRA","BGXcSNofDE-nZPMVxTUmig","caICV2psm7OABEkikMx2vw","9brb3jp3oZVIlL5jt4ilCA","V12HIIwQU-dYEQZBxEQTPg","JWgti_adPZywG9SKUbnB-w","CK2b1Ej-pQFQdVL3A9l4JA","qPx9RNEXlgb-fBchLePj1w","jtSBiE8dLlfmzqQVhu1JfA","ajCBUlkRk7sdNqwIgvPh3Q","p42VAkW9IMkAKvegn_veIA","o5STsEtfvD1Ig0J7Z-1uxA","9P7hVVJxxVDWztRMBeOd_w","z2uwzhcM7QEEj7pBE4P70g","DGQEY6I7zNc85D51Nqp2uQ","A9OIMoVALcZo2qpNuFn4tA","cXFu9aLHrFNDVCCkOvR9pA","s3rSTX-L136K0QEQ8GpzzA","LUWbVukgLd7hGvQ3la4pgg","yTR-R5nbztFomebI8_k-1g","AeRuFuddgPh9pxmBVFIUaw","kQblyilW-V3k208BJg7mpQ","s_Gk1WmqkQkuj-VUpeQKUQ","sJfsabPADgNDoh6-mu2yfQ","hj7o_BPgj-HdLAxdKqdx-w","IJ8C5k-cZQ2n-M5__4WacA","cKpl-llJYTY1AdiVCMaK5Q","9gD9ECjyK8DdJS1_yA9SXw","VJddVu5LqKWPIMxLhwFFVQ","4Y81J2Tdq5XAnkeYmCZ2ow","4zTUqzgK7MMycdrhNDKIBQ","An48Wds7Q9CXhaftkaoajQ","krTXvpaRz5b6r_m3p4DpcQ","JgXK-xIW9n3xPf8SlDVkFw","WpuS4-OHZ62MMtEoJYm0og","M6xzMmBznU2e_aM3RWov_w","JfuMTwcrP6VCjSl6c2VWHQ","pSYjXb62QotWzt4RKt56pw","3ckX2hhMUlLpfbCrYcIqrQ","2owZgw5w6ZVcAqG1HtCooQ","VHdY6oG2JPVNjihWhOooAQ","MwpKd-2qHPVyqQBfXvsV_Q","xgYjHrgfof3t4ZFGPISQyA","l1kY2YqDziCRiq5zPNWCww","j1k3t8-U-KdtoMqbKGCWtA","xQLy_wpqrR3etSXt61OIIg","gOBemMfKRfpvJkz9OIw6aw","zN5rhWE2lBZ4VhENyltKCA","vy-hvYeOHFYxt0G7U62_gA","eUpa8KbwNSRIhKizZzPJMg","OOFugtIPzCPi5bC8Fs1fGQ","sNTwACdjA_0K0_dHIHoSzA","LfwTv-wuFuKsg5ghMnm7lg","_tZ1GPB_p6JGroUlBBtxSw","ddV22HDUxav7EfExcCc2wQ","sPZsiPsGidKv5Ut38UjJGg","JbthPvxL_bvShEENrcI62Q","qWYEuBZP7av55tewg3PXKg","IRm88a4SxiAA9nndsMC9lA","vfwdvioSRMDUkErC7GC6Mg","9M3gY85BdlzFidhQyA5o9A","dcEZuiCYQ6GdiPktU7mh6g","jL1TI1E0Yc0y-yQKCh307A","cFhrT_zH8Wr875ivgjphmQ","zmr4gUzWiaPeEhIfeKXOvA","xMSgEPvpd1VDAu3g4qmF9g","Gh6sagblKhuMpWUDWeQjNg","5tXRxr4T24Awl7vjyCvIcQ","IcdxwCBX6rNHwlcFJEVVtQ","0SD7SOeeIOZzr2NkFO6KQg","dTvm4p7AeBNn5gDiRKH_fQ","OeQrJAdRWWbFfuCS9ojhJQ","TH4JLryfCPmZTyYXa9tVaw","hdna1LpkEfSgvX4NHr27-Q","4LYFy4BZot6YrP3bKUsCTA","lYp818T-xh8Ss79To5Azhw","bsMGQruRQGgQZK4KA9Q4Aw","8kawqLZNpnkLR6oRmgLOpg","PPWgWNotqVgDwTOySVX9dw","A1YCqcUzPgTgfx9yIukAsw","RENDi6PaDTaVzJFMxb1IQw","8teQ4Zc9jpl_ffaPJUn6Ew","pi8R-Q2Zp91WDddAjMLYEg","rPZnJR3V4624GIKiX0ZZPg","RfZ9B2jmfUuqLK6T9f8KwQ","GVuU1qYR_pWFEVezVjm8hQ","Cn_ji9xHGa_kYee73_FqbQ","wbG0paj6ls5LtvSZFyDNkg","X3E8GL_SS2oF9flDuK_Jjg","FQpoNfMKbMXub-IUtsvohg","yh8_9Ix1wp9dekvyOZbilQ","SKMGhF_bG1KqDoaDKFlkXw","-wpzpqeFTfk6MdIHuluiAw","n2ohx5_VMXU4CQvUSMTUBQ","SdXxLZQQnQNUEL1rGMOQ6w","mUHJuirfyq3EsgNbhTkj2A","-MUlkZydqw3_-ODWuZR-KQ","XZLxoJN4QYVx9Q39EqToOw","oBqIYJTxaGph6N2rMqjuvQ","UvGIHEUSKchZVrlPlIOZ3w","OnfwPAs_mVdSAEigKMFHQw","v2IcLPGT0TSgPn27QIARRw","ZlnyOtJz1WtZ8SGozcW7CA","RBzuT_RHgKFwBaU_-AdnAg","M1UrTf3PH-st3Q6u8VovTQ","YOtooHxZAWcSbUa3I6ypqQ","ek-lSr8YVpu6jB9VooZn0A","BwfJx0BwTT34qhA0UOzgTw","L3D5k7jR3IfxTIoaIkuAVg","-exvXUUTiQeHhtvpzhKq7A","6XRavd6UBlIZb3vXyRBvJQ","eXeHQsl9EO_6HeIDpWnBrA","amOZ3X2BqzcAqBgIrimrMg","n5LRtlPApVppq_b3yFnRsA","wH9uvsG3a0xtWFia4LXfjw","VlSyK3poF3z7MHDGG6GFRA","2I41RHm295Jg_wL4k9YYbw","i_DR3vdE73nVm2GlMbGpGA","2ixkbOb8DeyLHBbeeIr68w","xFJ5Ja8y40CdMa1sfC4-gg","c8tOei4b8IQbQTKPJLjCNg","ebC_pH92K4uxyDenoXb5bg","C7U4DRKX-xUEhiiHHwz6Bg","MRAKItIEDkSBqVK486ezoA","MmQv7nXo3EKVW6ZbFBZ08A","UU1cJXk0dwKC3LX42nQJ2Q","BVHZ6w_YgA1lt8Rnq4NSCg","Do_IEx3JrHyngdtTJspP3w","3shnYp5XKNIAwFF_rq9QPQ","QkJnUkZlRnaoDUDScWqcSg","A2qUSL6eAy663lI8VNZHlQ","T0DSN7GepFql6tbfB8p8wA","7j7qRFmV3wLX85U37RW_0w","vSz3YG7WSBw8hIBblO6qpw","ke13bx3ZtL50z7bnEfPKQQ","tBeEt3o3ismz8fcQL9CosA","M-YbGq1rjZtak9-WftwB_g","_xVip6XWA1pz4FVwqyuToA","Yk7uDMZfOBFqMYe4rXg3fg","Y1IWQWJuv2iQVyNxggxfww","9gZDFVnT_IqpZE3YmVm4ng","JOAE1ipSF3z5g5mIUO3EiA","p3b-smCoDD4WgIF2upcIoQ","9jd9tD769-qkew6skPs0Uw","R-zH-BH_4Az7pPtlE31Z8Q","WxogLmy3rS6qUSpAHRaEkg","UdAqdpaC3U1ciaN9avLZBg","SwInS_CY5GiA11zMoN7rgw","WeHffRGwXVuqdQyOxsAg0Q","80gIzmRODibba8kodpabyA","UW9L6MIaSEzTQp6_WYFeDg","2kqE12U7QkAPQsm6P2KlDw","hhQYltnsqza-ovRYO1_3kg","Hzemrwh-jYnV52C2PSXqqg","r2q7xKBBo8xpt-mCz0lLbA","1Dj1VmFzA-t9fT8d4ExJAA","GSMBpnEny1cR12yPIwO0Dg","iqq1yl2u8D3Pe0PNTOU6hw","f1MFQxTZAWJnRQdrouLg_A","QqIDHcG_1MHfKKbt5zlQHA","NkCGqjHZUCobbZqosE1foA","Z0HlE-ZtDhHvKyW-hnvX2w","fBmM3e28lHyX0tSjeNTeaA","BXuxdO-lBL4tdg1-AthsaQ","nQAM59y5RCiqerT3thcr6g","eAQq7dUH0H9q1aAQ0pqJoA","IC1F4RoovhSGezeo76iHZw","YcmtCs2XKvWU0dv1L4tenw","q91tQNboB-0HWtM8cXRjdg","dBF5HTs9cMkeIa5YuLq7Ng","yiI7Puim7z2c-qjjn1hx_Q","Q58Dk9jLWLCr2m6Ip08T0w","3LC2sKfvz_nWuJquUDsNnw","uxgU5qcy3Gid6mLTXmv3Zg","WdoQnM-S8W3-IsU7a6CDDg","5Jocte6KJea-BJDrib6OMg","l1rG-X_xLHo47vB2JHvUpA","ITa3vh5ERI90G_WP4SmGUQ","49CsiwtKygjIUynd2M9mmw","CgaxrZFHnfdXT8goelBTaA","8C--X1eynBAAJConPadslg","zjjppP4BvQqwjTbAP-afiA","PWerrsk0iVcjCGsQ6Uuy6g","X_MXt8B_dHM_SretjREJdA","UAlZb-ZsAOL8MvEbcSUHSQ","nQXYM9GsNY-4nTppLn2ZJQ","BdQOW8Nm6YNk7bk1wvr2Cg","gIYc0brU5Q_XU8nW48i-eA","8mx2fc6KptFvg0zJbBKzBQ","rhR-Q0rhSnejw7DEWU8B2w","dYEHTYJeDJ4v8AUiExaVsw","GrUCjpll6wTlcEhjuabHTA","tAFMvCqZel6t6Fp5QdxD7w","KW-X4cQ2yBZYVUjFaAY04A","ceFHavITrot4UAW5DG54tA","1LaRWc3FYAnmoMZ3YbbA2A","tV5s-lA7pUVK0RFEp4l_kg","pzEuFubpJdTfg43VVxgarA","_YseBKw6tNJIeFhbAF6hcQ","nT3tLANzGy0a7DuB_GIQjA","Q_V26DE8HzWk9uRPO76gCQ","Kknb0J76rx-iydOx5fYIag","c1JsxS2619JTqynSrPSYMw","VA_bo6p06to6Ryg4MR03zQ","PIxxxF93cvg1zB5p7zpH-A","B97Divrotd16E0Dg023swQ","TyGt2KefXBnjVbibNFd5FA","61akKuBOmG9SZOu6exLVpg","a9J7Hjx-ZeSo6dApxMaIAw","xvO4MrUe2hl02vHrEbs6fw","Q6E66wyWs8OOC_KxDLT4MQ","gtRDVEXgOnLctwz2poRDKg","6Ph_x7aMz-HNQ9bPc0_x1A","m1TPR6MywycB9P0BTSV4dw","djxnI8Ux8ZYQJhiOQkrRhA","kzz4lKJl5b-Kqs6f_H7u3w","lG5HovcwqMEpeg4MvBZPDA","dxjehLpGgh08vby2BksV6g","BSRKX2Ar4TBIDIg4MLKlgQ","kaO_suAGxypqcd_98oBLMA","q1FV33_FTVFaGDkZBCFXYw","ZBUqJPDeiVcnLj87Lra7mg","y3HFVx8nbNmomSc-PWOy-g","A9TprJ2_3YlsvcHWzoXxlQ","PFhGejjJ-IHzM8XeZIXgIw","XMKMGhFRcYaiD_uVBFuuwQ","GbnbFgJ1tKHJpGQO_lrOEg","p77-dI5k764hEvPyn8kovg","lmxp3ZtAcU7afMm_JrSfww","hGB2k9KIlJIMdpJZbBGA_A","KoY4KGxev8gdg5qQpyDlZA","Lzd7FTvMOvfg9WmR4MoNxg","W7o-AY6Hpyb5WkgxwGH_Yw","uaWVtGQppAc9cLqbS59AsA","uFprr9y3iLNW3Ly3PQPIlA","ASXk5bqRBJc9onNuHgp1tg","JKzqdJ8Xe7uHHcQo5vthNA","NTsui_RzENp98CapflmlVw","lVt5isSVIDo93xlH2JX2bA","eTXbZu5vPgJ5Q5oX4KVgvg","BXMPFA2JWG6NIGsWom52Ew","1QWKAacs73fOf9XjzxKMyw","HRNysSGlkeq-Fjud0k0Y4Q","FE3Pu7Atw-yaio0m4OOImA","CJ_R2hEna4_PBwYoFig5Sg","RlUXygcLzo06jgeuBRdeuA","5hVHAGS6FzPDsA1MUen8uQ","YVmtbSLg2y60wQTMVJYhyg","lMY8NBPyzlPbbu-KBYfD9A","7QOEyYGH6j16FM1l74DPcQ","dRIWPEOOHV5q29Rivul_5Q","ePzNxf04T0j6iwkEhKyeGA","ag94xS5qVcMGVlyTT1STCQ","7BtjAGk6FiSB9MVqLEKf8w","1Sg3J5jh5YSOqmEKT0PC0w","0G-bcpdR48tfZy6koGUiTQ","JOd9BEaOuPRGEc5LOFB6MQ","M_UuEwc_HoqPhqgEzkjPrg","CH9VC7aLLsV8NFdaoU_uog","gfR80SvOyWL45S8vPMZxNw","HrlV34E7jyO1aOSsyMM3Hw","5dKToOB8XcZNnNHUXe63kA","wKmF01XhtgFj739gh1JATw","XkXhvRmzyKzTaqXcmfAsXA","i7ZmaeWhixSUa8wHj8ENeQ","k4qx0yGRfwjtnIYJDoiQfA","APxdkiMe1y0-qtqrucrrNQ","SpgyZXFEuP0b_1Xps9s_Bw","GFyA9ULGAeD-xZEPto2y7A","fEp-ZIHXXTjMr9QGmVPyGA","XmUoErm8KkfP_ti71nXgAg","PxadehQ0XF32hhTPWPH1jA","KT5sQKV0l9b8BsVHDFlSCA","nXsJ6Ge24xly-pNnLaJZEw","dXNPL5urWAtNh-qJo6TpaA","Ozp9AQ9EOaw3ZQnVE6TDFA","EeZ3-q92fbrstEj7tD8oww","1KnY1wr15WfEWIRLB9IS6g","WcraV_SWmWBvJsSZ81YRwQ","U7M_kYG86uivnYCN4bZroA","MhiT0fE6Tzdy_63Js7P9yQ","KFCWmHW6FSVRda2Rdl5jpQ","lW3kO-iC-uOnPVqBLhvTAQ","e9bVxMuG-1NIJWqT_pDEmQ","n5NatlzIpc17OOvAFqujHA","hCzMNVI91XwodmhwaXQccA","WKIW7tWyMq7_XN0V2ouo0A","DXhGSoLQiZ4dPpcWSZ7bzQ","XOKIGbp8aR9rvgLlXMwyTg","IKwsGotasR27FMY2eQ2gHg","qp-z1copnYQq7NPubYlNLw","G5BqF32PyIQ5IvplDvpKnA","FZNRzY6m67fhlnNE8XglTQ","lg1FP8Z18PTk1ncC_IELCA","r3Iu0aL-owZ9vjbnitTwpg","4xcRw1WU9kVopk6c5eZBJA","TutrJDdHioGXAzIRdCGpFA","9hUpn81zGwaYo9gBZG087A","B-11345ED_wgO6DaunDiNg","jbULtMOqc_TbxdHM3LIBNQ","qcAQ3JIcsHzO53I04Q5Gwg","F3BZi8gAJoIGXXe7HIOnXQ","LNPyE5X1K5B_flcTCH9StQ","9Whz5AGTTAXn1ID9SmbxHw","zfVOKLNPDAE3fSPxWuHa2A","LBGVtPFlxkzAWJPW5KhPNA","pou3BbKsIozfH50rxmnMew","AeR7fpKfgUvZEFrBlsohig","CIZGlEw-Bp0rmkP8M6yQ9Q","nh5BKSiKXGMKmfrGV0Upnw","-PTtMZYVawqKC6-vIds9lQ","kH-SI4ci8wtQGNdy9qe3Uw","Xo_94Abt0xtxiamUmuXKiA","g_mmJ0Qr4mtXEJWu4eM4yg","VQe3z2p05mu9ANXzBvCu6Q","61KaLPuWHwSi6i_eYX4-RQ","oNQI-ZQnalRlLyZxKkJ08A","zKY6NM9CxxWxcY5JJXUB7g","PkeDOqXbgEOkR-aKUHoQ_A","QBQt5BDgLWGrbQ2sw3Zq_A","pMf7ybLSBGrR7ABPzv2bag","LiFI9cP5RuZILMY22vBw9g","zcy3l7KSANXzrC5cy6D_sA","OAz3E4eLtZ9GQMTZ94ix3g","3h38QgaoxooCojoN6pZNUA","mQijey9ZuIiyR5NYaW6O7w","LIeHFcUB34pS5HqgY3FJ4A","fNewFhjkKNLCuIaAdssocg","dTe31ae7pQBc_T0MimsTwQ","K4P6uAL5DGoD6J8_eGbYxA","O30qv1WntSe7XkBNAgVkdg","TBOL12qyQsDsPKIHzjd8tw","GoeHBmVr2bb395Zb74vU_w","qI3uzegMdq3q3WxAajECGw","jvFYKmBB80FDql8euBtl4A","rof9DyrMxiWY1NyQHtjeDA","ZNIn9PC0sHumZ0r5PG8tLQ","YhjEUiSv64SOFlWM-8NS_g","d_bo2qlJzKQI7gKpznNX9w","ntsZSv8YmKQO6vIQ7QXXJQ","WR4C0U4EML6kzwWDGDsGdg","4uZGmMugoW0S3UOSmS6MSQ","fnGnUnPmlCj23qL7seFUVg","jt49xjEjQisu6wTTGn6B3A","BUB_t_Rvzs1yPEzZipkWjw","VmkA-95L4brIP1hLxEWa_w","8nVRuGchkSj6V_67NcqJUA","5GjnNPUGuNWaFph6YkWYeg","0UP6okN3XeCXaGQ4y7VCqw","k4kK2ctbZZLG1qH_llaYtA","cufhYFdyrUAt4SWe-m0grQ","DYqujEDnSMgwL7sFTRSv8w","eG9I8OaVHA7U-Z0fQAVz2A","nkN_do3fJ9xekchVC-v68A","ET8n-r7glWYqZhuR6GcdNw","IGW2D8DxXg2_10pW1U7K0A","TZ974xcbw2kqjYxAhDUYVg","S0c4QulNjuSr_toPuO7ANw","_O8yXAtCODPoKkO79lnYXw","aZdsBvIJR03Vm99mKYBiew","Q0FYL8z1o536PsyMG71k9g","boLGreuzOXfreFivRIsbPg","txozRJVRe2qzeozSW5wHMw","MkkdOeZYRm84bUQ4vu6O2A","9HGR8sU_zm15sI109H-SGQ","j7TibFVLV_ZlwP5Cq7edIQ","xDb03SHJIQUESzBzZJ3zRw","RJqSpP4P8LQohlZDb5-s0A","niuSuIKt6XCiTwh0hLbbUg","GOEayCskQQ4KqBIaW669Sw","yMiikE7cpVyVLDnJRClLfg","rSarkkY0J4YhUGf2EOHmuw","v_qQZj9ArxQMu-4YJWLMPA","J540qxsjiA2HP-Bs79UmWA","oFu61fiwKh6W_zgGjATfyw","4AWL_QjOluYiaSgV75bJbQ","U_w8ZMD26vnkeeS1sD7s4Q","zLQLIbLlD3SDdNzvrUqCGQ","rcU7ysY41qGppbw4pQgjqg","_1njVvV9RrEWvK5wXGVibQ","jw-Ry0E3TK7uIRgmmjfXjA","XMO9Ap04iKvngMeoHJ312A","2jCrH48LDG4c3ja4CLh0qg","sxBO5WwMsLzFvWbDpJEy6A","sexreU7gYqeILeCySPRRNQ","-2j0CsqJasPaeAxSMOjB7g","CiuZhF8WUmz2dAW4ojbvIg","kxvIkxF86z_n11ahhhPMsg","DzoRcS4R7ei92FlcuVH2KQ","SWREC3ShAnmRdwNc2BVtDw","Sm-gajexsbvXF5qUMArPMw","8967jLjZDBacMRNnc8b7XA","YhBHO2ANv-dCJtDkMSseXw","PPwnNgiFSXmo3ThvX77v9Q","4RptW32AaMcCzEArZjjitw","BYVqjQnvocJh77MQkPQnPA","jDurNpXgRxiHQNK8k0cTlQ","TWXIbQNt-LpISI3jcohhbA","uvRVutQ_Gu-OivL6ox0ouQ","n2pX5Ae8xCUi2_WlwcTkXQ","QEkgYrrUEPJJbiUCLqf0fg","srFZ0_Q7ktL5USL63yzrHQ","Ld_A9Z7sDxs6A1-ozRCCVw","VTQgr9QJWRMBgI3ovGOTvA","1phzsrzdfHi84bwxBCpu_A","dchmmHNEwa33iRWxWfVgdQ","sCNW2-Bvtdcbe1apYhyaAQ","uE0N6qvKnOvZLjH_hEHjxQ","B6_yLo5OIBcuuNCQHXhuqQ","P3JVUXhdCYIhrabbAmHB1A","Uvy7xw1PgbCNa46_5iS_Jw","dIIKEfOgo0KqUfGQvGikPg","Zpn9kOhojhcO_fS6PpMudw","AvC5XQAElcGAAn_Wr5auEg","UaDEWe0g5X3xzNSOS_2yIg","e0-fG69PTWEBXYj6wCAqTw","tSare97TlytkOT-I4FVhbA","TWkZAEsuxaidX4HOMRnRAQ","XPTWylut2jKDx2jCmMMjeQ","ejDNowFH7T8N7EfJZIPq6A","QRS7b5MzyE9oxFOXCLGSpw","s19c8t_yAmFrby90LjDk8g","NtiYjQvbwiSRYSWUrmneFg","SqGnmYzqIN6a97bJkcmw5g","4AXAeQicZMpkYcvAiWJXgQ","SxzIWHsw7CCKR4jE5TNonA","vy3VhAYOIMsrJCQ_vHMi_g","0GF5WVHC1WCoZ050n982RQ","nxWrhF_hyX0wwjrEkQX8uQ","9spAWfhsOPb20vsdsAQeuA","8ZLAklUl3vS9cnlwpv3v5g","l5gKUexmvu6RAFhxtimGFA","Tv3OHC-w1EgLC2-7ooVKag","YKHExpz5YH3EVXgPLDP-2g","I8FIQxZYs6n8L_SluQZB4g","aUD-iexG76_Bg09CefCTRA","gnj-8a1I1SKFqzQSfHxzow","rN4RItq4xONM-cjgSfbvDQ","TWhhzClV_TMiHuC4EPYv3g","WwxS1z6uwTxm5V5hoUB-Qw","fs8zup-cUxKYwH1q6nlNxg","57JBcf4--UteYs2SRr5vWQ","8g3FfkkOlVC4t7bxoKRrwQ","dlQePWQwcDPconG5b2E07g","jdNV7yIEwlGweC5VbLMczQ","Why_Rz_3M0ueSzdoAE3mQQ","EnchhymLYMqftCRjqvVWmw","_4m5MCsjQjOT-A9kaiVXEg","sMULhVcr9YeBDwY6vhBsvg","FahXU1Sh3otKR9AR4qsqPg","9beqN2L7kLp0TjGwa9YGAg","afnVc0Q4TVP0fS2PpWMNLQ","mhrMIkK4Ag8RaNiqHf0mFQ","2JSjkDvG3-xEgGw8oge_4A","MN6vTCeRKWU44M7xwhQc7w","jiK7fgyVb5E9WrStgsfC9g","GmYe7X1js7ArVjFWP6-sQA","bNfxTKOdzqv7bj4Du_5LZg","mKnSFJ2eUevejF72KSr9sg","LA48wksCqoFkFvsMIr0qGA","3mZrXEDBw4tZviWX0SDCoQ","CI2XxwZsIVyjEbarCkoaaQ","oDftpTXngPupJl4HuVX29g","4uJXindoZlYPawRRJp4LZQ","FKclATu5-fmK6lsAUuHp7w","mQZt2_yvTEhjUfVV974chA","l0jejmRcICSPYudZ8wEYmQ","ggR9bWkQiRhLXgVOkeTBzw","lLbTNsGBumni6S2PQ_elPg","PknZ4ckea5_M5Q1_Z2LXVQ","vlw5_DID8LnUnGzVc-jkEQ","WaM2y9KsXqKOSlYhK9EIcA","WoKCLSctS7G2547xKcED-Q","jwbcs_eQ2QznrOyMuqz1LQ","DuMVpdaFg-syYSFGD36pxw","fJ_qSZH_akvWzHUPMqab1g","4MVOsEviZF96rVi4jmZIyA","SdyaF3_mFMdCig_25qW7TQ","mkY1J2MQ3ZDR5QLgxPvvtA","1GYjggaqUELJcVjoXLXFvQ","Um2jYr4lze_oOXY0j9gDiA","jeNo5Kzdohk5KPJCx1OZrQ","cdNn5TNommdN6B0TL_zJQg","izoKblvdpxcDkoEPAKJ7GQ","oMNJOR5OB2AjgZikfb1Amw","h2hN3_GXP5Gv83Ii_3xaew","OgYi5x02MBukfxPNFe1ePg","HrBWniOb25P5wtDyl-hb4g","BaSgUnMXnxDc20NwFKNhNg","BjlsPdxSpEXLKdj5vU_Thg","ZpL6DHxg5dY0oHqghNtvWg","I56E92RKWGt8ECdpGVcURA","rNPCGwPivRPsasy5HsKOAA","yb3_gexBB11mUwPtQhoiEA","5JVY32_bmTBfIGpCCsnAfw","e0lV0WyRCYbYs9k6chh8YA","pufGgg3EuY_As7cu__pM1w","eKdEJMtXdLhom06KIIg3Lg","GYLIjGosx4F-ZUu7MEl8aw","1mqp1sWXZaB7-oQCQmRuhw","4njNJFDD2vmSx7AnL4mcGA","zzGUguWplnzgKfYxM5KWsg","M-2xY8GMuYs_sj3VYEVXRg","6ObFF8-uKnOAlXuSH4TlyQ","4vIHu7YI5W5LVU1t0hjOkg","938WPdlLyWdIKYO8dzvldg","a1cF0D4wG4h9QF37OEBdSw","u3ZPMVVEzneq8x856WksJQ","NLyNvJ9LGG0DFAvUph97wQ","nODk_1cOo7Y6ceMyPN1iZw","WtlcF7JTNF0NGar86Uqn2A","8Xv9DshnBy-dJL-38F1CpQ","vdiCh44bufPzAIHE8xdYkQ","R6-3KTxBU37RB5KQDNLJCA","8mP7FhDX2_TKtz3oNwJo9Q","CapjGj9mWWL6P_eQChu-5g","z_cTt8z1MNnCc70VjGt6Sg","hPJpzRL4MeFWX7UG32aJHA","2FEX7rhxCHT8WvaIJ1MU8g","ICwMfseYkrB0ZEK8tDUOHw","om5ZiponkpRqUNa3pVPiRg","fYt64LRjt5Hrd2D3kh550Q","fVVFJkumDAoPo_OUfZRh1g","1IU3px93DJUTV1p3QXFSGw","Mdkuwout__U_XQFuh30fuw","zvQ7B3KZuFOX7pYLsOxhpA","N8_qnYm7GTBsFznVXTW09g","MG59KNYk_u0IdhOBtIRgCw","N0ppkShmTM41rI_fC9ZSFg","VndwXBo9qSsUzYzNwC3H7w","m6RU5Ov4C1uMQRr3J0Fvfg","cUwPp_jghexX3SVagoRlQA","lYoUU3ByBIzDRU-c_0LX1A","gjhzKWsqCIrpEd9pevbKZw","vHc-UrI9yfL_pnnc6nJtyQ","jWBbEnIpsRKkqQikH4kRHg","tgeFUChlh7v8bZFVl2-hjQ","K4R9Mx7zZc5VbtrGFWOyJQ","Rl7LRgWJAcwX1LJ8RRojWQ","NC2hfg6p-gcRUWE5iqSSnw","GJbBBd2Ie7i1gnwPiyYRVQ","c8FOqDRhtL7q_YsQio6bog","A21q3ZenowJP27kOgnUsGQ","3tYijGZMgFnsfWLWvTjsMw","xDa5CIDUkNEaUjPNX1VcLA","IU86PZPgTDCFwJEuAg2j7g","5N1d8J9892c3On8FK9BFCw","UoK5TjnYBMbcs4tCcQwffA","Ve0LUwcrzxL7w0RYgY4Aaw","S7ikxymPVbJkRtbVjOPmcQ","ewPaaKu9xZlHhTklnBzNuA","rgSvA65McRv57TwBuEMA6Q","j-2_2MwuOIpLYeVLBjjdhQ","zzDI4qZYfzr7fhj9YHmrSw","4twAfDKToeuBKJuNZdLjiA","DGs17kMULJIam2_lcYXx9g","EQS7ik2h9-We-Na5vZlE5A","TFpLcrl9qVptIsoUrdLZAw","xAy56QBkdkiC7Bo2-d-zpg","NOPY1SSbug6bHnB3KJKAaA","h_G7UPcmSmzt6KW7h1icYQ","rSyYHLD4ZgbGgoUIT0IIZA","EpvT91A4rzF98xSsOdEK4g","SEG9RyI4udi6kOQBcVR3cA","vYwIDEWb7qCHopxjHAm8SQ","c7GMekr3HNT947UlT6IvyQ","O5S7S79mG-wcke6Q-GLmpQ","awP6uIbiTgTqEdhNhfCa9g","PWyqkKX2qpxg_0Z4I_lsEA","Y7wo-Fw4UAbP7lC9sr8y9Q","HKTpHrLTSdPDdZMjV6tLcA","a8dCY9haN_LRPuCqab0wOg","Yz77uNLKFzS9rlQYOgbQSg","aY1pbwrDLHHElTW-uU00_g","9AFhmlMesozq-sq2KFE-gw","wzw1iD40GSFoIZntz6k_Rg","wm61ALFiZ-7BCbX57evHPw","b-0Kk5zzCdJuU30xAVzZdQ","eujtZMdyJFxCbBoAZhcrEQ","qlC607Cyp0Mj91vDFvkp3Q","jFSypXsS0K-BcUEp1hIp3g","3bdxjtQpLIG6kFWRdGbgmQ","hcJzh-FFDEfYKGpyM0TpZA","U7sj7oS-rotdKQiwrWYeSw","SeZhHy_DfdCB89FiSoX0lA","FcVw4TicZhfTGtlGpuriWg","8LbHzV6Rh-6QOrD9j12TFg","H6ZjwRqHFzoRm6Mtz-k8DA","BrbiBvKaZjMPFg0mZBPcZQ","vHdgOsGEJyMGJJULp_jQ4w","50V3UxV1yeHnnXKQWKD0pA","OJMaLK34O32l39MqlIu28w","Gm_JQaYXmUdOjfC4wM7PTw","seJSSOP_uXM1E3dDIlGyuA","ik_TyxbFnMAu_BuhLKrmhQ","HNycc5PctOiR2PXb-TFCIQ","Pf7FI0OukC_CEcCz0ZxoUw","UsFrAWs6KVXM4AisihjBew","YDx_hrAjnVhtaJhbQY_XJg","HuEFLoxkJGSWRuGQGwFM1Q","45YYO1-S9XllKvmW_eS-hg","s6i8mNWx71wLDCq12NUotQ","FqNT4NXpauSXVzP9TXHkMg","vOyyDaJ2TL5x18ojmJ4jLw","FEx30vfMBV_OXvhVb5WM4g","09QcQYf_t1NEq_AkjJuABA","JS4FVqOWbfhonFnegx5cPA","Dsg3INxZtnxOIugsHZsBaA","LEwhqQp2ZE3A9AxVRKuTlA","UpKyMVk02grOEJDPPsbZjQ","PMAfpZUMF83jIc6xesYdbQ","R033brF9aS-pHGYLYdzgbQ","_SW65mmuHNhwXM7Q3mTh1g","I9PpxV1JrGATW-u3gew3Ew","lmM7OAC-ZRGJJu_ICXplfg","IZQ3nFHqAUoLKGcbub19vA","BXYtQvMrYmzwfLEt-OxOcQ","sTxe1p_ef910RbPCuNwCQQ","C5AFEkvhZMR6ZxROua4fBA","aHrC3wjlpfVOn4vUA3HAKg","bpgfLdp69PIjI83hIsAwog","qA6v-AeuzTGFPYtFUM7okw","INgocgXv94oeTuzyXtjpYw","92sdIE4JUZZptwhKtF_kkw","eg51uu7PBAzFJ85lZ8qahg","sQblfI5c5HBfbE8Nmf7Eqg","aR6rQMWqxMBVch13dGCnSg","qsq24JUh8HLDA3_n8yiN9g","TqV1SNqvGKwbZ_2aez2Y6g","oB04PLOjoK5gJgXNr8dSZQ","ThllkdTMj98q8ZMkqwf04g","dAdmWvykaBvtzHMaQTUomQ","0RmBe3_3nXLE6bGiC8FvGA","GHoG4X4FY8D8L563zzPX5w","rbZgyYEawUszQdOyN3b9qg","BtwlxeanMrqEEGeV72UxCA","2X2NL8R5jSxpqs8nya9Xlg","m6OZG66JPXVIZRkqm6reDg","9AOjoX8qqivKBDDtocp_8Q","SOegnrCTG9gPmrQMU6x82A","Slp2CsM93OBoTrbt6iPpvw","Vx_lag-D6Ew0oDInHd0lxg","9kihwxZJOPOhfsXpy51i0Q","ub9gpClegbi7u0QEa7499g","OlhH_-yyVWU6jj8H2TMSiQ","kPgNVSxXnhkyWBkqTcW45g","LMoK9BUP6Tgfc0AeDVbZHQ","4wp4XI9AxKNqJima-xahlg","NfU0zDaTMEQ4-X9dbQWd9A","rm92EiaA7h5lLbAK5dJKcw","NDfcFPPzHqvnCu9rEg2GfA","dJ8UNl_5pGiAp4IXou1owA","SFIFCanAYs8sOXfSHzaHxg","5oM7gXmeX7s6T1_KlL30yQ","ezJaJLup7OZ22DNH6OJSUw","64txTla3gWRXyKwqQQx7nA","L-D8A9Td8mKZvI1l5_nKvw","HPqUf52VIghgnFgqDDR1Xg","HM2OSV5x8n6xD-ZUWNoh3g","GdBYLFDfOIYpUuQodxq8wg","s3NDpuhzAfBvxkAi9CTCug","6-xqXMb_6F9JuzEGVblxSA","8KVYIRK2UA3ElGlo3b5zCg","Gppf1W0Bk9olxs1vplhmUg","y4-1jeScO-vcW8L4TSUK8w","wSByVbwME4MzgkJaFyfvNg","cTUIAR6lZDp91McnHz8RKw","AHRrG3T1gJpHvtpZ-K0G_g","4KYNUsdA-tPe-iKKudb0uQ","j-X0yZmat29Xzsfpzu3CSQ","1VdgEyIQmC_ke3JZsx65Zg","huotY5Wt1J0thFc4TiSpYg","EOqLQ1OK7BS5HeiOx6CKCw","z3WHx5PVY6BglO4d6Uo9Ww","iEy2zChmzGTdv9n0t_jEPw","YttDgOC9AlM4HcAlDsbB2A","UsXqCXRZwSCSw0AT7y1uBg","JK33W3CV9nzktfuIunB6Ag","UeEzEYOCSKUjHCTx7IvdvA","IEzBl-Xuw-SW6dDJ6ugMdQ","rBYkDNESKXorIlc5j_TSbg","4HwS2oCVQ1-f_kzHCv5X3A","Zb__aHu0FN7BaTA2PN8PHg","wbKfSZ8_6rpUUIH6ujfV2A","1zK6xNRe57roxDzdQ4BiUQ","aHiLmgQMMwZR0B49t8ek0w","PKG18YP59kZME43akNInDw","y4aEhXdfKAX8klEvOszSCA","6wkY6tallaEQ-QDOFqZJKg","vHfw2PjVdzkGIwDdVO2bmA","EEvUNWYcAKUF1S8WRSokhg","aZNpAiVrtw8vdMJNb_Q0-Q","bX1VHFVy5S23BtSxGxhHSw","gwlsDF0rvBH-xTQZXVsAQQ","BhXCPy-PK90Qqce3iEqpJA","HyUu4QHjVmPtGsKOGMfbbA","IYSP1bia4DH3mI2em4N53Q","fBJt9x6noY9oJYcpwRuy6w","UZc1YxxDs0wU23sD6GFWbQ","WPlsWSyxpEKbe7GHnnLfdw","4VEwIoJGGqOqTVR6CTiMLw","JUT0U3HTSB3kz9Wh7N0GqA","D7B0lPT6XRGYYSI89_Gq-Q","KX27C5QlXp4RQwtt75x3NA","KW-fOrjuJBJbyPfhlEtXBw","F1c0BqDVtKOoKRVMcQd9gA","tBZ8UAQFooesK_kst774ug","mFpbixN0lU98YHZcg7BIKQ","TguW5cQ97hCINkDphkrIAQ","R44RllbTjxq3rmAX5pUCAQ","6ggeN3VDT670UuaxtHyF7Q","hgw7i8neWKMaLQDrcf4N9Q","bPl7iZmAuPf2oh3R6XoRMQ","ePVeovi8D17zaTVKVrJQqw","Jn-SVa6sqsOKNoxUTzcWjQ","f7Emr9Q4H5r_jO_DW3QuIQ","UUqGHQFu2tQDGv5r3yJWPA","nYd2iyETcfA5-zN6vri1DA","aIJ-2R1q5G7oqzBSgK_Vvw","lelDy4-_26oYsnn6CPLpYQ","UkJkwWGYI1PjtTNAQdSWXQ","a6oIleQwNh6OVxFBXzcE8w","L4JkqKV7uxovk1L6OqSMsg","bf2Twxnea_9NhIs-2lvK8g","NWuFF7-HjYE9dvt_xGbEhw","RBZ_kMjowV0t6_nv2UKaDQ","LAsOaowycjpyCenm1IUi_g","6zORGD1TEeE76N5xzG5B5w","vtU9wb_0UHCEz4WOlHKLVQ","sW-CNHEKz3Qy1L8c1EkaOA","XfLvyx9J_W9yHVA6aCZGLQ","7wYasMhHVSzVYaoyLLdTqg","Q1IENmNc6bdDruACmhy4mg","sxhoJ3Y1zwU2BaomQEQ38w","gmko3jCpHWXkoKv40QJ9mw","AVVabHBrJf1PdyzBJ1gumg","R79SfvIlKsuWm-v7rVnc0g","5MCBLBxr10NLUKZ4AboAMg","3TBGr5EqFKmpVxGr5qGGyg","QC_g-og4viJ9gjK2pjJteg","JxaZjN-yOnREMqmPlC74dg","aHlGQLCu4i51jZ6bSLKG2g","peuxbSQwXed-81cSqL7Ykw","LRi2DFvZjvry-DiQkUeD2Q","oiunb9tMeRlR7GUg4mW7Rg","hsOWIDnkxL8Tak_5Y0Pukw","6CzDXsYJNXLLbmDAaES4tQ","FtTUcQhsOwSEUXGEiMidtg","potsoWPEkWWA4dDyFb6HSA","o_DHLGvHkcLklqTE-IMsuw","UlWDGR0QrBbdFsVY6ugocw","ysCBsXWPB-LAiewVS3jZfQ","OuEhLs_dhKjOZYKEhAWO9g","zPjptJqs3URQdX7FqR6K9g","hwmgnPeUW7Fg6g1esQPjKQ","OYP5NWTrgYwlmitb14bJkA","pDkhZ8g2zvc-AkQ9bEtg6g","GyCy_pAAMTsKdwFkWOCBEA","ffVnjaACTRzcZmsDXBD5HA","wMfUCRARcMbn3cqQnzOO2Q","SfNjy6u2_78XNVbDDMBo5A","ZPDj0KynzjbdC8KHR7TmPw","5-eLp0PdMxH_0uxqAVVK5A","pJyBGGNJRFGHdb3zDlDDrQ","GhigkiQr3lZBOkfLchOdGA","kS0J0v7cAKUmgfYIxPZEpw","CdnzcAR01V-L0JQK-2vGDw","hjc6ygyAEBv9hiQ0Jp85sA","kNgDFCQya0CGARUtZrhm4g","7cGBAP7X8zjSMj61K5aUPw","felo9eeFrNedkzx02Bh9Wg","jlXLXdWqx-KCsHLr9sE7Ow","-Vof3astF2mh_StFIPIicg","lcrcput-8GMw6St64LIr9Q","PKWLWj_ZBJQVTKXKyA0HmQ","UC2wocrN4m3N1A7dIj4ERw","C7Vo14RpRTG5Bc84l4q6DQ","Jnx8GE372nbzljZ5VqZcGA","yNE7_6V-78CZ2cnmjO5mIw","itw5t-iHS_gB-LjmHwx1MQ","9vACNKL4y4mK6rQLEMcuzA","bslnssb5O8XQnNZSY8YY6w","z43sbXTUSsFX8wR_1buAuA","TSEm1x9s2uHXnBSeA1yHSA","psqGxCybfPIOsuuMHyPn_Q","62SqKG1hQGNsYB2qCSMrKQ","Jy242ckdcQonw3IARbk2Ww","kvqV3D3CGW4T0GwUI6dZ4g","aR7F6JaHjsYW_j5Biih0rQ","_FbfXVLfo4rNM0id21TG5A","Ys9lRrMe8udSoj7adIKWOw","RkzQJ--bwZaanE8JPYmIWA","E99Mnqrqdx5FZ_17OiBBDg","1uYygtl6SRdAtj2NR7nV8Q","mU9pGm8AIvw3egu1TA76oA","E43QxgV87Ij6KxMCHcijKw","Mzx4xG-yeFhtiigsrXcK3A","-FTUBSOFcZuSWIlel8JhAw","3zxy3LVBV3ttxoYbY4rQ8A","idH0OzpRHWnOL8ALY855dg","hizGc5W1tBHPghM5YKCAtg","yJP-54fC6lpYXXl5X0JyJw","G74dirzGh8lnoTTgEV23KA","Q9lCkE8c-rc4tk-pfc5P1w","NozUVjNR1qMZuUS8zayuqw","XH_HmeW18yzear1KmdRzfg","S4iE7YWcVipmopm0mX8B_A","88q6XILHHatszjxxR8CGjA","igqBwgJEmTTue0I2FZCbTQ","jjhupnS_i7y6IUY_7l7x-A","d5WLqmTMvmL7-RmUDVKqqQ","Ka04Zm9hoy-vfYEzlRIcHw","fLMK5S1FOTjkUJigyeIO3w","_jTbU383CTdM48cnmZfStQ","RgDVC3ZUBqpEe6Y1kPhIpw","Y25mIDhLGejPhesctfEg1Q","1jYSeP_IgHR2gP8cxjQV_w","ohYnCSs6eTl7O6o3UySpgg","F73jTCeI1gE6HZfd3FWdRg","HcqYNrZoazQWgOQ86ObbYQ","fVoInJ-1ofo0c8d2EZzpFw","s4BgZ9tRRPKxjUcOJcyomA","2BACEPsx5rLBHw3kYVUCuQ","mW_jnHry3uBNYptr4jw9Ww","I6bi6DNlQgLH8_zO01dLMw","BGzavA_ddMr-jGmhArv7fg","TmZuV3C3OtzZXVUQUvuT-A","aHpoPWPEQovTAONXu8wQuw","Jo_wM7j-Rwx_XmR-084pzg","btwW4jGa1zFCBu5q5cCnEg","7fDqaGdUMccXQ4bnPwR6yg","sgW7KBn12BaIhqQ_mixb2Q","DgoZVmrGjEOxD4wn-s3Yog","LIvR3XdUX-7VFwICd7dYRw","VjA1teP4BA2y9ZNzfihr0w","NPzxQ8WGu96JaPQ6dmwIAg","ACUVZ4SiN0gni7dzVDm9EQ","X9iuhBkiRzXnjCiY6tH05A","5GCRxbF59G1ae38H7SdMOQ","4_YXHsStJdeo3w3C7crAkw","oViqR_-T0vtTx7B3NDOHRw","UL0ypgePQ3WQDjTpFJmSTQ","bet2WgQV67ckaSxKC_4tZA","WeVkkF5L39888IPPlRhNpg","pTrI7rwrUoGSHH650H2k6w","O0o0cdfk7F-N12BfsifGhA","QDzMM2YcB0LDLJVHDqrz3g","adtOywpRnG5-4mjQMQE1FA","ACP7CyxfItBr-MaRBbGs9Q","SEZVQUIxNukcowUAR14VUQ","CTM_0LS_wEwqUzROO14JUA","DXh8yxwZCg5Ckj5kmDvKXw","V-8fL-KJlcWRY2lxuiMfyA","RCXX__k3R2Zf1kzmTpopWA","FN5K3UCpGKxN8JMqR4jplw","aiB4t6R9rmYt7-Yx_TiQ8A","WSYK4dwUGbBz2ww_-raRJQ","dx29S5u8mDsdvzCKZj3AcA","qNunZbPEv2wb4uw3mRvvxg","WScf-tYsJghg5FTAR_9E0Q","a1JGbkPdEnVGiMOJch-0Rw","TVwy6QgBVYjnM-dE_c-uOQ","Hh8G8yOxTWTN3aAwstAByQ","_ZT02-b2iOxPVAVIuYs5gA","_SrOWiZ3k5nHH7EFZGvBTQ","0G-QF457q_0Z_jKqh6xWiA","vE53efZrzPlLLjYGtw5MOQ","sUbgF8kVzWAHOwNe_WLsSg","zFr_SDqLYXhV9croWIRwbw","0PkCxX5PeubHdkOLnvSVaA","s8nkbQAlrVPfg1u4anGKtw","6AKefJkxjEulK4TkmrLyEw","m2G3Az7rhKzOM6GmRLWU2Q","q3zGja1DWAr5X3FRzLLrrQ","wEE-YMx5pmSuagLtNxMPKA","lkb0LVeumz7wx5of6stDLA","QniQE5eWTNZPqCAswAwdTg","SbJ7iiOb6Sj3gaREn-JUZA","-XZOz3ViFET3IZFRGFoOpQ","pgqoh3R5RqP18Er-Ieo17g","hfCnrcq_iOIPD8Y26EAMsA"],"useful":5964,"funny":159,"cool":11572,"fans":90,"elite":["2016","2017","2014","2011","2010","2015"],"average_stars":3.43,"compliment_hot":62,"compliment_more":25,"compliment_profile":4,"compliment_cute":1,"compliment_list":2,"compliment_note":267,"compliment_plain":919,"compliment_cool":205,"compliment_funny":205,"compliment_writer":50,"compliment_photos":24,"type":"user"}}
