{"review_id":"lh1TvEzKCEI5ZTqxB8E0lA","user_id":"RxlquXE5y0GWKK_qOT1_lA","business_id":"1Os0g2rh6I50ZIXEZSaNkA","stars":2,"date":"2016-04-06","text":"Not a fan. The food is scant at best. The only thing keeping this place going is their rare drink specials, such as Sunday <mimosas>.","useful":0,"funny":0,"cool":0,"type":"review","restaurant":{"name":"DLUX","neighborhood":"Capitol","address":"117 Martin Luther King Jr Blvd","city":"Madison","state":"WI","postal_code":"53703","latitude":43.0735626221,"longitude":-89.3824691772,"stars":4.0,"review_count":324,"is_open":1,"attributes":["Alcohol: full_bar","Ambience: {'romantic': False, 'intimate': False, 'classy': False, 'hipster': False, 'divey': False, 'touristy': False, 'trendy': True, 'upscale': False, 'casual': False}","BikeParking: True","BusinessAcceptsCreditCards: True","BusinessParking: {'garage': True, 'street': True, 'validated': True, 'lot': True, 'valet': False}","Caters: True","CoatCheck: False","DogsAllowed: False","DriveThru: False","GoodForDancing: False","GoodForKids: False","GoodForMeal: {'dessert': False, 'latenight': False, 'lunch': False, 'dinner': True, 'breakfast': False, 'brunch': False}","HappyHour: True","HasTV: True","NoiseLevel: average","OutdoorSeating: True","RestaurantsAttire: casual","RestaurantsDelivery: False","RestaurantsGoodForGroups: True","RestaurantsPriceRange2: 2","RestaurantsReservations: False","RestaurantsTableService: True","RestaurantsTakeOut: True","Smoking: no","WheelchairAccessible: True","WiFi: free","BestNights: {'monday': False, 'tuesday': False, 'friday': True, 'wednesday': False, 'thursday': True, 'sunday': False, 'saturday': True}","Music: {'dj': False, 'background_music': False, 'no_music': False, 'karaoke': False, 'live': False, 'video': False, 'jukebox': False}"],"categories":["Cocktail Bars","Burgers","Restaurants","American (New)","Bars","Nightlife","Breakfast & Brunch"],"hours":["Monday 11:0-0:0","Tuesday 11:0-0:0","Wednesday 11:0-0:0","Thursday 11:0-2:0","Friday 11:0-2:0","Saturday 9:0-2:0","Sunday 9:0-0:0"],"type":"business"},"user":{"name":"Colin","review_count":23,"yelping_since":"2015-06-19","friends":["QeqTT_OIUNIFMC8r5YrECQ","nT06kt1LkuMlCYZoyNqZvQ","cOvrO3JPreaA-MavEVpd-g","5yqrWQS39M4w1Pujx6aeAg","iIbsiBKtQExr4DYJaUhRZQ","BPdcJpEzLp3N7BMM-s-zxw","IEZ5SjJvN992ubiDXCoekQ","DSwZFtPesQfhQI9BL-j9vg","B9oRP3Z0EPZy2gv2Ls3qfQ","PLewkpivnMHONoKUoI4SAg","cz6ts4nv0CjxsHurfg_MPg","yKeP3pGG0b54a8CCfBbtiA","UR6krz2-jWOpZ32efupXvQ","xAYvbCO4KNxFTUAOVHeLzQ","yEMY7KdUeeJv6dq4w8BKzA","ugvYg0uRXZg1kGksxIJzTg","pqYX-xkZG99rcEs3iPjAmw","szjplBTMGNOSC7M6KU0Vbw","Un35GNTi3dfDFFhABKq84w","0mrWNuTMngKMJbmUTFDWzA","rISm6wz6nIr900FF5psjRg","5c7mas-GQ0wif9IdDgLVjA","U6brcEUkuHk1snK9YyGwaQ","3ri8Yo5TYjy_YNNfE1OABw","ST7bFZcf_Sf3Mh9jhhKsJA","dRgrhpdzvAHXfEFvZ4Yw_A","r87ld4Fy5eaU0uFcNAyiiA","GtwTAwmpv_3ptP7IrL6Jsg","sId2xU4-OZi3lZ5_H0v4Mw","rMTlz4TJx4jnWh0FNqbklA","2qEP1BnNUrkkFY9HDasSvQ","gVpRaaVFzZ3HgLiUPpeBCw","Q7takeD0K8UPEBbAzBJGNg","J7HExcWb2FXniBiP4iXT9g","MSi0tnc2GGwpF3ATbURchQ","CRmzgqnCLTksL5WvJcmjMw","ziu7nwD74a0M89TcPjw2xQ","jEPaJF58Bl5VV-kqCJSuvQ","MCxWkKzKoS4DHYEVEhFIxw","CTB82yRhoNuaAlJNSseiMg","0yed5Art91qMa3qZrp1JXg","kxlbjRqba-KAV34FSbubww","rOJEoSTczutuwuKIPMg92Q","fQXt4OfAYYm_azTevtbTSw","p_e3uXAEJ4Tfvx4zrACIFQ","Xxg0Szh6KyHJo2WUDIDXHg","DefAwSorNe4Ez1Tivswmbw","naZCYmWkT5hdIz4jSg0nKA","QiRiFSwJ0_3vgdRlL1nMrA","YXsXh_w_g2SFK8omVkDGOA","_-7wYbkrarB0rLGy8GEFmg","Gu-N2KVA6E6mAckK4is-_Q","tk_-rMiW2VpynNrx2MFQmg","lG2IgoAa2frplJohiE9GcA","Z-m3QiqyWqgbKqUiqExPOA","ExjeXGqMyMyGDOcadMEA8Q","iJDRFqa7h2-iTEliGyo8ow","qUemmNL3OGRBAWPHlQLb4w","gAS0LZILhUaJqXTopRLYqw","gHDJyh2ZsTBaPLMjouLi3Q","Xr38xqzH8sIe258UgPvQmQ","tHtJoMyNSUFJhCX4VFrw1Q","jVI3dwrhjXnq2wDvy2GgAg","wDZxy-kjCbHNxcXiKXkBtA","4Mi7XBGAI6YwPvClxVJj4w","Ee2uM7QYXWZoRxmgw7m69Q","u6BK5oz7Muvq1Ag3He3cHg","q2diAYLERGQw40qj4Nhj0A","azliE3lyPblEAx81iAj3bw","h32lwEgLL3PILdK-VXltVw","taEqRVwsyWUqTsR0LrH9_g","gDUlaWeE0oSaT5HxnJCxew","ZufWMVO9rQRayqh02DS-JQ","lgJMeMIPgBzlKEVUyVfGjA","vBGnHwBa1sksIVD6DlfdgQ","2A5MXkQratMjc3oglTT1Nw","BoBBK1td1yjZ-83HtWZkeQ","fCJDGVYOc6uH1orAXiaMPA","5Bp6jZByHCaHTxcBUDLKSw","64OWVgWhLrEN3e1c42eEvw","-GopGbV-ABOSdiPWwh_CtQ","FFD3YWc_ENcPexKwOJeVQw","FkN7hDUgTI5W98dbCL5ymQ","tZnP5LrAFVORq86vuqNw4A","HWIGQMr8Qo5vJT_8WR2vlA","3J7YU__MzUp4xieFdlhigg","R-Sc0QMLwqK7EGH3FdmLlQ","qSt7nS4hFwboyjefbo-nLw","_YvZXl1vTCQzV1VLemjqgA","cOYSHglwMMVKTY1qfM3rTQ","tvGa0_ShDsEe6m2yOmp9tA","5H1tMyGscWIoC4Tj3kYFoA","X1BPLXuzEEySx0ZMfERe1w","QYLHB1vUdjtfB9jRLhqxpA","K9i-yBdm7J5AmR0VlvQlWA","RfnCyxML6d3r6166-O8XJg","Rlsvv04DaYLfDhcQ5WE1UA","5rH3JdVQKvUVX93cdEkR9A","wehs_b4PWcDM5PTN-nVlIw","GcV__MgpLP0bHRP71TLmnQ","rhIkUyCTgoBQdMuUCNgvPQ","bwd3EHlNzSkW6K2dGcO-2A","jvro_Ml40xDgUjhM5BlftQ","GalTnjmt9WN3ehMisEqWFA","S83FiR42xD0UqyQ_oN60cg","3AQezHmrOYUUfq674RG8DA","sId3SGbGXgldFOkC-YDlCQ","QIyR6YEiMQ1iCl7OpYDYWA","Yra_KOFWch6Aww0WpgIVEw","HD7sruSrhgRWbWlVq7Kc4g","uYok5-4HWnPNCCd7Su6v_g","zl-LqKy7snBF4LKmiVKmNA","qWeSPcAOylv7H6WwTXewBw","0ceOVVW8LpW1IecFLNfn5w","ZxVxX18mrN7Fg8qmzbBCsQ","T2cbfx5xkmkHxo52cbE-Bg","3iZAYvEMsCppdArIb5ikDw","qMVHfcVzCVKfW9RDaSM9ew","ldY728buVPkN9YHQ9rj0hg","LvDgEYiF-d9GuUYs6n5KDg","7-FJVwzqx4tQbAxFrS3rBg","DnX7D085tNp1oiE3X5mUCQ","KKjiGUXBWT2wtVROuzTJYg","D7ct5hN3k3RULEw0GE1oQA","yt11U3KH-mgmPq-zoTo2LA","Kp5R-cZt5-Sak5c_3XYhWA","2Ie5fhUapETvVvZuL8-gww","pBxea-XWEpCGAPbXCyEYqA","NI3ulIy3M95pVfF4DlAuaA","b5a7rJHKDa7_MTNmVA9u_Q","KFrAD9N1LihuuHePpUVHEA","-Cu0SlTQuFgiGHym46w0vA","iduxSG4qjMTOiv69-9PDog","QK3-6pe3gYJZYnoR-8Y1yg","dHkLT5XJ28jeE00DC6HJZg","z9H8wP8nqW7svXOCRytJWw","lrraUTe0E2qD2kWssvoh5g","4bMUQ-ouI3R1kvYeTcdl4w","AUsLHuqJ_RgYrbh_mpgUvw","bl2Fgov5kxM2u5aADJDr2w","ZUqPM7McpZtfzaAAdRXiiw","nC_GocL4MF1mYxvkjxmOmQ"],"useful":0,"funny":0,"cool":0,"fans":1,"elite":["None"],"average_stars":4.13,"compliment_hot":0,"compliment_more":0,"compliment_profile":0,"compliment_cute":0,"compliment_list":0,"compliment_note":0,"compliment_plain":0,"compliment_cool":0,"compliment_funny":0,"compliment_writer":0,"compliment_photos":0,"type":"user"}}
