{"review_id":"k1-MaQ3jif_wTPCTcR6anQ","user_id":"iwS4Ep4tAsJuB-bCqCrtug","business_id":"LYpujMCxfrHcSO_NA1BRQg","stars":2,"date":"2011-12-20","text":"<Apple wheat pancakes> were gritty and they used red delicious apples, which contrary to the name, are anything but delicious.  I make homemade <wheat pancakes> at home all the time and they are never gritty.  They need a new recipe, I think.  It is ok for breakfast, but nothing special.  For the price, there are better, but there are worse.","useful":0,"funny":0,"cool":0,"type":"review","restaurant":{"name":"Sunroom Cafe","neighborhood":"Capitol","address":"638 State St","city":"Madison","state":"WI","postal_code":"53703","latitude":43.075159,"longitude":-89.396178,"stars":3.5,"review_count":143,"is_open":1,"attributes":["Alcohol: full_bar","Ambience: {'romantic': False, 'intimate': False, 'classy': False, 'hipster': False, 'divey': False, 'touristy': False, 'trendy': False, 'upscale': False, 'casual': True}","BikeParking: True","BusinessAcceptsCreditCards: True","BusinessParking: {'garage': False, 'street': True, 'validated': False, 'lot': False, 'valet': False}","Caters: False","GoodForKids: True","GoodForMeal: {'dessert': False, 'latenight': False, 'lunch': False, 'dinner': False, 'breakfast': True, 'brunch': False}","HasTV: False","NoiseLevel: average","OutdoorSeating: False","RestaurantsAttire: casual","RestaurantsCounterService: True","RestaurantsDelivery: False","RestaurantsGoodForGroups: True","RestaurantsPriceRange2: 1","RestaurantsReservations: True","RestaurantsTableService: True","RestaurantsTakeOut: True","WheelchairAccessible: False","WiFi: free"],"categories":["Food","Breakfast & Brunch","Sandwiches","Coffee & Tea","Restaurants","Cafes","Salad"],"hours":["Monday 7:0-21:30","Tuesday 7:0-21:30","Wednesday 7:0-21:30","Thursday 7:0-21:30","Friday 7:0-21:30","Saturday 7:0-21:30","Sunday 9:0-21:0"],"type":"business"},"user":{"name":"Mica","review_count":92,"yelping_since":"2011-01-21","friends":["YB-wjUqa6BEtmdRZy2hzvQ","RDYGa2XiYpszGrNPEBLSRg","kjgUSakMqcF9MRUJg3ymbA","iRsOFYeDIX0Z-RZwJEO0Og","NRMlDBUoGJdgoXTUllZpuA","v_QD8DdVpzPXGS47YGdP2g","T5VC9R9QSgpKVdZfUP5yEQ","pKOVQu-pshxOq7USFqYL4g","E8aMJOdEevjC5-__cogV_Q","cGFLmJvd5KiDKIjUc6M0CQ","8TXmXhIG7aTfL3lpALrjvw","EXKDLuYoZUKUNNNYA7TlGQ","3tRdruQw_23KN2JWGTxIGQ","sf-yYP1z8xUQxeDynANIaw","3ifGF5eKfDsvpqPl_igwPQ","DDUT6jEI0yNKm6hV48cVHQ","74mXVYYeI7nWqz_3FJzwEQ","aAkgdSmtodnACuCUPsjOBA"],"useful":13,"funny":3,"cool":0,"fans":1,"elite":["None"],"average_stars":3.21,"compliment_hot":0,"compliment_more":0,"compliment_profile":0,"compliment_cute":0,"compliment_list":0,"compliment_note":2,"compliment_plain":1,"compliment_cool":0,"compliment_funny":0,"compliment_writer":2,"compliment_photos":0,"type":"user"}}
