{"review_id":"EgiOfYjGoqpDF0lget_LbA","user_id":"mXVLV9g_PQ0xUcJPAZrVgA","business_id":"YohEZMYpKrf-3fyPASKLew","stars":1,"date":"2011-07-24","text":"Food was good but watched two tables come after us and eat before us as our ticket \"was lost.\"  Go somewhere else; service sucks.","useful":2,"funny":3,"cool":0,"type":"review","restaurant":{"name":"Texas Roadhouse","neighborhood":"","address":"4841 Annamark Dr","city":"Madison","state":"WI","postal_code":"53704","latitude":43.133746,"longitude":-89.298753,"stars":3.0,"review_count":86,"is_open":1,"attributes":["Alcohol: full_bar","Ambience: {'romantic': False, 'intimate': False, 'classy': False, 'hipster': False, 'divey': False, 'touristy': False, 'trendy': False, 'upscale': False, 'casual': True}","BYOBCorkage: no","BikeParking: True","BusinessAcceptsCreditCards: True","BusinessParking: {'garage': False, 'street': True, 'validated': False, 'lot': True, 'valet': False}","Caters: True","DogsAllowed: False","GoodForKids: True","GoodForMeal: {'dessert': False, 'latenight': False, 'lunch': False, 'dinner': True, 'breakfast': False, 'brunch': False}","HasTV: True","NoiseLevel: loud","OutdoorSeating: False","RestaurantsAttire: casual","RestaurantsDelivery: False","RestaurantsGoodForGroups: True","RestaurantsPriceRange2: 2","RestaurantsReservations: False","RestaurantsTableService: True","RestaurantsTakeOut: True","WheelchairAccessible: True","WiFi: no"],"categories":["Steakhouses","Restaurants","American (Traditional)","Barbeque"],"hours":["Monday 16:0-22:0","Tuesday 16:0-22:0","Wednesday 16:0-22:0","Thursday 16:0-22:0","Friday 16:0-23:0","Saturday 11:0-23:0","Sunday 11:0-23:0"],"type":"business"},"user":{"name":"Peter","review_count":5,"yelping_since":"2011-07-24","friends":["jURuM1DCUt2n47vAbY6iQg","exSIQCs1Vbl7SgiIB_zlRg","ZOlXh45Ob6MkLevXnSC49Q","w2DWEYx1J6oQVtiRE7kc4g","J-GaeyVLaL2vsiO7w-63tg","UoGOS7UE01CW7NfS0vms-g","BBBGxJ1BPeLkH5S7BWXaNg","7w72MqW2ACUievHHk7CiZw","Q35FKg7vaLTC36bCODt4-w","AE1BkmD2vx_Endd_jsnNWg","Y5BiU4931xm632iuCTXpJw","QzJaCmRdznOePppfJ_4TzQ","AO3JlWzYeSV-c3omx8Wrhg","dO6RH8dpZx8zAS9XghI4eA","PWxm-hlU3GRfdTlOnLaLLw","w-M2ftqliK-puhnHvkEiwQ","0UfdHeYxBOKwwLZ53b55Ug","OqMX0bm_jruoIeuY52BH3A","bF8U8NhYnWONQkhrVH0hCA","C-T8c_5rUZi9oFtiIEg5nQ","xL3Uiwq26cQZPyu-9Es1cQ","BAAvOFqu0EIgSz3TAfpkyg","YYp10obOSIYNMI5L-c-c-A","cc3zm-X2WJNpm1PD8PUUaA"],"useful":0,"funny":0,"cool":0,"fans":0,"elite":["None"],"average_stars":4.0,"compliment_hot":0,"compliment_more":0,"compliment_profile":0,"compliment_cute":0,"compliment_list":0,"compliment_note":0,"compliment_plain":0,"compliment_cool":0,"compliment_funny":0,"compliment_writer":0,"compliment_photos":0,"type":"user"}}
