{"review_id":"Nh_x9gB4o1yWXZyeyMgitA","user_id":"3mwqzfJCBbYSi_0Tpc_Abg","business_id":"C37hwsGUHn_3-il0ypeY-Q","stars":4,"date":"2013-05-19","text":"This was the breakfast I wanted at Plaka Taverna.\n\nMickey's is a small, divey bar that always seems like it's filled with hipsters. My family was up this weekend for graduation, and I took them there for breakfast--a first for me.\n\nYes, a bar for breakfast. They apparently have awesome <Bloody(s)>, but due to my hangover from post-grad celebrating, I passed.\n\nI had the <eggs over easy>, with <toast> and <potatoes>, and a side of <bacon>. Without the <bacon>? $4.50. Bargain.\n\nEggs were cooked flawlessly, <toast> was wonderful (good <bread>, too!), and the <home fries> were outstanding--no hash/sliced ones like Plaka Taverna. <Coffee> was surprisingly good, too.\n\nWe all got a form of eggs, except for my brother, who got the <breakfast burrito>--it came with kickass salsa and the flavor combo in it (chorizo, eggs, cheese) was great.\n\nI'll definitely be back. Pics of the breakfast/brunch menu are posted. Delicious.","useful":3,"funny":1,"cool":2,"type":"review","restaurant":{"name":"Mickey's Tavern","neighborhood":"Williamson - Marquette","address":"1524 Williamson St","city":"Madison","state":"WI","postal_code":"53703","latitude":43.0878975,"longitude":-89.3587192,"stars":4.0,"review_count":169,"is_open":1,"attributes":["Alcohol: full_bar","Ambience: {'romantic': False, 'intimate': False, 'classy': False, 'hipster': True, 'divey': False, 'touristy': False, 'trendy': False, 'upscale': False, 'casual': True}","BestNights: {'monday': False, 'tuesday': False, 'friday': True, 'wednesday': False, 'thursday': True, 'sunday': False, 'saturday': True}","BikeParking: True","BusinessAcceptsCreditCards: False","BusinessParking: {'garage': False, 'street': True, 'validated': False, 'lot': False, 'valet': False}","Caters: False","CoatCheck: False","GoodForDancing: False","GoodForKids: False","GoodForMeal: {'dessert': False, 'latenight': False, 'lunch': False, 'dinner': True, 'breakfast': False, 'brunch': True}","HappyHour: True","HasTV: True","Music: {'dj': False, 'background_music': False, 'no_music': False, 'karaoke': False, 'live': True, 'video': False, 'jukebox': False}","NoiseLevel: loud","OutdoorSeating: True","RestaurantsAttire: casual","RestaurantsDelivery: False","RestaurantsGoodForGroups: True","RestaurantsPriceRange2: 1","RestaurantsReservations: False","RestaurantsTableService: True","RestaurantsTakeOut: True","Smoking: outdoor","WheelchairAccessible: False","WiFi: free"],"categories":["Nightlife","American (New)","Bars","Pubs","Sandwiches","Restaurants"],"hours":["Monday 11:30-2:0","Tuesday 11:30-2:0","Wednesday 11:30-2:0","Thursday 11:30-2:0","Friday 11:30-2:30","Saturday 9:0-2:30","Sunday 9:0-2:0"],"type":"business"},"user":{"name":"Dylan","review_count":289,"yelping_since":"2010-03-06","friends":["Ou8pUgyhcsiIIFCcePvP0Q","pl5WT81s-dUgWqEJnFJSRw","zlyzn27ly4YhivDVyJaxxA","71p7Qmz3PNjfrMqpAzgK3Q","ZE4-aASIemAEnqy198t1fw","8ZLAklUl3vS9cnlwpv3v5g","MUGp0tu-GwEMAsGJnZ4qLw","zeul4MqRtYWvybbDVD0efw","kKxYCD2jMX74hwSQcdbUvA","9dm2rj4sIb166HFHrqO9lA","s2jkj3jh7GM4CkSCsslJ6w","0e4W9b1elBKXDfi2zmxcrw","Bz8yiCnCO5auG-g0-HMFlg","f7OU-Qdx4RDl7uP1Dpj6VA","S-FCGqAPbuqLnuS-rRz3cQ","GA8uAfHF_ADX-DxlGcRTXw","nWdhQQisWyib9foWv6cerw","3EcZOj6Wj1LdGLnXA1JtMQ","9xGk2bt6jslptVTWfPKLHA","JXljvr4Usr1DAOn3VIOQ_w","Z4P3KGSlPcYzW6iXV_WBGw","uZaBJRfIQzx-n6ZQzaL42g","xlv8kfKEy5ljkEzhuYRNSw","DEGKtzBMkNTIP_tg9Vyffw","Zfbx8Tyh7kuWk3R0lCqGyQ","tEt7jgoSYnKMsjFVaPimuQ","V0c-AS2FFCeSaV-3JfG5vA","-gE_9VFWdorPo7zBeBrZjw","d_8v9kVWzvZ7bEJx9teIWQ","sil7epGnFTrdMSQ1Q2esPw","3jZ3a92Y6xyy17_2nAWzrg","_iTi1cWm9ZmvGPfoa58o_A","fM197RKKS_EuTDtBbzFMUA","WRTI9_z4Y_IRBfUcHR5eDQ","TWyvzuNyOY6P8qcCFoOZWw","ThQF4FPD2qEa75CC-8HgcQ","SsHTlMBJgMTvp7pVJuN0FA","_UrgR8x-enYzt-XgnjJ3wQ","Cd0UFbl2XdpDnPEJapCF5g","1uWt3rL2GJiptcflQa35Jg","3RiR5tB2k3jvXKpGvqKISw","Osq64qHMxoTk0Enlkw1XSQ","ZONVheoNuMls2b_5qR9kYw","ofeLGyYo5yACoVzahgExZg","r6WUdUw6MYnF37ytf1lumQ","OfNZllgNd_Nq-xTQsuT76Q","_RsUtTnDvTwWN4FzWJUbdA","141jd-Tt6--RIr9OcJOu5g","Mpv32Nr15_TqT-3OjWltog","-Cus770i5pweQ4-tUOeRwA","drsLhxMw7PXEi2oZE1w0PQ","46eFNqtoUq6PU3MrGecDuQ","6MPUkeofJEAbhpMS0JLv8w","AEgYsg7EHi-Z6j8R3vd06w","Hx0b_an7oeJmTH5lg1klKg","kzai-ypxgsVsm0XkzSBf_Q","4mDJjL6or5jeKJBxrUxTTw","cbR9N5K1ISdSBHs5v9eCJw","m733iYu6mB3VSMepWE18fQ","QdfFtp430K_-BP1GTPNnDg","qXwUmIDuqOFDNfo5GI3Pcg","8teQ4Zc9jpl_ffaPJUn6Ew","ISJ860z59OPGcuBbo-kjXg","HI5ETXuJ4kYyuZSdLZpixA","oqQwLR6DqCwVVNham_C4uQ","QNV1a0wSNndRxPs9K7CMXQ","Xjvkq4MYfckpLYyPT0LcgA","AtZ5hAERArUCN-9L6SnoPA","tA0p4J4SCQ9y87Duf3wCTg","fJ_qSZH_akvWzHUPMqab1g","B0KxQBYWIZdb5iw19sRxDw","IZx8zQQd0RcglN4DQKBsAQ","JKGfEkxAcUJW4eMOzwF4tg","sry6oy0V_Fm7k2yAHaiZgw","H5R7Ej_PMWCoikSVlyht4w","nVSt1GGIH-MngQ7ZZdyx-g","3LC2sKfvz_nWuJquUDsNnw","ITa3vh5ERI90G_WP4SmGUQ","b-GcsOFZMcI6UdNWuUgd_Q","SDLGl2CyZb07TmJ_CFs4Pw","xmSUMRL-J1l7_8t40OkqAA","uAYbCFnouADqW3Jl9kq1_Q","HSO6KFf4gY7_2dxJF5v0iw","SXxO9vVjd4_u-khNpPUMYg","akcvgkCQMRifXuJPNUZEvg","wyLchF6GQQOC8qezwdaBdg","SYaAl8ra3rZnQ3lrDzIcYg","9pli_8SFh4iw7-IKVqM-2w","z8lMo15rRM1-TxUzCrIujg","wxkowPzE1JTKC5Uj0cYKfA","a9pwBUc-2_OimEPMdOCiWw","cknHdg6R1HnKEzJHZlvcqw","IHq0dbteI8U6lhocpjBdZQ","GmYe7X1js7ArVjFWP6-sQA","lpCdLB_MejmS_OILDy7shQ","FW0ZADPcM1Q9oJnpWkj-DA","ApYR7bhBRP6gsDMA_fCFLw","ZvjReKRQ_Q3Lu2suRe1z1Q","_B8XHJDMQ9xsbD2fjX--CQ","ikXlItP8EC_UBZMxZPG9-A","t8g9juWo_AmeYyiSsIVoGw","QxirJzUqvYJ7l0pMQu4vXw","7GcwPaWYl4h9E20Y8XH-Yw","BpYSAPmI65C24ySzKQjwgw","RAdP9qdLwOKQdEZ9Gevzjg","qV6StuveRGCHRQwM8tB58w","FKclATu5-fmK6lsAUuHp7w","ZrW6MCytmafkuIHXDpFvyA","I2OXWsGgBpmSAgeU43nuDQ","fdNLSQ7vLYgDNAVbts3qZQ","c78V-rj8NQcQjOI8KP3UEA","llsbSKHnzAUPByQwzOybIA","w7r_DNMEVxC5AWOMNUg_Cg","Q_sr-Ew9YH-v3iqoQ2uQoQ","LRzgwZiWyFhT4NMDDZ2lhQ","3nbc3dCj8auL8aeDBzUW9Q","erjVALBKfJskSmJOUbEIgw","EJKLEO_fUZzy4qPvViXfCQ","FWRwckNSS9Uc4FLfpDPlMA","WY-19vyCKLY9B2TaULQ8iQ","84TzxwmLH-oVRrn4tmh4aA","AJ7OBUjRaf0FZDq7VFxNTA","G5eGWrCqY47WAP8W96OvnQ","aBhah_XLYBMFN2GYyjXshA","YxYKsomyMyuf9s6VFPp4nA","y4t6SmJib0g0VWP4donhzw","vfNdmTV96Y1tnJhNi8pOtg","gccPwkffxsBYuYhXbohVjA","6rKtdosDQUptMW3dxHHviQ","piFYSS_50cidRJIRKQqRfA","5zedlY3ie4YFTD5uGZXPsg","zTipKKlH79EcKpeTIDZBzQ","a8JpQqcxE5caTAthl1JNDg","5BJZI4x50ni34pbHrPOlDA","6--wberg4DYU3uHtgUuvYw","owzBcO1mCgfvnGvfxCQMSQ","tn--2U3T_GXuQjD0wWWXqQ","bAG7y3qbpTv3hzIpx4Wf2g","fFwyRTucLLaTyeC67OBIrA","lSs3o8uSHWIRemnu5BwNQA","5NCKuC2ESkDQIsy1gc-dlg","cS1a7zkimFq2uicxhAuWKg","z3WHx5PVY6BglO4d6Uo9Ww","cceP469ZdQVMD73zkG21FA","qf8JscpKFj8jxlruvPOIqA","INgocgXv94oeTuzyXtjpYw","vaVZfcnRo0xD_n-Q2AEScw","MhJQflV4oLT9Wd2YoV0lKA","SsNeBcLG2f300FPETjN6DQ","AHRrG3T1gJpHvtpZ-K0G_g","JK33W3CV9nzktfuIunB6Ag","UsXqCXRZwSCSw0AT7y1uBg","Z4cqg3ffAsL1-aiFRhQj8A","LN8UIlDrmg5uSSpX3lo2-w","7I9Ljig2gHW7KQDb0aRx7A","6pAjbZGuADJxCEBw7p-rwg","VxjNVdC63EeSj2YIA9JH0Q","xLSTszQHVefHmgVKD0hStg","NRMlDBUoGJdgoXTUllZpuA","ajyhRnJItVVyU3E9DiD-hA","TqKg5XonFWPAacSLpUNIVQ","vzPr5wBV9BqT-u9GF86Xjw","6S5rClH6VQuDvSnw9NluTg","w320PsZqodHvu8eGIDEcBA","JUT0U3HTSB3kz9Wh7N0GqA","UPXAqDpJ9qpuRaB8S25VIg","SNEqMjlzT14cHFJZpARq4Q","yoB9CzMKBlGyFhg0kg7dvw","tX0r-C9BaHYEolRUfufTsQ","HinDd1e2Kkv0cQa4O8sMHQ","nT3tLANzGy0a7DuB_GIQjA","sVj8-i4cU6ZG5-fAvZY4VA","0hnntedtUcl711f3YkkBBw","3S7cA5U-pGl1mC_9J0nTcw","7JpPvfDAE_14vA1xgFOFjw","my6eQZaumNlr4C90WNfvkw","XGQUZrrPlfL54dakGjgssQ","B7-40GbPOjJrAbGbSFh5SQ","WJoHYdDLUx2egPJ2r0CWjw","FIPFLCtlGkaO3qTAbeFq8Q","iLjMdZi0Tm7DQxX1C1_2dg","ZVeayg14vwbQDKS6-qHYvA","wwHmgieZeed1SY3iI2DAag","oPTb71oGPZq-wOGIWLKnWw","neuW2w4TWAj6nuuQoGyl8Q","cDhs0eRMGtVVXzr5eiGiIQ","ysCBsXWPB-LAiewVS3jZfQ","frbvNmCB5_Y8mxKE3RctLQ","hDg0TI60-cKUTSeLJWR-7g","7RunFmTqC08Nb9qVTDnjDA","adtOywpRnG5-4mjQMQE1FA","4RzdojCzvJhHxyXGi7S8Mg","lbX2rgY1w7lqU8tDaz-3aA","Gr17h3JDn7wWQo40kJKaGQ","k2nMV8BnG8qjPkaRnmVnMw","rg30WnelnsaDka88wGobCg","mkQz8aihI1V19sYH8JQy-A","AtcQIIKEavRjB0AbL6kj8A","lQx_4_UhVrPpFgS45phtng","f7Emr9Q4H5r_jO_DW3QuIQ","C1IAYGkz-dgKkaXJRNzpKQ","UVmwu6mHwb5gZxGPhFVknw","5ePUawybJbDPiGKSxCcNkw","dZNw3fnZQflkQXfC0WElmQ","Sb4aEQHKeVLxHnQpKdETGw","ftdc7cFdBdN9agj5dtdqfw","iD7HFt90AyDEAIBVPg93og","CM8yTmvoIVlAnqvHsHlaIQ","VPhcoGcBfrDDtThkX7UzlA","2m2gGXo9NtKRiTuqvbZf2A","GonEebPr9bHSDLeskzlbgA","cy1ikQMm1w3YCgl-Cy2dYA","gFyrg3jAkfwliqQMcogLEg","iVwEM4OqJVB5qnkFy6gVZg","9dTxCGLafmGLekzRA1rEjg","sFjHSF_ZZawiJKS4XF6FgQ","JsiyL9oDEU1bWktnXwiQTg","wEE-YMx5pmSuagLtNxMPKA","jAG7lP7yMYx5U2jD1VxLVg","hyJusnslNlSLflrThs-54w","IwoMw3wF441viAex0PGQcQ","aYz8kFZ4G1Oz3md3_gtYBg","p9-nguNToNCFcj4JtypBWg","sgmZPA3oyLTQLpKF1IEJ7w","0FWSkLxbSPT4S7fVqjrpuw","wFHNR2uU6VfPQ-oVAUZ0aA","gTtILS2Fs40qq1vDB8hNTw","78c_llOEjlJ5lW35bL137w","iGrW3Of64NjhmbWTJ-CzuQ","P5jw8VdVSFb1oWY9UyqcWA"],"useful":63,"funny":66,"cool":50,"fans":28,"elite":["2013","2012","2017","2016","2014","2015"],"average_stars":3.67,"compliment_hot":29,"compliment_more":1,"compliment_profile":3,"compliment_cute":1,"compliment_list":1,"compliment_note":27,"compliment_plain":29,"compliment_cool":45,"compliment_funny":45,"compliment_writer":44,"compliment_photos":2,"type":"user"}}
