{"review_id":"WXDtl4AkYcDxq4qgk8Mmfg","user_id":"EqNjsb6QcSvt801RzAgu8w","business_id":"IpLvJEjb4AN8eWq5NE2TVA","stars":5,"date":"2015-08-16","text":"Love the <Mac n cheese>. Ask to have it baked, makes it even better! The food and atmosphere hVe changed over the years but I've had a good experience the last several times I've eaten here. The wait for a table on a Friday night isn't so unreasonable anymore now that there are other places to eat around the mall.\nAlways like the <beer> selection and order a two-pull.","useful":0,"funny":0,"cool":0,"type":"review","restaurant":{"name":"Granite City Food & Brewery","neighborhood":"","address":"72 West Towne Mall","city":"Madison","state":"WI","postal_code":"53719","latitude":43.0562949363,"longitude":-89.5050414709,"stars":3.5,"review_count":118,"is_open":1,"attributes":["Alcohol: full_bar","Ambience: {'romantic': False, 'intimate': False, 'classy': False, 'hipster': False, 'divey': False, 'touristy': False, 'trendy': False, 'upscale': False, 'casual': True}","BikeParking: True","BusinessAcceptsCreditCards: True","BusinessParking: {'garage': False, 'street': False, 'validated': False, 'lot': True, 'valet': False}","Caters: True","GoodForKids: True","GoodForMeal: {'dessert': False, 'latenight': False, 'lunch': False, 'dinner': True, 'breakfast': False, 'brunch': True}","HasTV: True","NoiseLevel: average","OutdoorSeating: True","RestaurantsAttire: casual","RestaurantsDelivery: False","RestaurantsGoodForGroups: True","RestaurantsPriceRange2: 2","RestaurantsReservations: True","RestaurantsTableService: True","RestaurantsTakeOut: True","WheelchairAccessible: True","WiFi: free"],"categories":["Restaurants","Food","Bars","American (Traditional)","Burgers","Breweries","Nightlife","American (New)"],"hours":["Monday 11:0-0:0","Tuesday 11:0-0:0","Wednesday 11:0-0:0","Thursday 11:0-0:0","Friday 11:0-13:0","Saturday 11:0-1:0","Sunday 9:0-22:0"],"type":"business"},"user":{"name":"Diana","review_count":24,"yelping_since":"2015-07-04","friends":["oSV4TjfPvFmL7ej3U82tKg","zOekb5BnurA16lIuooEQFw","PovqoDNWz25hOnEmvMoF_A","rho2e3w6ztQ8XNead79UZw","LdUDQ9QCnMHsn1nGDk16UA","wI2PY84q9MLGLdTaR9TySA","7yx90WiUC0nyFMcBkjX2-g","spg5PYYkpVqAeaH-sneY5w","FxFtBnxwNekoe1HwJAMi1w","_VWpp7qBwJTAEwc4U2QX8Q","C4z7YvEuMWQcYwDXOGfwDA","MdF9oCoqqXUR7FJgBzmOBw","JIX3jwc1ftn5ar2vLo7HWQ","a7W5oGjwo8nhH9XSV6y11w","shhJPWvxx8ohUy3Trrk9tA","MDk0jsXGwuU-bAn4KTqjUQ","2L8z3uVsLfj8Pecz13UWWQ","Whz75eOGKeNMe8Rj6n8hDA"],"useful":1,"funny":0,"cool":0,"fans":0,"elite":["None"],"average_stars":4.38,"compliment_hot":2,"compliment_more":0,"compliment_profile":0,"compliment_cute":0,"compliment_list":0,"compliment_note":3,"compliment_plain":0,"compliment_cool":0,"compliment_funny":0,"compliment_writer":0,"compliment_photos":0,"type":"user"}}
