{"review_id":"tw_3XI_nA0Xfvin1u3KIsA","user_id":"JKzqdJ8Xe7uHHcQo5vthNA","business_id":"eJYvivWUp4Hdc9Tc8SaZPA","stars":4,"date":"2011-06-18","text":"I've never been in here before- from the outside it looked super bright and obnoxious, but no! It's in a nice, cozy basement. The wooden bar and decor were super mellow and the place was dimly lit. I had a few different <Ethiopian beers> (there are four different bottles of it on the menu), the <plantains> and the <coconut curry chicken>. We chose the <spongy bread> instead of <rice>, and it was a good decision. That <bread> was soft and subtly flavored- perfect for wiping up sauce. Everything was very tasty. Now that I know it's there and not lit with flourescents, I will have to go back and try all of the other dishes.","useful":0,"funny":0,"cool":0,"type":"review","restaurant":{"name":"Buraka Restaurant","neighborhood":"Capitol","address":"543 State St","city":"Madison","state":"WI","postal_code":"53703","latitude":43.0748002,"longitude":-89.3952993,"stars":3.5,"review_count":79,"is_open":0,"attributes":["Alcohol: full_bar","Ambience: {'romantic': False, 'intimate': False, 'classy': False, 'hipster': False, 'divey': False, 'touristy': False, 'trendy': False, 'upscale': False, 'casual': True}","BusinessAcceptsCreditCards: True","BusinessParking: {'garage': True, 'street': False, 'validated': False, 'lot': False, 'valet': False}","DogsAllowed: False","GoodForKids: True","GoodForMeal: {'dessert': False, 'latenight': False, 'lunch': False, 'dinner': True, 'breakfast': False, 'brunch': False}","NoiseLevel: quiet","OutdoorSeating: True","RestaurantsAttire: casual","RestaurantsDelivery: False","RestaurantsGoodForGroups: True","RestaurantsPriceRange2: 2","RestaurantsReservations: True","RestaurantsTableService: True","RestaurantsTakeOut: True","WheelchairAccessible: False","WiFi: free","HasTV: True"],"categories":["Restaurants","Vegan","Ethiopian","African"],"hours":["Monday 11:0-22:0","Tuesday 11:0-22:0","Wednesday 11:0-22:0","Thursday 11:0-22:0","Friday 11:0-23:0","Saturday 11:0-23:0","Sunday 11:0-21:0"],"type":"business"},"user":{"name":"Mzz. Julia","review_count":192,"yelping_since":"2008-10-02","friends":["1eVSM6naSQ4XHczg-NnTtw","3Yw2Y0ZbUvfjsrivTx_ovg","mTajwt1YFvMpPJn5T9B9sQ","g0jprAVl5-CtqzOuyeZkPA","EXLFF7M-DprDtE9PIwX_wQ","uf1UdKswKWOqFLUvRvvbzA","GrUCjpll6wTlcEhjuabHTA","3S7cA5U-pGl1mC_9J0nTcw","vbgOhIK6LeuM4pqLcMe9pw","UkCKpbtAp0odLmMNXz6M-Q","3L7nHnaeSHSdZXzV_vdvAQ","AEgYsg7EHi-Z6j8R3vd06w","eiiXoxbl2nzTy3VTsOd-Qw","ZONVheoNuMls2b_5qR9kYw","fqz6TBmIdWR8sQOOIyzB7g","zL8vkB1VUqd3WkokBcI7FA","jzeLNZ06FmQY_HqlWEk_9w","mSw98n1gt8bCmSs0fznfQg","CqH3DBzcNnn--yiReIK7UQ","YSRl0EzhAwk3SM3kTrUWvQ","p5sS-94YO0nbDgMzw7iX2w","ISJ860z59OPGcuBbo-kjXg","GVuU1qYR_pWFEVezVjm8hQ","mUHJuirfyq3EsgNbhTkj2A","YSb8JRyI75M8FkbYWLH4UA","3LC2sKfvz_nWuJquUDsNnw","wd3xoNaDLib8dhQ7BxUl6g","CLBhU0yc2OPoJTRRSdqN8Q","cEiIDFuQrC12JQ7umg9Itw","M_9NYWVaRJ6GEil1CfwYmQ","zGZQVnnYe8K7A8JMzmNpHQ","5WuM15S_fdmH35SeOSWXbQ","EKjpxH__JX8Y2dqhtcUksQ","17nn1hm0W-yUbHOg43XrnA","JrfE-SjEW0R2f2YkeSGo7g","XPTWylut2jKDx2jCmMMjeQ","8ZLAklUl3vS9cnlwpv3v5g","jwbcs_eQ2QznrOyMuqz1LQ","IdMn1KtEFQHYMdTPtF8m_g","cGzO_www6fK1oW9ytxgwfA","R6-3KTxBU37RB5KQDNLJCA","5ClP4O44_kVWBC7deuE3jw","NNRvNVy6a-AmMIR1a-m20Q","z7FVzCeDCNhCq54ADYqPUQ","vO1a12SLh9EgKLnEw9vkcg","kbuYe00pzpZ_bjAp6Mredw","BS3qOK1iRLcWtoV9KnwyXg","vOyyDaJ2TL5x18ojmJ4jLw","I6SMjJFYw-yg9ca52px0LQ","cTUIAR6lZDp91McnHz8RKw","JUT0U3HTSB3kz9Wh7N0GqA","f7Emr9Q4H5r_jO_DW3QuIQ","2BAjdM3e7w-Su9lKcDpmpQ","v0gdjHeyMCS4KJ8GfO14AA","1lMU2hQKtPzYUxSuUH3q8g","r-zUIQPaHzvIyL93wQaoiQ","yJP-54fC6lpYXXl5X0JyJw","-53-L-G6RvZbSDZ5qbYI9Q"],"useful":2762,"funny":525,"cool":673,"fans":18,"elite":["None"],"average_stars":3.14,"compliment_hot":2,"compliment_more":3,"compliment_profile":1,"compliment_cute":2,"compliment_list":2,"compliment_note":18,"compliment_plain":17,"compliment_cool":20,"compliment_funny":20,"compliment_writer":9,"compliment_photos":3,"type":"user"}}
