{"review_id":"X-hgqqIdHCna7WayZf5M2w","user_id":"acsbJd7Woyq1LZ0ciYpDQg","business_id":"PPMBRhovY0dNHCHFzk7pAw","stars":2,"date":"2015-09-27","text":"This really is a great restaurant with good menu choices.  The host was very disorganized and quiet.  If you need to wait for a table make sure you park yourself right next to the hostess and keep checking for your place in line.  Did not go out of her way at all to be helpful or heard.  Good is excellent.","useful":0,"funny":0,"cool":0,"type":"review","restaurant":{"name":"The Egg & I","neighborhood":"","address":"2501 W Beltline Hwy, Ste 111","city":"Madison","state":"WI","postal_code":"53713","latitude":43.0344735,"longitude":-89.4209198,"stars":3.0,"review_count":82,"is_open":1,"attributes":["Alcohol: none","Ambience: {'romantic': False, 'intimate': False, 'classy': False, 'hipster': False, 'divey': False, 'touristy': False, 'trendy': False, 'upscale': False, 'casual': True}","BikeParking: True","BusinessAcceptsCreditCards: True","BusinessParking: {'garage': False, 'street': False, 'validated': False, 'lot': True, 'valet': False}","Caters: True","GoodForKids: True","GoodForMeal: {'dessert': False, 'latenight': False, 'lunch': False, 'dinner': False, 'breakfast': True, 'brunch': True}","HasTV: False","NoiseLevel: average","OutdoorSeating: False","RestaurantsAttire: casual","RestaurantsDelivery: False","RestaurantsGoodForGroups: True","RestaurantsPriceRange2: 1","RestaurantsReservations: False","RestaurantsTableService: True","RestaurantsTakeOut: True","WiFi: free"],"categories":["Breakfast & Brunch","Cafes","American (Traditional)","Restaurants","American (New)"],"hours":["Monday 7:0-14:30","Tuesday 7:0-14:30","Wednesday 7:0-14:30","Thursday 7:0-14:30","Friday 7:0-14:30","Saturday 7:0-14:30","Sunday 7:0-14:30"],"type":"business"},"user":{"name":"James","review_count":27,"yelping_since":"2013-03-02","friends":["WUT9vDFDdqvVwp6-VVNUfQ","-7rFFU0fNQm4w0zn-r_9Xg","PT04OWw-aM547f3EvzLXig","cn3PUDJyeRrXxFI18YVWVw"],"useful":13,"funny":4,"cool":0,"fans":0,"elite":["None"],"average_stars":3.1,"compliment_hot":0,"compliment_more":0,"compliment_profile":0,"compliment_cute":0,"compliment_list":0,"compliment_note":1,"compliment_plain":0,"compliment_cool":0,"compliment_funny":0,"compliment_writer":0,"compliment_photos":0,"type":"user"}}
