{"review_id":"h2qM2UNv2iTcIDuFqthHzw","user_id":"-JY5vq7GgUFam5qPPHDXCw","business_id":"2-su3xdxOvyF0_2GZN4FLw","stars":4,"date":"2015-11-29","text":"I'm picky about my <pancakes> (I like them to be borderline <cr\u00eapes>, so I'm never impressed), so I wasn't blown away, but everyone else loves this place, and it's the only restaurant filling the niche of \"<pancakes> at 4am\". This place should stand the test of time.","useful":0,"funny":0,"cool":0,"type":"review","restaurant":{"name":"Short Stack Eatery","neighborhood":"Capitol","address":"301 W Johnson St","city":"Madison","state":"WI","postal_code":"53703","latitude":43.0745169946,"longitude":-89.3899215013,"stars":4.0,"review_count":263,"is_open":1,"attributes":["Alcohol: full_bar","Ambience: {'romantic': False, 'intimate': False, 'classy': False, 'hipster': False, 'divey': False, 'touristy': False, 'trendy': False, 'upscale': False, 'casual': True}","BikeParking: True","BusinessAcceptsCreditCards: True","BusinessParking: {'garage': False, 'street': True, 'validated': False, 'lot': False, 'valet': False}","GoodForKids: True","GoodForMeal: {'dessert': False, 'latenight': False, 'lunch': False, 'dinner': False, 'breakfast': True, 'brunch': True}","HasTV: False","NoiseLevel: average","OutdoorSeating: True","RestaurantsAttire: casual","RestaurantsDelivery: False","RestaurantsGoodForGroups: True","RestaurantsPriceRange2: 2","RestaurantsReservations: False","RestaurantsTableService: False","RestaurantsTakeOut: True","WiFi: free","Caters: True"],"categories":["Restaurants","Breakfast & Brunch"],"hours":["Wednesday 6:0-15:0","Thursday 6:0-0:0","Friday 6:0-0:0","Saturday 6:0-6:0","Sunday 6:0-21:0"],"type":"business"},"user":{"name":"Gus","review_count":36,"yelping_since":"2015-01-18","friends":["None"],"useful":3,"funny":0,"cool":0,"fans":0,"elite":["None"],"average_stars":4.67,"compliment_hot":0,"compliment_more":0,"compliment_profile":0,"compliment_cute":0,"compliment_list":0,"compliment_note":0,"compliment_plain":2,"compliment_cool":0,"compliment_funny":0,"compliment_writer":0,"compliment_photos":0,"type":"user"}}
