{"review_id":"yZXMJJDSl12Jn8E2sVJw8w","user_id":"Auw-d-fvSqVXnWDekZd-bw","business_id":"BuS11AF9XSHEShscxQEzeg","stars":4,"date":"2011-12-18","text":"For a quick meal it can't be beat. We shared a <caesar salad>, which was done just right. I tried the <veggie sandwhich>, but think it would have been better if it wasn't served cold. I really like their sister restaurant, Sardines. Both have nice outdoor patios.","useful":0,"funny":0,"cool":0,"type":"review","restaurant":{"name":"Marigold Kitchen","neighborhood":"Capitol","address":"118 S Pinckney St","city":"Madison","state":"WI","postal_code":"53703","latitude":43.074343033,"longitude":-89.3815575029,"stars":4.0,"review_count":437,"is_open":1,"attributes":["Alcohol: beer_and_wine","Ambience: {'romantic': False, 'intimate': False, 'classy': False, 'hipster': False, 'divey': False, 'touristy': False, 'trendy': False, 'upscale': False, 'casual': True}","BikeParking: True","BusinessAcceptsCreditCards: True","BusinessParking: {'garage': False, 'street': True, 'validated': False, 'lot': False, 'valet': False}","Caters: True","GoodForKids: True","GoodForMeal: {'dessert': False, 'latenight': False, 'lunch': False, 'dinner': False, 'breakfast': True, 'brunch': True}","HasTV: False","NoiseLevel: average","OutdoorSeating: True","RestaurantsAttire: casual","RestaurantsDelivery: False","RestaurantsGoodForGroups: True","RestaurantsPriceRange2: 2","RestaurantsReservations: False","RestaurantsTableService: False","RestaurantsTakeOut: True","WheelchairAccessible: False","WiFi: no"],"categories":["Breakfast & Brunch","Restaurants"],"hours":["Monday 7:0-15:0","Tuesday 7:0-15:0","Wednesday 7:0-15:0","Thursday 7:0-15:0","Friday 7:0-15:0","Saturday 7:0-14:0","Sunday 8:0-14:0"],"type":"business"},"user":{"name":"Nic","review_count":211,"yelping_since":"2008-11-04","friends":["1DxpgWrNlNIr2jXA3tBHaA","7FY1RF4BzsQmnnhXJiCqfw","_bEAOelVdzQhfKZwpv47mA","nbp9wlXj4lj4v0NaYaf8nQ","r35x-UjzHV6RatvD9FSVAg","BkM2sxMdpKg6diEUOkmkLg","Rjdcm6qZFldtSNc2jaCDdw","vipLzraRvGgQfE6Q068e4w","OC6fT5WZ8EU7tEVJ3bzPBQ","rw9exyzUvWf_q7sbHfrxBw","9PyVrI1iL9KwqVjpbVJ6EA","taxxAXJ6y4cW3xsWTQaHqw","ElsIaAXKNk_np649ouMHBg","DEMVHJVS2iWp7L2HqhagtQ","dXpgRqVIJZZcD87Tf9DtUQ","PbnBQ6BWXoaA_tt-IdJVEA","u_fUOpvFRKz15rSjj_hpaQ","dYEHTYJeDJ4v8AUiExaVsw","p3X4_d_u10uiLbwwzQL2Zw","6zUj7_kv-2e9Mwdiqque7g","yNv9JornOX9v1ETVSsG5tw","-2_iL2TViAmOsCJAm7Ma4w","HiUbzHe63WcUbthpxCpQ7g","IJRB_gWqnkzRWsOmWnD1Yg","lGbCaK1uaIk4vpogs8ucag","50zON1vogb_rSTnPCl5Clw","0Hl2BwAIz3Gi3Jhlx7AYZA","xFlB4AlIq7hehJJkjj6Myw","5WFqT4sOTez8rgbCaOM3ag","cKH-b-RNmZQWv-caWrzFog","fprvmcLQsjvODxwY3gB3YQ","R9i4NKRsxuAn9I9AvGTTxA","Ks3XJM4ZyvnibpKQpblC9w","wXwe5s_QzAilXTk8ytumBw","e0LGSslEWWFzbMWuMIsnwA","K_xiHdqi5X8nVcqPvivLtA","MX5G1fHBEvVc3TUJz9FtCw","xyrLwT2iQ2bMSOVZU2aspw","0EkByF28XlcpJdOXlGfXnw","zVNlZ6Cyd2BJV-zYbXuo9Q","8c3nhLRV3bYXE7r9LlDR6Q","Og2_mSBD2wPGlvtxDdpcGg","nvW22lM8wVOE5P0u2egu8Q","z5TGzRjwH9yGu4b4Ovmawg","6QXb1Cfi_jx4mlwDJdHTug","wBbjgHsrKr7BsPBrQwJf2w","Stfqgt6z25rXRAZ0UsXPbQ","LNooRhqlM6ebjgm5KT1KLA","-mMX4YAuP_vFpzd4AeCpWw","drQRgAWXevpMeUOFgrOaCQ","VBaRO5veQEdbdQBUYbKGaw","MMqQGLZhyGAn7qkD3qfmkQ","sTGTcPXMBKTwvGXr2g4oOQ","60tmiea4wcoGO2OULC2qgA","Rb2fvxXSyLj-hxvbrSp1RQ","bt-yr4Eg1UZNExwXYunjTg","SRXmzVhQmXUU2efcCs8E7g","qE9VipucnFCLLyVe3ilCjA","JrxbwisOAHgXDcojGTuccw","qrVwxiR2AhRp_DPvtv_vpQ","qoQnKEFhmE1tH8FY4r0Ubg","jQsWIDh6aZLt8ZmqwGG1rA","wsOBwQNJoRVjhtBDpLWrvA","gnBaHER4wNRedG91BffbJQ","cndctSwbEAg57oMbrwSg0w","C0RbyojPV5e1TUJswzoMEw","eqYXbytRJSGL7ky9g8Iyew","kOa21LSwoCD1OeXgFBtHew","Bejj_B7fO04KK6ggXcVzLA","lvfwhxAs4tIKyG4K_61eIQ","9t936Fri_nN4pn573KdyfA","MUu9aJFFtExlPHdSTnPcmA","kc2XCDO6WgMOt8oswLfMrA","06wU5MpUE3P9jwRM1RgBjQ","--81h6jm1VOJBxfv_nDAMA","Npd0xc8GgfMwK2eu6W3Vvg","RR7b3vK6zOfnXRo-pd3pUw","RDUvI512dz0vK1Jgs-7Ihg","Pena3HbOmUBbWlGt6XLCSg","SOUVfZc054NKTi2XCAXrnA","oSW7nLRKxZqEAEodnKs77Q","mlN-NV-ZNewbezZjG9a9Tw","VBTLRblfkGZzGdMlGUrP5Q","6xhgOeW1tK4eD9tDfNcliQ","aHZFL0WRwHcEnw-569p75A","Mw6h40VKSMeOSnUZCZx4wA","a-yExcSk_NHa7dobevJDGw","7l4kqYXi1FbLHez33Xxy3A","ti5yX5iibCE7uXYMLM1x2Q","NdM0D1Qnfh6rrpMSFQQXvA","HD7sruSrhgRWbWlVq7Kc4g","UGcddAdFuJxBha15M6swHQ","BujvYvqpupySiAD9ykhXqg","UzufHEcO1XJsDBN29h59fQ","9qyxZ6Slq_SEDCvIuJCXpg","RUQE1iRRmzZUHBPPs99xjA","ylmMi1n2qsRXyN_wB8wT4w","-A2od7cOYaYvU29Igk3vUA","w51gAg2ptb8-ETPP-Nh74g","wJQYK49qo8053lvQ16T86A","gJUrWiDoxOgJvRJeWay8gg","0VKkmZGX-8XufcboynMYsA","cjpeOYrIpXmUMNTxAFOg2A","u449aV8SSqoF27d_cIMYrw","PDxpTz0eIFTEx9PG_NRJGg","WWj1mkoyXLUQnr07320O1Q","jmroeaJK9oBcuE6Xxhtg8g","-13o7O0rGZa2CTi2Cma28A","0Ct-F1yTuQZUbAs1sJbGEA","bOdU9_xS7ws3alVv4m6Lqw","Z7f18FR5H0Jc_wGmhlvgxg","71p7Qmz3PNjfrMqpAzgK3Q","SS9dv5l8fdAN5XrDfVV1Xw","IcFRQG-_F7wkRYv7p3QtGA","b0-tr6tT8aOzw2BHZQhLgA","CSfjaTVpxugpRNEd0RtsxQ","Two90o7XdR4xntbYGmBgrA","LBGVtPFlxkzAWJPW5KhPNA","PxANjOgC3tmPJEYWETEAIQ","3fCFmnRyMZExvIUwUNJN9w","MX36VLLVGXMw5p7KUfXhUw","WithTtANJNQ3yUqlJyOoyQ","FF2mYYu9Ddu57AyVejkNFA","8m0ZZvpXdMP8LqNxZHyIoA","E_GAXhVA1_lVC2aFpMQElA","0-o7NXsNRQwjLDovu5YKZw","L4QLzNbtul-x9yfYLLr2kw","q7IXoftLJKvM3ADi3Sfl7w","WOQHP8Us07_IzLHHpWOeGA","oOAnYB87jqn6qshNt4RWUw","0G-bcpdR48tfZy6koGUiTQ","8SwBfehcjue2T0oW7YfGfw","Qet9kXfxHz7c4wbGy-xGpQ","zF4niyko9gCR_5RYcjMn1Q","4TgJPK7f7iKZe5Qh4Ac1tg","hcpQ3VxsdUh8ig6VZktBtQ","HOUrMIQ7ABhEMrEB1NBZYw"],"useful":0,"funny":1,"cool":0,"fans":14,"elite":["2013","2015","2017","2014","2012","2011","2016"],"average_stars":4.05,"compliment_hot":3,"compliment_more":3,"compliment_profile":2,"compliment_cute":1,"compliment_list":0,"compliment_note":4,"compliment_plain":4,"compliment_cool":8,"compliment_funny":8,"compliment_writer":3,"compliment_photos":0,"type":"user"}}
