{"review_id":"fM0zf1e4boCkv1WtkOesVg","user_id":"G0lN5J0f1WWuVIf7X0JITA","business_id":"6pG7n8Rx_7ZXeQQk690Nsw","stars":5,"date":"2012-03-16","text":"Had a very good <chicken sandwich> with some sort of roasted pepper pesto sauce that was excellent.  Very good <coffee> as well, served in a cool setting with lots of unique art on the walls. Met the owners; great people who also own another independent <coffee> house down the street - Michelangelo's.","useful":0,"funny":0,"cool":0,"type":"review","restaurant":{"name":"Fair Trade Coffee","neighborhood":"Capitol","address":"418 State St","city":"Madison","state":"WI","postal_code":"53703","latitude":43.075046,"longitude":-89.392028,"stars":4.0,"review_count":59,"is_open":1,"attributes":["Alcohol: none","Ambience: {'romantic': False, 'intimate': False, 'classy': False, 'hipster': False, 'divey': False, 'touristy': False, 'trendy': False, 'upscale': False, 'casual': False}","BikeParking: True","BusinessAcceptsBitcoin: False","BusinessAcceptsCreditCards: True","BusinessParking: {'garage': True, 'street': False, 'validated': False, 'lot': False, 'valet': False}","ByAppointmentOnly: False","Caters: False","GoodForMeal: {'dessert': False, 'latenight': False, 'lunch': False, 'dinner': False, 'breakfast': False, 'brunch': False}","HasTV: False","NoiseLevel: average","OutdoorSeating: True","RestaurantsAttire: casual","RestaurantsDelivery: False","RestaurantsGoodForGroups: True","RestaurantsPriceRange2: 1","RestaurantsReservations: False","RestaurantsTableService: False","RestaurantsTakeOut: True","WheelchairAccessible: True","WiFi: free","GoodForKids: True"],"categories":["Coffee & Tea","Sandwiches","Food","Cafes","Restaurants"],"hours":["Monday 8:0-22:0","Tuesday 8:0-22:0","Wednesday 8:0-22:0","Thursday 8:0-22:0","Friday 8:0-22:0","Saturday 8:0-22:0","Sunday 8:0-22:0"],"type":"business"},"user":{"name":"tony","review_count":8,"yelping_since":"2011-03-29","friends":["None"],"useful":22,"funny":5,"cool":1,"fans":1,"elite":["None"],"average_stars":4.0,"compliment_hot":0,"compliment_more":0,"compliment_profile":0,"compliment_cute":0,"compliment_list":0,"compliment_note":0,"compliment_plain":0,"compliment_cool":0,"compliment_funny":0,"compliment_writer":0,"compliment_photos":0,"type":"user"}}
