{"review_id":"QIiV24ZNUajvGmhPaSCo6A","user_id":"IbSjpOfxy2aIOfCgrC_4iw","business_id":"M-caugKzJ9qLOmCBfD9Nyg","stars":5,"date":"2016-11-13","text":"Cute place with great food! Loved the sweet \"high tea\" ambiance. A nice place to meet a friend for brunch.","useful":0,"funny":0,"cool":0,"type":"review","restaurant":{"name":"La Brioche True Food","neighborhood":"","address":"2862 University Ave","city":"Madison","state":"WI","postal_code":"53705","latitude":43.0753535306,"longitude":-89.4383460521,"stars":3.0,"review_count":142,"is_open":1,"attributes":["Alcohol: beer_and_wine","Ambience: {'romantic': False, 'intimate': False, 'classy': False, 'hipster': False, 'divey': False, 'touristy': False, 'trendy': False, 'upscale': False, 'casual': False}","BikeParking: True","BusinessAcceptsCreditCards: True","BusinessParking: {'garage': False, 'street': False, 'validated': False, 'lot': True, 'valet': False}","Caters: True","GoodForKids: True","GoodForMeal: {'dessert': False, 'latenight': False, 'lunch': False, 'dinner': False, 'breakfast': True, 'brunch': True}","HasTV: False","NoiseLevel: average","OutdoorSeating: True","RestaurantsAttire: casual","RestaurantsDelivery: False","RestaurantsGoodForGroups: True","RestaurantsPriceRange2: 2","RestaurantsReservations: True","RestaurantsTableService: True","RestaurantsTakeOut: True","WheelchairAccessible: True","WiFi: no"],"categories":["Breakfast & Brunch","Pizza","Restaurants","American (New)"],"hours":["Monday 7:0-16:0","Tuesday 7:0-21:0","Wednesday 7:0-21:0","Thursday 7:0-21:0","Friday 7:0-21:0","Saturday 7:0-21:0","Sunday 8:0-15:0"],"type":"business"},"user":{"name":"Mandi","review_count":6,"yelping_since":"2013-04-17","friends":["6A4gQoUSJnDAfLkbU-eQqA","8HqceEC4KhTJqkT9-Kuflw","ildaSVnKHGtXOHnb7mO7oQ","AqhY7FnyBCjnksFmV4L59w","_JIpoBIYukjV_ILKtsoZkQ","Otan_kN3heFUEEHTDVXAyA","-V1hpFR3P65gNRoCtRu1_A","L_2kGVJ1YEcw6vzoQRzjRA"],"useful":0,"funny":0,"cool":0,"fans":0,"elite":["None"],"average_stars":4.83,"compliment_hot":0,"compliment_more":0,"compliment_profile":0,"compliment_cute":0,"compliment_list":0,"compliment_note":0,"compliment_plain":0,"compliment_cool":0,"compliment_funny":0,"compliment_writer":0,"compliment_photos":0,"type":"user"}}
