{"review_id":"AzsOd8dBPrHIkAwaEaOiig","user_id":"sU3-2rd7YyRe0qjxavMVWQ","business_id":"aUrOyWFKxKeVXiFzwbTXSA","stars":5,"date":"2010-11-23","text":"I have been meaning to write about this place for months...I was traveling the Midwest (live in California) for work and found this cafe using yelp. I was so excited to find a veg restaurant in Madison. It is located in a very cute little area in what looks like an older part of town. I arrived just after opening and the staff was so friendly. I asked my servers advice on what to have and her suggestions were perfect. The <TLA sandwich> was so tasty and the cup of chili went perfectly with it. The cafe is also very comfy and I loved the decor. If I ever make it back to Madison, I would defiantly eat here again!","useful":0,"funny":0,"cool":0,"type":"review","restaurant":{"name":"The Green Owl","neighborhood":"Williamson - Marquette","address":"1970 Atwood Ave","city":"Madison","state":"WI","postal_code":"53704","latitude":43.0922989,"longitude":-89.355528,"stars":4.0,"review_count":201,"is_open":1,"attributes":["Alcohol: full_bar","Ambience: {'romantic': False, 'intimate': False, 'classy': False, 'hipster': False, 'divey': False, 'touristy': False, 'trendy': False, 'upscale': False, 'casual': True}","BikeParking: True","BusinessAcceptsCreditCards: True","BusinessParking: {'garage': False, 'street': True, 'validated': False, 'lot': False, 'valet': False}","Caters: False","GoodForKids: True","GoodForMeal: {'dessert': False, 'latenight': False, 'lunch': True, 'dinner': True, 'breakfast': False, 'brunch': False}","HasTV: False","NoiseLevel: average","OutdoorSeating: True","RestaurantsAttire: casual","RestaurantsDelivery: False","RestaurantsGoodForGroups: True","RestaurantsPriceRange2: 2","RestaurantsReservations: True","RestaurantsTableService: True","RestaurantsTakeOut: True","WheelchairAccessible: True","WiFi: no"],"categories":["Vegetarian","Restaurants","Vegan","Cafes"],"hours":["Tuesday 11:0-21:0","Wednesday 11:0-21:0","Thursday 11:0-21:0","Friday 11:0-21:0","Saturday 11:0-21:0","Sunday 10:0-15:0"],"type":"business"},"user":{"name":"Veggie","review_count":17,"yelping_since":"2008-12-16","friends":["None"],"useful":7,"funny":0,"cool":0,"fans":0,"elite":["None"],"average_stars":3.71,"compliment_hot":0,"compliment_more":0,"compliment_profile":0,"compliment_cute":0,"compliment_list":0,"compliment_note":0,"compliment_plain":1,"compliment_cool":0,"compliment_funny":0,"compliment_writer":0,"compliment_photos":0,"type":"user"}}
