{"review_id":"BcLG8ddzjx9lHbGYTVkPEQ","user_id":"T0DSN7GepFql6tbfB8p8wA","business_id":"cMybOpJd352Cb6y9SeVhPw","stars":4,"date":"2015-01-24","text":"Girls night out during Restaurant Week was a lot of fun.  We all tried something different so we could get a wider taste of options.\n\nAlthough the <pumpkin soup> was flavorful, it was a little thin for my personal preference.  The <short ribs> were so tender and pretty amazing.  Dessert was my least favorite of the three, the <apple crisp> was just middle of the road.\n\nThe <Pinot Noir> with dinner was excellent; however, the after dinner <cappuccino> turned out to be an over hot <latte>.  Not bad, just not made correctly.\n\nThe service was very good.  Our server provided good descriptions of our options, was very attentive and friendly and offered good suggestions for drink and <wine> pairings.","useful":0,"funny":0,"cool":0,"type":"review","restaurant":{"name":"Harvest","neighborhood":"Capitol","address":"21 N Pinckney St","city":"Madison","state":"WI","postal_code":"53703","latitude":43.0760472,"longitude":-89.3838053,"stars":3.5,"review_count":191,"is_open":1,"attributes":["Alcohol: full_bar","Ambience: {'romantic': False, 'intimate': False, 'classy': True, 'hipster': False, 'divey': False, 'touristy': False, 'trendy': False, 'upscale': False, 'casual': False}","BestNights: {'monday': False, 'tuesday': False, 'friday': True, 'wednesday': False, 'thursday': False, 'sunday': False, 'saturday': True}","BikeParking: True","BusinessAcceptsCreditCards: True","BusinessParking: {'garage': False, 'street': True, 'validated': False, 'lot': False, 'valet': False}","Caters: False","CoatCheck: True","GoodForDancing: False","GoodForKids: False","GoodForMeal: {'dessert': False, 'latenight': False, 'lunch': False, 'dinner': True, 'breakfast': False, 'brunch': False}","HappyHour: False","HasTV: False","Music: {'dj': False, 'background_music': False, 'no_music': False, 'karaoke': False, 'live': False, 'video': False, 'jukebox': False}","NoiseLevel: average","OutdoorSeating: True","RestaurantsAttire: dressy","RestaurantsDelivery: False","RestaurantsGoodForGroups: True","RestaurantsPriceRange2: 3","RestaurantsReservations: True","RestaurantsTableService: True","RestaurantsTakeOut: False","Smoking: no","WheelchairAccessible: True","WiFi: no"],"categories":["Nightlife","Bars","American (New)","Restaurants"],"hours":["Monday 17:30-21:0","Tuesday 17:30-21:0","Wednesday 17:30-21:0","Thursday 17:30-21:0","Friday 17:0-21:0","Saturday 17:0-21:0"],"type":"business"},"user":{"name":"Jenn","review_count":38,"yelping_since":"2014-03-12","friends":["k0SBAklDpH96IlcEqUYiOg","wd3xoNaDLib8dhQ7BxUl6g","HNycc5PctOiR2PXb-TFCIQ"],"useful":2,"funny":0,"cool":0,"fans":1,"elite":["2016"],"average_stars":3.26,"compliment_hot":3,"compliment_more":0,"compliment_profile":0,"compliment_cute":0,"compliment_list":0,"compliment_note":5,"compliment_plain":1,"compliment_cool":2,"compliment_funny":2,"compliment_writer":2,"compliment_photos":0,"type":"user"}}
