{"review_id":"YSCSPHZnBOWCO09MhjopNg","user_id":"JJZ_8bQ0O6pinwtu9H516A","business_id":"K75oPh837az2upKWPS2LUQ","stars":4,"date":"2014-07-25","text":"Good food and affordable.  Got the <full plate-potato>.  All mix ins. Flavorful.  A big portion, enough for tomorrow's meal too! Take out was quick and I had my order in 5 mins.","useful":0,"funny":0,"cool":0,"type":"review","restaurant":{"name":"Paul's Pel'meni","neighborhood":"Capitol","address":"203 W Gorham St","city":"Madison","state":"WI","postal_code":"53703","latitude":43.0754154,"longitude":-89.3907979,"stars":4.5,"review_count":273,"is_open":1,"attributes":["Alcohol: none","Ambience: {'romantic': False, 'intimate': False, 'classy': False, 'hipster': False, 'divey': False, 'touristy': False, 'trendy': False, 'upscale': False, 'casual': True}","BikeParking: True","BusinessAcceptsCreditCards: True","BusinessParking: {'garage': False, 'street': True, 'validated': False, 'lot': False, 'valet': False}","Caters: False","GoodForKids: True","GoodForMeal: {'dessert': False, 'latenight': False, 'lunch': True, 'dinner': True, 'breakfast': False, 'brunch': False}","HasTV: False","NoiseLevel: average","OutdoorSeating: False","RestaurantsAttire: casual","RestaurantsDelivery: False","RestaurantsGoodForGroups: False","RestaurantsPriceRange2: 1","RestaurantsReservations: False","RestaurantsTableService: False","RestaurantsTakeOut: True","WiFi: no"],"categories":["Russian","Food","Restaurants"],"hours":["Monday 11:0-23:0","Tuesday 11:0-23:0","Wednesday 11:0-23:0","Thursday 11:0-3:0","Friday 11:0-3:0","Saturday 11:0-3:0","Sunday 11:0-21:0"],"type":"business"},"user":{"name":"Zestlife","review_count":20,"yelping_since":"2014-03-02","friends":["None"],"useful":0,"funny":0,"cool":0,"fans":0,"elite":["None"],"average_stars":3.9,"compliment_hot":0,"compliment_more":0,"compliment_profile":0,"compliment_cute":0,"compliment_list":0,"compliment_note":0,"compliment_plain":0,"compliment_cool":0,"compliment_funny":0,"compliment_writer":1,"compliment_photos":0,"type":"user"}}
