{"review_id":"d0cidPvbjU1dGHouCGA3Pw","user_id":"ltbPOyPort_-NcPrEjh1dw","business_id":"oSrTdvRGrJ24ofcquIFoPA","stars":4,"date":"2014-03-10","text":"I was aware of this place for a long time, but never tried it until recently. It was really busy when we ate there and we had a different server showing up to our table when we ordered, the brought out food and refills, etc. Service was still fast and they were friendly. I had the <Lake Side Roll> which had king crab, caviar, avocado and shrimp. When they brought it out it had four big piles of roe on each piece, all ditfferent colors. \nIt was a nice looking dish. I liked almost all of them, expect the green one hit me right in the nose with a pungent wasabi flavor. I probably should have seen that one coming based off the color. My husband had the <Dynamite Roll> which is a deep fried roll with  spicy tuna, yellowtail, cream cheese, avocado and baked scallop with crab meat. He really enjoyed and I might be trying  that roll the next time I go. We also had a couple of pieces of <ebi> and <tuna> <sushi>, both were very decent.","useful":1,"funny":0,"cool":0,"type":"review","restaurant":{"name":"Takumi Japanese Restaurant","neighborhood":"","address":"4222 E Towne Blvd","city":"Madison","state":"WI","postal_code":"53704","latitude":43.124856371,"longitude":-89.3101472672,"stars":4.0,"review_count":183,"is_open":1,"attributes":["Alcohol: full_bar","Ambience: {'romantic': False, 'intimate': False, 'classy': False, 'hipster': False, 'divey': False, 'touristy': False, 'trendy': False, 'upscale': False, 'casual': True}","BYOB: False","BYOBCorkage: no","BikeParking: True","BusinessAcceptsCreditCards: True","BusinessParking: {'garage': False, 'street': False, 'validated': False, 'lot': True, 'valet': False}","Caters: False","GoodForKids: True","GoodForMeal: {'dessert': False, 'latenight': False, 'lunch': True, 'dinner': True, 'breakfast': False, 'brunch': False}","HasTV: False","NoiseLevel: average","Open24Hours: False","OutdoorSeating: False","RestaurantsAttire: casual","RestaurantsDelivery: False","RestaurantsGoodForGroups: True","RestaurantsPriceRange2: 2","RestaurantsReservations: True","RestaurantsTableService: True","RestaurantsTakeOut: True","WheelchairAccessible: True","WiFi: no"],"categories":["Japanese","Restaurants","Sushi Bars"],"hours":["Monday 11:0-14:30","Monday 16:30-22:0","Tuesday 11:0-14:30","Tuesday 16:30-22:0","Wednesday 11:0-14:30","Wednesday 16:30-22:0","Thursday 11:0-14:30","Thursday 16:30-22:0","Friday 11:0-14:30","Friday 16:30-22:30","Saturday 11:0-14:30","Saturday 16:30-22:30","Sunday 13:0-22:0"],"type":"business"},"user":{"name":"Araceli","review_count":25,"yelping_since":"2013-07-22","friends":["BoZpGEg1YtkZQRqUL6_V3g"],"useful":108,"funny":19,"cool":54,"fans":1,"elite":["None"],"average_stars":4.4,"compliment_hot":4,"compliment_more":1,"compliment_profile":0,"compliment_cute":0,"compliment_list":0,"compliment_note":0,"compliment_plain":0,"compliment_cool":6,"compliment_funny":6,"compliment_writer":1,"compliment_photos":0,"type":"user"}}
