{"review_id":"vBbtYH9-Xem1l-NaqnFzjg","user_id":"dAdmWvykaBvtzHMaQTUomQ","business_id":"2qjvYspb3bEmCaw1vmSk0g","stars":4,"date":"2013-09-18","text":"My parents took my husband and I to Sushi Muramoto for a late birthday dinner!  I tried more dishes than I normally would because well, let's face it, the parents were paying.  Our waitress was my favorite kind:  polite, helpful but didn't bug us or return every 10 seconds. \n\nThe meal started with <edamame> and <chicken lettuce wraps>.  The wraps were amazing:   sweet, a little crunchy and a delicious and light way to save room for more food.  The <edamame> was a disappointment-it was freezing cold and slimy, making it the one thing I wouldn't get again.  I ordered the <beef ribeye>, which was a perfectly seasoned and buttery cut of <steak> over fresh <saut\u00e9ed veggies>.  The <sushi> I stole from my husband's plate was perfecto and my Dad, the <sushi> snob, gave this place a thumbs up.  \n\nBeing the food hoarder that I am, I took home leftovers and made the best <fried rice> of my life the next day!","useful":2,"funny":1,"cool":0,"type":"review","restaurant":{"name":"Sushi Muramoto","neighborhood":"","address":"546 N Midvale Blvd","city":"Madison","state":"WI","postal_code":"53705","latitude":43.0722438447,"longitude":-89.4523339244,"stars":4.0,"review_count":206,"is_open":1,"attributes":["Alcohol: full_bar","Ambience: {'romantic': False, 'intimate': False, 'classy': False, 'hipster': False, 'divey': False, 'touristy': False, 'trendy': True, 'upscale': False, 'casual': False}","BYOBCorkage: no","BikeParking: True","BusinessAcceptsBitcoin: False","BusinessAcceptsCreditCards: True","BusinessParking: {'garage': True, 'street': False, 'validated': False, 'lot': False, 'valet': False}","Caters: False","DogsAllowed: False","GoodForKids: False","GoodForMeal: {'dessert': False, 'latenight': False, 'lunch': False, 'dinner': True, 'breakfast': False, 'brunch': False}","HasTV: False","NoiseLevel: average","OutdoorSeating: False","RestaurantsAttire: casual","RestaurantsDelivery: False","RestaurantsGoodForGroups: True","RestaurantsPriceRange2: 2","RestaurantsReservations: False","RestaurantsTableService: True","RestaurantsTakeOut: True","WheelchairAccessible: True","WiFi: free"],"categories":["Sushi Bars","Restaurants"],"hours":["Monday 11:0-22:0","Tuesday 11:0-22:0","Wednesday 11:0-22:0","Thursday 11:0-22:0","Friday 11:0-22:0","Saturday 11:0-22:0","Sunday 11:0-22:0"],"type":"business"},"user":{"name":"Jenny","review_count":174,"yelping_since":"2008-11-16","friends":["ZE4-aASIemAEnqy198t1fw","9M3gY85BdlzFidhQyA5o9A","sJS6ocQPu3fE5favKfKmIA","rJHDfzaV_YP_p9bShfMWzA","7t6ieamEaQ1ZvU60A8z-qg","ZONVheoNuMls2b_5qR9kYw","eAmSrmsi-eowNCfTZtkT9Q","FKclATu5-fmK6lsAUuHp7w","AEgYsg7EHi-Z6j8R3vd06w","8ZLAklUl3vS9cnlwpv3v5g","fJ_qSZH_akvWzHUPMqab1g","5defdigqO_XInB2nzBfU8A","_QyxWXoCVVBvNUl6s9u9lQ","iSsjg4TVRJOGkoVxaM_mzg","d3G16mqwEOrb7EabwEsj9g","4q02ALXu_6i7-GWZAW9ctQ","7jVuNiQZbsHHYzzkE1V68A","aEho-bP6TPMTB2rTMyDTGg","hxQIOhBmWtgGTydCl2xNtQ","Aps1bqH9GL6maObzyJItWw","L4j6jjo1pCalYPKMkHi0kw","TvGYywkW3Nbr1hDBZGy-5Q","HNycc5PctOiR2PXb-TFCIQ","mSyINFt6TtXX9OHbwJfN5Q","q9heejKl3q66njKWOpbPtg","7q9M8aE3REA-6fzHiD6YdA","zUe6ERJ_jVDawBof4emCkQ","od1WvE1K0oK7YWno6Fb3fg","RTWsMisf73pGnbagf1vmvg","UsXqCXRZwSCSw0AT7y1uBg","v55wOQ8uKXcVFd-9Z_Wqqw","yJP-54fC6lpYXXl5X0JyJw","f7Emr9Q4H5r_jO_DW3QuIQ","lGj7s42BJx_Xg7ZgaO_dmA","JUT0U3HTSB3kz9Wh7N0GqA","0p5aLyA531Sk2FBL5s0NAA","_vEfuT5vwPB78bxM1TDUFQ","JK33W3CV9nzktfuIunB6Ag","d5WLqmTMvmL7-RmUDVKqqQ","INgocgXv94oeTuzyXtjpYw","G-pUjm-FGYGibs_syjTHWQ","Sdp7I1JqfwyUwo7c144HAg","TQYuRgqB0laD8798gJMx9g","HdlwaDK_i2VSki8UnDARbg","Q1IENmNc6bdDruACmhy4mg","J2FqvcbF5b7awVGk6FGeFg","gjBqsPx3J8Yf8cQN49_jWg","1L_U8T1MPMDjj_4UruCnVw","9SWtEX1k9AjRg93BAzMCpg","KQZ31QtPsI1QuKY7d5G-XQ","lXXlZVjjMEJh1vs0RLBn8A","8GxXE5c3KTpz7w96QLyMKg","k2yfAeiMvg_od3QKRAko_w","EXKDLuYoZUKUNNNYA7TlGQ","izhKheDAeCZXbJsghfpzqg","MGPQVLsODMm9ZtYQW-g_OA","V5uU1RvpQjZShEq0ohlqOA","jMGn-9_NBffU-jvFlGk8Cg","wd3xoNaDLib8dhQ7BxUl6g","0TwGLv5xNW-inWxumdum5w","1x31YZMW1jg1P4ZfylGKPQ","uf1UdKswKWOqFLUvRvvbzA","Q9MZRiAYNZ25IJdxI0cNYA","IBcJf31d311DKf_3eMqmQg","C__1BHWTGBNA5s2ZPH289g","e9bVxMuG-1NIJWqT_pDEmQ","CIZGlEw-Bp0rmkP8M6yQ9Q","8teQ4Zc9jpl_ffaPJUn6Ew","7O1_x_3IlgjpY9BkiZ16xQ","YUqXrNXZ0ogMTh4yhobxbg","VHoz-_mf_jFQCINNkBMKSw","eQZS1D8aqQWHGpJ6yydVDw","1GRHw5XTEsLIQefiVwcUiQ","R-zH-BH_4Az7pPtlE31Z8Q","KIJvGWyuvA5sTqR24wcRCQ","CH9VC7aLLsV8NFdaoU_uog","Xdv0OeWU1-UykF6WUywgtw"],"useful":116,"funny":21,"cool":20,"fans":9,"elite":["2014","2011","2010","2012","2013"],"average_stars":3.55,"compliment_hot":21,"compliment_more":2,"compliment_profile":0,"compliment_cute":0,"compliment_list":0,"compliment_note":15,"compliment_plain":6,"compliment_cool":12,"compliment_funny":12,"compliment_writer":15,"compliment_photos":0,"type":"user"}}
