{"review_id":"5VHDEv8vdlbbkjbkyz2h6g","user_id":"I0JB81rekMKjGyySqoCF7Q","business_id":"ERXnerHflh86VOYKAopLMw","stars":5,"date":"2014-11-09","text":"After moving to Bay Area for almost a year, I still miss Thai Basil, definitely the best Thai place in Madison. The red, <yellow curry> and <Tom Yum Soup> are all really good and takeout order usually just takes 10 minutes to get prepared, which is super fast. Simply put, you can't go wrong with any item on the menu.","useful":0,"funny":0,"cool":0,"type":"review","restaurant":{"name":"Thai Basil","neighborhood":"","address":"6714 Raymond Rd","city":"Madison","state":"WI","postal_code":"53719","latitude":43.0322241,"longitude":-89.4979918,"stars":4.0,"review_count":71,"is_open":1,"attributes":["Alcohol: none","Ambience: {'romantic': False, 'intimate': False, 'classy': False, 'hipster': False, 'divey': False, 'touristy': False, 'trendy': False, 'upscale': False, 'casual': False}","BikeParking: True","BusinessAcceptsCreditCards: True","BusinessParking: {'garage': False, 'street': False, 'validated': False, 'lot': True, 'valet': False}","Caters: True","GoodForKids: True","GoodForMeal: {'dessert': False, 'latenight': False, 'lunch': True, 'dinner': True, 'breakfast': False, 'brunch': False}","HasTV: False","NoiseLevel: quiet","OutdoorSeating: False","RestaurantsAttire: casual","RestaurantsDelivery: True","RestaurantsGoodForGroups: False","RestaurantsPriceRange2: 2","RestaurantsReservations: False","RestaurantsTableService: False","RestaurantsTakeOut: True","WiFi: no"],"categories":["Restaurants","Thai"],"hours":["Monday 11:0-21:0","Tuesday 11:0-21:0","Wednesday 11:0-21:0","Thursday 11:0-21:0","Friday 11:0-21:0","Saturday 12:0-21:0","Sunday 12:0-21:0"],"type":"business"},"user":{"name":"Charles","review_count":15,"yelping_since":"2012-03-02","friends":["2k0vsLOkGnwePtrOGChkng","VgB6YZQZIw2H4HbUHwRR7Q","kgSfadUDnCq1skLX5-IKRQ","byL9ThnWbRNVMg2ia90sCA","EsYOMmpDj7QW9JzvLEft8w","xy2LKNAZgR9ufjpPr5Uj2A","ib0UYjg0Hrev_w59_DZ_wQ","bHt2ENuuj5_RS51YPrtuJw","ieIgV2mXpNI2OXNBd58wTA","tf2wQoRqF9rWU7Jkh1LQ_g","krgVdZ4G5Lv5gkelfiYq4Q","8KK4uM79ZSQvHimPZBRiVQ","xSfPCV8K638QEu7E2KIQzw","_FzV3L9iy4aq1zDrotE86g","Q_dEv5I9queXp2X6fZtHCQ","olyrHaKIsprY7u-2NP0_oA","C1fUZiQWMYx4swGTQwzDIQ","SVYvje6pnQwYfpc3gFRRSg","10Z802ULAKoeAVjZi-Kkrw","gl7IAgnyq_HT5uKSGTdjOw","tIDa9DXPJj3cZst0Xya3NA","UTSBP8auBxod_f2Z14Zyig","BgGEKigJaFQgZ2WQKMxmlg","RfvJI1BlDnN1bal8vY9rKg","DTWtZJAIPMrZJwUJV0DJmQ","MwI2NDtYmGJM8yKk4IFDmQ","5yzRM3Ga8WfC13GbwrciBA","MnvaMYRriiNqnn1GExP23A","gFXUSNzm1HS5K9jxGKiFug","rTC3IerfWUgL3RC9wqeC3A","zmz0D4VrFkCazvOy1Ncr1A","zBTnC6hYUtK4sdE0MEplLQ","HoZaQWoEzrPTnB3XJJfUog","xgpMpvzIiBPrNOBJCHE-oQ","8Ur7yCa3SKe4kLG6M64sEw","t-h9l6DfkI723RtozWQqkQ","-iCwnga7G3K6JpVHUCjFxA","40IpqNszIcgLeidZTRjpIg","9NJ0FqVItygNVZVcpY2ZFA","eOdfUCLs35RtW6KEAVBZjw"],"useful":12,"funny":5,"cool":1,"fans":0,"elite":["None"],"average_stars":2.82,"compliment_hot":0,"compliment_more":0,"compliment_profile":0,"compliment_cute":0,"compliment_list":0,"compliment_note":1,"compliment_plain":0,"compliment_cool":0,"compliment_funny":0,"compliment_writer":0,"compliment_photos":0,"type":"user"}}
