{"review_id":"3ukxN_gWDGnXAbdrVPtvOQ","user_id":"EpGXJ73dmLy0lk5wCYrQ8A","business_id":"_euNvs0P14284FXN1vZ_Pw","stars":4,"date":"2011-09-28","text":"This is a place I always meant  to try when I lived in Madison, but always seemed out of the way.  Lucky for me, I am staying with some friends just up the road whilst on my vacation.\n\nI stopped in for just a cup of <coffee> and was seduced by the <sweet potato hash>.  It was fantastic and came to the table nice and hot and fresh.  A little chipotle tabasco, some <sourdough toast> and I inhaled it but only just a little.\n\nThe decor is light and retro-inspired.  As a former diner waitress I found the lively noises of clanking plates, milk frothing and background conversation oddly comforting.","useful":0,"funny":0,"cool":0,"type":"review","restaurant":{"name":"Crema Cafe","neighborhood":"Lake Edge","address":"4124 Monona Dr","city":"Madison","state":"WI","postal_code":"53716","latitude":43.0785876,"longitude":-89.3240091,"stars":4.0,"review_count":142,"is_open":1,"attributes":["Alcohol: none","Ambience: {'romantic': False, 'intimate': False, 'classy': False, 'hipster': False, 'divey': False, 'touristy': False, 'trendy': False, 'upscale': False, 'casual': True}","BikeParking: True","BusinessAcceptsCreditCards: True","BusinessParking: {'garage': False, 'street': False, 'validated': False, 'lot': True, 'valet': False}","Caters: True","GoodForKids: True","HasTV: False","NoiseLevel: average","OutdoorSeating: True","RestaurantsAttire: casual","RestaurantsDelivery: False","RestaurantsGoodForGroups: False","RestaurantsPriceRange2: 1","RestaurantsReservations: False","RestaurantsTableService: False","RestaurantsTakeOut: True","WheelchairAccessible: True","WiFi: free","GoodForMeal: {'dessert': False, 'latenight': False, 'lunch': True, 'dinner': False, 'breakfast': True, 'brunch': True}"],"categories":["Restaurants","Breakfast & Brunch","Food","Coffee & Tea","Cafes","Vegan","Sandwiches"],"hours":["Monday 6:30-15:30","Tuesday 6:30-15:30","Wednesday 6:30-15:30","Thursday 6:30-15:30","Friday 6:30-15:30","Saturday 7:0-15:0","Sunday 7:0-15:0"],"type":"business"},"user":{"name":"felicia","review_count":120,"yelping_since":"2010-10-02","friends":["eQomribxOiNjN_zovXEh1Q","9DyqbUhtPcnZlf1nv6XTzw","wZtQehcjSCDCjUDT4TIXrw","Ikc7kVSIXP-MRkqVtmuDrw","bsMGQruRQGgQZK4KA9Q4Aw","sTG-rnlX-z1ZrOVO_n8Edw","VGyAokvvnMLT-a7DYYBTVA","9MCQHmsvl7TkyhKJ3lNGwQ","P1m2cjhuDe3QrKZGHUhnpw","ozo4lBTpcW3BKr0tRNmACQ","_VgXG8lsreDwOv-R5x-1jw","cHa7mMZF0Wu0fqTbI8BA2g","N1PzKZPyaeOBaFc2lYbjVQ","CxhDMVFbh00QOfyd2Xd__A","Flvcn9lCwerRXX4T6UXfmQ","h7osa6XWc85uJtJHXJQaWQ","_-8KVdCdWsvDa0xwwCInnw","jzeLNZ06FmQY_HqlWEk_9w","rbHq_fG6L8sjDRKg9CnANw"],"useful":0,"funny":0,"cool":0,"fans":1,"elite":["None"],"average_stars":4.08,"compliment_hot":1,"compliment_more":1,"compliment_profile":0,"compliment_cute":0,"compliment_list":0,"compliment_note":2,"compliment_plain":1,"compliment_cool":1,"compliment_funny":1,"compliment_writer":3,"compliment_photos":0,"type":"user"}}
