{"review_id":"xuc_ukb7En8qNRtAe1rIZw","user_id":"006QF1GD1C9GRVVm2-hluQ","business_id":"p4qvXkb34X8hgidxEZ33Gw","stars":3,"date":"2013-12-23","text":"I came here because of the good reviews on yelp, but I'm disappointed. The food was very mediocre and the service is far from ok. I got here at 1:30 on a Monday afternoon, so it shouldn't be super busy, but I waited for my food for more than half an hour. The two tables that sat down way later than us got their food first. I asked a waitress if they forgot my order, and she said its impossible because all the order was sent to the kitchen in order. I asked, then how come those people got the food before us, and she pointed to a third table and said see they haven't got their food either. But the problem is, those people just sat down less than five minutes ago. That waitress's attitude was terrible. I won't come back to this place again.","useful":1,"funny":1,"cool":0,"type":"review","restaurant":{"name":"Ha Long Bay Vietnamese & Thai Bistro","neighborhood":"Williamson - Marquette","address":"1353 Williamson St","city":"Madison","state":"WI","postal_code":"53703","latitude":43.0855448,"longitude":-89.3607155,"stars":4.0,"review_count":468,"is_open":1,"attributes":["Alcohol: beer_and_wine","Ambience: {'romantic': False, 'intimate': False, 'classy': False, 'hipster': False, 'divey': False, 'touristy': False, 'trendy': False, 'upscale': False, 'casual': True}","BikeParking: True","BusinessAcceptsCreditCards: True","BusinessParking: {'garage': False, 'street': True, 'validated': False, 'lot': False, 'valet': False}","Caters: False","GoodForKids: True","GoodForMeal: {'dessert': False, 'latenight': False, 'lunch': True, 'dinner': True, 'breakfast': False, 'brunch': False}","HasTV: False","NoiseLevel: average","OutdoorSeating: False","RestaurantsAttire: casual","RestaurantsDelivery: False","RestaurantsGoodForGroups: True","RestaurantsPriceRange2: 2","RestaurantsReservations: True","RestaurantsTableService: True","RestaurantsTakeOut: True","WheelchairAccessible: True","WiFi: no"],"categories":["Restaurants","Vietnamese","Thai"],"hours":["Monday 11:0-21:30","Tuesday 11:0-21:30","Wednesday 11:0-21:30","Thursday 11:0-21:30","Friday 11:0-21:30","Saturday 11:0-21:30","Sunday 11:30-21:0"],"type":"business"},"user":{"name":"Aimee","review_count":58,"yelping_since":"2011-03-23","friends":["GNngQ_JlqbsWt6HEACJbkg","VilK_O8EvciTrUGGjv5fBw","NW68XSWByY98Xqs2pG5OvQ","bFNwr-aQjpr7DJknKDIZlA","uXq6v1Wsww3iECEVatiXSA","DK3cd2AR200kVFe_6q6a-Q","_TKwP0768a0hblzeSQaJRg","_Y6LZdJEPQt8GnJSCnWp5Q","AnAZyqk4ZXBNdC4HEtyv9A","VhryocjybISZ4o1Ttyk7PQ","UtJz54lHiQwGTPAj_IHJSw","7ifgr862zWqlGiyH7Yll1Q","hbbCbKz_q4ZYakEk0iInlg","XvGYxwJfGFEXcY5O9Fk37Q","ImHWZX5OezWPCPc527D2IA","dTdf50EaDILAQBFHdNgj2g","nutlr30QLa_wX5Cr713jiQ","-S95UzgJUnbRqKRzOeUlGg","nggOyfzrN_WGfJdZlXulnQ","ixAZF6rpfXujpxJ6Hh7vnw","Rc0o_Lj_eMrZgnNvGYxfAg","A_pE5bi82S9oh7Z_xi5Eug","7rQJgO7aC5L2rTA8LrO8QA","b7iUohZz2FtBKmqVyEMF5w","9y8-RZM_IBE9pre4WAvo6Q","r2GiGiSD8dGQvPWjVT4tzQ","RQpRowVANelr1am339n5Jg","qv4fOqRYhhCZ32EMcvpaPQ","QX9rd0ci-O1imqST_wHmPQ","e4a6orNVIyMgc9HKnNng6w","91dELevWTu8l8XiVB5Sb4g","Av9O_526icUylG0bRLju7w","r8YrTMjERM32vGUHfAw6Zw","3xlASzFT8ahR2aipTEbICQ","yLUcMrQsYHGrDz2QDGeGcA","sHCgD68ymtxdiQMJfquFNw","lzevEUe3FJ1nXt6aTSfaGw","yxMmqNXwW8FpyTDHbgRs3A","V-86xv-45hUGwtK8q72Xyg","qNvSXmKW7ztOKeweGvMxKg","C0RbyojPV5e1TUJswzoMEw","ZZ31MsKFRJ6o9MtgzCJ5JQ","fIILQXb7qmbIQFoY1D_yag","QMswFoiHfHiYzdHy4MD3jA","Zw9vfNMavZML0LB1fyG8dg","jixY0ZsU38S1152LkRz4NA","Ve5gbq2Q-oWnIz5jXlZMAA","HUimyGUW9K2TRGF-HagWqQ","Iv72CO7BkN1ItUDEdtU77w","9JggKsm41V0-V7gAqK4smw","avzGGsSduI31Q8riPUzfLg","WnA7nkVbmvx9V3ZPOii_oQ","dYEHTYJeDJ4v8AUiExaVsw","6QYMeHXS7pFJLFy05ggZOA","KCMAI8ycZOTxJuQGsa7ccw","NJfcN_UsFuMrdeZ1CXztig","MJ1FKNZB4l2ggv7Jzv1aQQ","5wP11xB6tCITP8WF6S5AsQ","eG1Tur78lGPRLPysNSzadQ","wI2nhIRBxCsoAVgH3mLutA","HrmSIPsRNaLDnjmoRjz8cQ","IU86PZPgTDCFwJEuAg2j7g","UmEuFgnIeLAT4i5BXJPc6Q","fB3-xc2SabLM0Y7UZ3FwPg","AmhJFAQVEefzLQIBhGEh-w","KDbOaaiXwDl_LQl3Eaz1pQ","C2AYXgt_DXZCv0U-yWa5pw","QtD5YqdShk2OufCPvAyKaw","I9qmLAj2UVG3xyEe06pshA","3Kb__MMU4W2BH3Ja7TR6Ug","6jqI-rNpjt1J1x9r2IHcIQ","FgFj3ogZKp1T5GbQWqGElQ","J9UpiaRJO6Xf29D152WHBg","K7Brug05Y3E0x_Hof5MQzA","lYFIyXfT7qx9-h_GCt6YZQ","t8kCqoU0Qi33NfkxoBmnCw","INwvrONDo0reNSlPqVzS9g","EPasfqeKLet0wm4eoVfzPw","oZyRdHHzUKungMQGDpZcdA","-fh3LmHWCeS75sQp3NdrMw","K-SIuBjRG8YDsvDpOIxLug","qy1HyF1nCKaMJCg-vvB1Xw","sh9oqRuEIhpl0NLonFKNOA","G4mVLNaS8nVnHZbgYmE-gA","T10RTNWPJKk0LQAXVSpK4w","fRzX9yDyyV-lgidZXfMSxQ","SJv4h96jANeqI1mT0-7nQw","J4q4Ka9XITd0yNh1k6Lmgw","Gr4yoLzfGKPAZdagriI8Hg","jebtOORT6nhmXS2Nyhg7iQ","vADTrhy2jlu-pwLNJxxpCw","GsYR6ZKXIGdlfuc9loJHTQ","rsmZd23MaKn2fTTyc-hyKA","SkBSwIvcAe--nvUCm3KVKA","ZwDNQ3mRuCGMV6GueZ6rsw","NtgnkiM8AfjDvg1AIIKApg","Jr7PjdHlhlrn2yJR61MC_g","RlCYZhcn79QEGm90zNkCDw","K0YQCD3c45nJwj_bBEPk5w","CJ8Ta5ffOT9k6NYUBlHJBA","NlkV9KgbOf_BkqDkosfcDw","-x2hwRNGRKTDfCt2O9GakQ"],"useful":28,"funny":11,"cool":3,"fans":2,"elite":["2016","2015"],"average_stars":4.16,"compliment_hot":2,"compliment_more":0,"compliment_profile":0,"compliment_cute":0,"compliment_list":0,"compliment_note":0,"compliment_plain":0,"compliment_cool":0,"compliment_funny":0,"compliment_writer":0,"compliment_photos":0,"type":"user"}}
