{"review_id":"Ut2OQ7aiAE4KjhVXzmxj3A","user_id":"wd0OM5OdPfuQKwsonQyrzA","business_id":"9w_saPQbfOaqrKe5lJQ74A","stars":5,"date":"2014-09-03","text":"They are the best. Great flavor, it can not get more mom and pop, the owners are great the only issue I see us that it  is hard to stop eating them","useful":0,"funny":2,"cool":1,"type":"review","restaurant":{"name":"People's Bakery","neighborhood":"Eken Park","address":"2810 E Washington Ave","city":"Madison","state":"WI","postal_code":"53704","latitude":43.1029802,"longitude":-89.3456932,"stars":4.0,"review_count":64,"is_open":1,"attributes":["Alcohol: none","Ambience: {'romantic': False, 'intimate': False, 'classy': False, 'hipster': False, 'divey': False, 'touristy': False, 'trendy': False, 'upscale': False, 'casual': False}","BikeParking: True","BusinessAcceptsCreditCards: True","BusinessParking: {'garage': False, 'street': False, 'validated': False, 'lot': True, 'valet': False}","Caters: False","GoodForKids: True","HasTV: False","NoiseLevel: quiet","OutdoorSeating: False","RestaurantsAttire: casual","RestaurantsDelivery: True","RestaurantsGoodForGroups: False","RestaurantsPriceRange2: 1","RestaurantsReservations: False","RestaurantsTableService: False","RestaurantsTakeOut: True","WheelchairAccessible: True","WiFi: no","GoodForMeal: {'dessert': False, 'latenight': False, 'lunch': True, 'dinner': True, 'breakfast': False, 'brunch': False}"],"categories":["Middle Eastern","Specialty Food","Mediterranean","Ethnic Food","Bakeries","Restaurants","Donuts","Food","Lebanese"],"hours":["Monday 6:0-19:0","Tuesday 6:0-19:0","Wednesday 6:0-19:0","Thursday 6:0-19:0","Friday 6:0-19:0","Saturday 6:0-19:0","Sunday 6:0-18:0"],"type":"business"},"user":{"name":"Alex","review_count":2,"yelping_since":"2011-02-15","friends":["AxMEeFerCkD4gMRigIIH9w","QypWJH8hFY0bD75PGEdmew","4T0bDBg-n61k96UxAfF98g","oiYRe1Z1MYiJbptYnmBZFQ","snkR0X8l8EJF41gP3NybJg","LOImB6pyyzDjB4YLqEzMjw","Ct4krzXUtJk_ZR7nhY93HQ","rCuzrfDUG9DS_EphWbmwOw","LaGId26EBfpcN3Pf1bvW2A","DVlxQP_ua85lOBkgZw3-7g","vClh0i_LEK4K5_FkC8gLOQ","K5GRoHdHi_BRZqAy83NOUg","k_w-HCzHA-sLNItLOc6S-g","7dADAKKYrrrIWlAiq1yrsQ","MR9r9mYcw_DFIb3dWPeEPA","Rh9yXKC7MiWhwnqNoTZziw","uqqmUKClCgqiSs74h9QPHA","0J3cXCDhr7s3Ypc0f1QIHw","BS5uCJ5JsUXC4TEsYSe9nA","YZJJOu4f0vX5BaMEVNKmPA","AliB2O0lweuSLDmGJNO2RQ","l9-FShW6gPnHAcCRdaiNug","OfvJEvqPojotTeP661fO4w","3wNGZyHYdNaNS448oW_rVw","thEfMZFAX7H8tPuHVbDSXA","43QSmQzLbN20z1UL_qRn8w","7nc1XFcxKCiO55KDD2Ux_w","u9qAOv8kNNg0d2tuHGvYDQ","ikUJkpEynXha7byuzVD_vw","12mwygJDzUJE52TrlsGxpg","HR3DdCi3VGyJPXHlvG5CIw","z-RX7AET6oe3pqbK5l2EfA","bPapUVnUmq8iuy9lxnR6Qg","exUQoruSTLuljbm2z-qG0Q","OxGCSXj5ksCTNAHDo1Ub3w","ywS6YPTCkljxz0nlHLp5Jw","1QxbZUgYBrJ1B_VbF3KmFQ","FU9RvEIfA4K0Q0ykoQeZwg","BmMH9yEQmsSlnMFIBz-YoA","uhQQ0fy0th-e_jPl93gtbA","VPVktE-82EvjwmutgWW5Cw","rho2e3w6ztQ8XNead79UZw","lVQKZQJpQ-gEcvpQwIzLog","r8wJUnh2_dI4RtJVpXmgXw","NQN_G2MlP2YkDmZ29Yp6cg","1x31YZMW1jg1P4ZfylGKPQ","oAdNWVPfZE9CG81TVfKz6Q","coMMWCJXtjwzJXT1TZfwlg","xJbWdN6CH_VIR662kR5CSQ","58O65cdjNkVfDmwKhj6s1Q","-Ja07f8CpDIiKBEo-oHCFw","6ZpH68eXDtFz3tBM62UGMw","LdUDQ9QCnMHsn1nGDk16UA","vQjFSlVDh7hAW5HVSHK_gQ","GFnFJZ7DUyA34d8xpSchhg","YRqz15_Z6jUSiOsOPCZYLg","CShbGfeZ4JKy4TSCc4LQKA","tffu3W18YsuSZ079cPWfww","iQpxFM_2gWIl_k6jH6wfdg","mHLnvbQhSx2n93i6P5DCKA","tOej5SzXvgOAIsDzUe8nvA","sPnmD3_wvRxxQ352InVfvQ","fi3UbjzWPnQkRFt68FT6dg","j5qJbykB0yWQhEZThb7GzQ","4yJhJGZYpuvfe9nYhR6M_g"],"useful":0,"funny":1,"cool":0,"fans":0,"elite":["None"],"average_stars":5.0,"compliment_hot":0,"compliment_more":0,"compliment_profile":0,"compliment_cute":0,"compliment_list":0,"compliment_note":0,"compliment_plain":0,"compliment_cool":0,"compliment_funny":0,"compliment_writer":0,"compliment_photos":0,"type":"user"}}
