{"review_id":"1S6pFCPxmxbNlXnkcMieDg","user_id":"tIHrL2AHQSsDnwRxjYLVHA","business_id":"VKNwgZGroTNHcPqgRtmcpA","stars":5,"date":"2016-10-19","text":"The best <pad thai> I have had so far, the <lettuce wraps> are good as are the <chang`s chicken> and their deserts.","useful":0,"funny":0,"cool":1,"type":"review","restaurant":{"name":"P.F. Chang's","neighborhood":"","address":"2237 Deming Way","city":"Middleton","state":"WI","postal_code":"53562","latitude":43.097558,"longitude":-89.519932,"stars":3.0,"review_count":76,"is_open":1,"attributes":["Alcohol: full_bar","Ambience: {'romantic': False, 'intimate': False, 'classy': False, 'hipster': False, 'divey': False, 'touristy': False, 'trendy': False, 'upscale': False, 'casual': True}","BikeParking: True","BusinessAcceptsCreditCards: True","BusinessParking: {'garage': False, 'street': False, 'validated': False, 'lot': True, 'valet': False}","GoodForKids: True","GoodForMeal: {'dessert': False, 'latenight': False, 'lunch': False, 'dinner': True, 'breakfast': False, 'brunch': False}","HasTV: True","NoiseLevel: average","OutdoorSeating: True","RestaurantsAttire: casual","RestaurantsDelivery: False","RestaurantsGoodForGroups: True","RestaurantsPriceRange2: 2","RestaurantsReservations: True","RestaurantsTableService: True","RestaurantsTakeOut: True","WheelchairAccessible: True","WiFi: free"],"categories":["Asian Fusion","Chinese","Restaurants","Gluten-Free"],"hours":["Monday 11:0-22:0","Tuesday 11:0-22:0","Wednesday 11:0-22:0","Thursday 11:0-22:0","Friday 11:0-22:0","Saturday 11:0-22:0","Sunday 11:0-22:0"],"type":"business"},"user":{"name":"Jody","review_count":42,"yelping_since":"2013-07-02","friends":["lKINldrjub17ELm-N_6MSg"],"useful":62,"funny":95,"cool":1,"fans":0,"elite":["None"],"average_stars":2.23,"compliment_hot":0,"compliment_more":0,"compliment_profile":0,"compliment_cute":0,"compliment_list":0,"compliment_note":0,"compliment_plain":0,"compliment_cool":0,"compliment_funny":0,"compliment_writer":0,"compliment_photos":0,"type":"user"}}
