{"review_id":"-e8h9IrvMjASwCzwOs61Vw","user_id":"ez--c1aYDgLLw4Ugu_qe2A","business_id":"JEoi9ITPZM58EnZBAubijA","stars":5,"date":"2015-08-19","text":"I have been looking for a relaxed, casual, yet quality place around Madison and this is it! From their wide selection of home-brewed <craft beers>, to the varying and tasty menu, this is a must-try for anyone! The waitstaff and bar tenders were super friendly and accommodating. Some of the highlights of our visit were the ranch dressing and the <bees knees craft beer>. They also have some very local <cheese curds>. I highly recommend Vintage to everyone!","useful":1,"funny":0,"cool":1,"type":"review","restaurant":{"name":"Vintage Brewing Co.","neighborhood":"","address":"674 S Whitney Way","city":"Madison","state":"WI","postal_code":"53719","latitude":43.0509492,"longitude":-89.4739301,"stars":3.5,"review_count":232,"is_open":1,"attributes":["Alcohol: full_bar","Ambience: {'romantic': False, 'intimate': False, 'classy': False, 'hipster': False, 'divey': False, 'touristy': False, 'trendy': False, 'upscale': False, 'casual': True}","BestNights: {'monday': False, 'tuesday': False, 'friday': True, 'wednesday': False, 'thursday': True, 'sunday': False, 'saturday': True}","BikeParking: True","BusinessAcceptsCreditCards: True","BusinessParking: {'garage': False, 'street': False, 'validated': False, 'lot': True, 'valet': False}","ByAppointmentOnly: False","Caters: True","CoatCheck: False","GoodForDancing: False","GoodForKids: True","GoodForMeal: {'dessert': False, 'latenight': True, 'lunch': True, 'dinner': True, 'breakfast': False, 'brunch': False}","HappyHour: True","HasTV: True","Music: {'dj': False, 'background_music': False, 'no_music': False, 'karaoke': False, 'live': False, 'video': False, 'jukebox': False}","NoiseLevel: average","OutdoorSeating: True","RestaurantsAttire: casual","RestaurantsDelivery: False","RestaurantsGoodForGroups: True","RestaurantsPriceRange2: 2","RestaurantsReservations: True","RestaurantsTableService: True","RestaurantsTakeOut: True","Smoking: no","WheelchairAccessible: True","WiFi: free"],"categories":["American (Traditional)","Bars","Nightlife","Food","Breweries","Restaurants"],"hours":["Monday 11:0-2:0","Tuesday 11:0-2:0","Wednesday 11:0-2:0","Thursday 11:0-2:0","Friday 11:0-2:0","Saturday 11:0-2:0","Sunday 11:0-2:0"],"type":"business"},"user":{"name":"Carey","review_count":10,"yelping_since":"2015-06-14","friends":["8VS5E8jXxfWP0qYEvcSMZQ","cjWW4AP7P-qXwguJRZspAA","d4_V_YsX4lJpSn9L-fcU6A","bL8lqk0wUNQLjQwILmY_Ig","AKOB00OyQzRJr9NFxiCaow","kmSPmS6rrR3nTvPwuvAIUQ","YWyLu1u2n-pl9bm5s_fY4A","XGQS_UGPGYuQG7b2Ax0rsw","o6wmUAnydJeKj2V--VBSKA","-l-K-vqZ5meztGpJCGOcZA","h_G7UPcmSmzt6KW7h1icYQ","XqUN9ERqeb5Q3vaiKwzOrw","5zBxIwgI6E9wXzjdHu_F4g","ip6qIzXb2KVs9WxwkmElZw","4u90qnJIDHP5JIdIbbvGRA","URjpnc0_xRxWZ0Qe3VSANw","FTG4y6a5k2smZv30clgsmw","LzQRCqx_5QSjsSO5Cqtg4A","xmztgCb6J3W2_BZ5DbeQrQ","1UNQBjhR5FacD8cmI2uDMw","oV8TgjGPTWM3zaDZ60x-MA","aiNbgruUhjDDa9XBZJEdtw","D22DjLQJliFOyhCmmADo5A","t2GsIrXQX4gRjzqUcfyUOA","opf3uH03eHzDo-i9OibQ4w","U4DEfnFJ7D9nQcsqz_iJdA","uDSR7WOcsKRnb_vs6Rhdzg","GNwA-mGnsxCHffpSepfScg","Fni5xR5FXMl0udJsVtDc2A","Oc7BYU7Gxs-V0STjbcUMvA","T5z22VqO2q5zBL-V6hFwlQ","uzkreWazOCccoaOK1IM-dw","-U8GoILZL40W9KrXbd7Zyg","BGySWRhv9g_75izrVqtrfg","ikvIyQKsP7Q_xBoJQYv7ug","tRvPhbESgukSL2qJmL9NBg","p5oID6cDhlM5rtI5JltMKQ","83E6aI1Y08xGJVpSDWn_oA","GPpMV3rMZYz2GDu7nO2_qA","amTzmA3rQmK7qw5GPO3vFA","S77ENebxr6FWxo_NvdnP2Q","RdFVotbveEMkw6bBBT0Pjw","LW_IDrHiOWyPHfM4CYS8FA","u4sr6G2B8fIcLezlxUnQkg","6C3nCFFKUOp_GY1ITKb89g","E_JC5egwvX_azXOh2WZ1-w","CRJo_ynH5FVK7fyIGWTkLQ","3ay0Gaf-eoI2m0yvW29Zlw","pSSag7eCo2QmC1hV2wpNmA","Gho0hSm-h2Xyx8S_lT0VyA","U42dMuNP9FdEN89vQJrkBQ","yjWL8Imue9jvix1jIjk8jw","gzikoOn7Hg4KWf5AVaIAxg","UQpHPBc0OCVPgpZiakp9HQ","qlHAk8jhsSUxWUmN_jQOFQ","cOkM2MxBRly5PiWyUHE7sw","-xMP5a7A6SbjzahFmjPi_g","8FvuWpTEjXyvNMMMpMAeDA","FwE7UqthlLlU1NCxjgGZGQ","yjvk_WN8wWhKuWQ6mxQcuQ","vCT8eCKhWlXswf2FvxvWQQ","fJ_qSZH_akvWzHUPMqab1g","fWWBhP0veAuoDnktHouJ0Q","zlG8X1ANHPiW8Xzirw_x3Q","9PRHQv-MQG5uCdE_vSFLVw","bZd4AELblcgTHG33MaFEbQ","nvcJ2w3RXSY22HDSPFQGjg","bpP5uHuTqgOzlwh6NtAqCw"],"useful":3,"funny":0,"cool":0,"fans":0,"elite":["None"],"average_stars":4.9,"compliment_hot":0,"compliment_more":0,"compliment_profile":0,"compliment_cute":0,"compliment_list":0,"compliment_note":0,"compliment_plain":0,"compliment_cool":0,"compliment_funny":0,"compliment_writer":0,"compliment_photos":0,"type":"user"}}
