{"review_id":"WHMpc4zawj-PsYEHfOLARg","user_id":"O7Wru5nlVMwXzuI1-CNG4Q","business_id":"dsvLqlcYaD0QbVGjVKm-lg","stars":5,"date":"2012-08-09","text":"Alt' N Bach's serves great bar food and pours strong drinks. As a vegetarian, I never imagined I could eat good food here. Besides very good <soups> and <salads> (and a <veggie burger>), co-owner Kathleen brings in vegetables from her garden and they make <veggie and turkey ciabattas> with them, as well as a very tasty <caprese salad>. Not your usual bar food, at very reasonable prices and with great service from the staff.","useful":0,"funny":0,"cool":0,"type":"review","restaurant":{"name":"Alt' N Bach's Town Tap","neighborhood":"","address":"2602 Whalen Ln","city":"Madison","state":"WI","postal_code":"53713","latitude":43.0367897,"longitude":-89.4184613,"stars":4.0,"review_count":26,"is_open":1,"attributes":["Alcohol: full_bar","Ambience: {'romantic': False, 'intimate': False, 'classy': False, 'hipster': False, 'divey': False, 'touristy': False, 'trendy': False, 'upscale': False, 'casual': True}","BestNights: {'monday': False, 'tuesday': False, 'friday': True, 'wednesday': True, 'thursday': True, 'sunday': False, 'saturday': False}","BikeParking: True","BusinessAcceptsCreditCards: True","BusinessParking: {'garage': False, 'street': False, 'validated': False, 'lot': True, 'valet': False}","Caters: False","CoatCheck: False","GoodForDancing: False","GoodForKids: True","GoodForMeal: {'dessert': False, 'latenight': False, 'lunch': False, 'dinner': False, 'breakfast': False, 'brunch': False}","HappyHour: True","HasTV: True","Music: {'dj': False, 'background_music': False, 'no_music': False, 'karaoke': False, 'live': False, 'video': False, 'jukebox': True}","NoiseLevel: average","RestaurantsAttire: casual","RestaurantsDelivery: False","RestaurantsGoodForGroups: True","RestaurantsPriceRange2: 1","RestaurantsReservations: False","RestaurantsTableService: True","RestaurantsTakeOut: True","Smoking: outdoor","WheelchairAccessible: True","WiFi: free","OutdoorSeating: False"],"categories":["Dive Bars","Bars","Restaurants","American (Traditional)","Nightlife"],"hours":["Monday 11:0-2:0","Tuesday 11:0-2:0","Wednesday 11:0-2:0","Thursday 11:0-2:0","Friday 11:0-2:30","Saturday 11:0-2:30","Sunday 11:0-2:0"],"type":"business"},"user":{"name":"Jeff","review_count":9,"yelping_since":"2012-07-26","friends":["None"],"useful":0,"funny":0,"cool":0,"fans":1,"elite":["None"],"average_stars":2.44,"compliment_hot":0,"compliment_more":0,"compliment_profile":0,"compliment_cute":0,"compliment_list":0,"compliment_note":0,"compliment_plain":0,"compliment_cool":0,"compliment_funny":0,"compliment_writer":1,"compliment_photos":0,"type":"user"}}
