{"review_id":"y2BaynEfef7HqVSRpVwp3Q","user_id":"hn0b6eGHkYUXRIAyfVWYug","business_id":"llKBbswD5XIb-kXFSCP9Tg","stars":5,"date":"2016-04-04","text":"Best Indian food in town. Specially North Indian food. Excellent customer service \nSo, you wouldn't be disappointed.","useful":0,"funny":0,"cool":1,"type":"review","restaurant":{"name":"Swad","neighborhood":"","address":"6007 Monona Dr","city":"Monona","state":"WI","postal_code":"53716","latitude":43.0536515867,"longitude":-89.3257521496,"stars":4.5,"review_count":149,"is_open":1,"attributes":["Alcohol: beer_and_wine","Ambience: {'romantic': False, 'intimate': False, 'classy': False, 'hipster': False, 'divey': False, 'touristy': False, 'trendy': False, 'upscale': False, 'casual': True}","BikeParking: True","BusinessAcceptsCreditCards: True","BusinessParking: {'garage': False, 'street': False, 'validated': False, 'lot': True, 'valet': False}","Caters: True","GoodForKids: True","GoodForMeal: {'dessert': False, 'latenight': False, 'lunch': True, 'dinner': True, 'breakfast': False, 'brunch': False}","HasTV: False","NoiseLevel: average","OutdoorSeating: False","RestaurantsAttire: casual","RestaurantsDelivery: True","RestaurantsGoodForGroups: True","RestaurantsPriceRange2: 2","RestaurantsReservations: True","RestaurantsTableService: True","RestaurantsTakeOut: True","WiFi: no"],"categories":["Restaurants","Indian"],"hours":["Tuesday 11:30-15:0","Tuesday 17:0-22:0","Wednesday 11:30-15:0","Wednesday 17:0-22:0","Thursday 11:30-15:0","Thursday 17:0-22:0","Friday 11:30-15:0","Friday 17:0-22:0","Saturday 11:30-15:0","Saturday 17:0-22:0","Sunday 11:30-15:0","Sunday 17:0-22:0"],"type":"business"},"user":{"name":"Kala","review_count":2,"yelping_since":"2014-06-14","friends":["None"],"useful":51,"funny":35,"cool":12,"fans":0,"elite":["None"],"average_stars":3.0,"compliment_hot":0,"compliment_more":0,"compliment_profile":0,"compliment_cute":0,"compliment_list":0,"compliment_note":0,"compliment_plain":0,"compliment_cool":0,"compliment_funny":0,"compliment_writer":0,"compliment_photos":0,"type":"user"}}
