{"review_id":"xmu_1p_nd67kuoneXRx7Rg","user_id":"kemlwzFHggVl9RNVxdGrlA","business_id":"kz5UANVmPxpllcoLnZBNhg","stars":4,"date":"2011-07-01","text":"Large menu filled with delicious entrees. Quality Wisconsin comfort food. I always try something new and have never been disappointed. Great place for brunch, lunch, dinner or a late night foray.  Huge selection of great <beers> and other drinks... also a <bloody mary> bar! WIN! Cozy atmosphere and a great place for families or large groups. Also a nice place to kick back at the bar and watch sports. The building is pretty large so even when it's packed you will never have to wait very long for a table.","useful":0,"funny":1,"cool":0,"type":"review","restaurant":{"name":"Great Dane Pub & Brewing Co","neighborhood":"McClellan Park","address":"876 Jupiter Dr","city":"Madison","state":"WI","postal_code":"53718","latitude":43.085345,"longitude":-89.279863,"stars":3.5,"review_count":88,"is_open":1,"attributes":["Alcohol: full_bar","Ambience: {'romantic': False, 'intimate': False, 'classy': False, 'hipster': False, 'divey': False, 'touristy': False, 'trendy': False, 'upscale': False, 'casual': True}","BestNights: {'monday': False, 'tuesday': False, 'friday': True, 'wednesday': False, 'thursday': False, 'sunday': True, 'saturday': True}","BikeParking: True","BusinessAcceptsBitcoin: False","BusinessAcceptsCreditCards: True","BusinessParking: {'garage': False, 'street': False, 'validated': False, 'lot': True, 'valet': False}","Caters: True","CoatCheck: False","DogsAllowed: False","GoodForDancing: False","GoodForKids: True","GoodForMeal: {'dessert': False, 'latenight': False, 'lunch': True, 'dinner': True, 'breakfast': False, 'brunch': True}","HappyHour: True","HasTV: True","Music: {'dj': False, 'background_music': False, 'no_music': False, 'karaoke': False, 'live': False, 'video': False, 'jukebox': False}","NoiseLevel: average","OutdoorSeating: True","RestaurantsAttire: casual","RestaurantsDelivery: False","RestaurantsGoodForGroups: True","RestaurantsPriceRange2: 2","RestaurantsReservations: True","RestaurantsTableService: True","RestaurantsTakeOut: True","Smoking: no","WheelchairAccessible: True","WiFi: free"],"categories":["Pubs","Nightlife","Breweries","Bars","Gift Shops","Gastropubs","Food","Shopping","Flowers & Gifts","Restaurants"],"hours":["Monday 11:0-2:0","Tuesday 11:0-2:0","Wednesday 11:0-2:0","Thursday 11:0-2:0","Friday 11:0-2:30","Saturday 11:0-2:30","Sunday 10:0-2:0"],"type":"business"},"user":{"name":"Becky","review_count":21,"yelping_since":"2011-06-27","friends":["UTRhQpb-4nGbwEX4A5LRtw","XKHzaP0spQUVroMRikHj0Q","BIwFDfGhk23-fI4rDX_JnQ","1mKQxRqM7gLWcDgtXzdOWw","FTE9zxtjl5EuJ7N7LHC35w"],"useful":0,"funny":2,"cool":2,"fans":1,"elite":["None"],"average_stars":3.36,"compliment_hot":1,"compliment_more":0,"compliment_profile":0,"compliment_cute":0,"compliment_list":0,"compliment_note":0,"compliment_plain":0,"compliment_cool":0,"compliment_funny":0,"compliment_writer":0,"compliment_photos":0,"type":"user"}}
