{"review_id":"h6hWvvoTMPMHWmq_na7TeA","user_id":"3vrSd3YzDk5hONlKURB-oQ","business_id":"eab04KSBbf30FqB4cH8erQ","stars":5,"date":"2015-02-07","text":"As someone who has been to Japan, and is educated on <ramen>, let me tell you how surprised I was with the superior quality of their <tonkatsu ramen>. The broth is buttery and amazing. I recommend adding the shiitake mushrooms. Go here!!","useful":1,"funny":1,"cool":0,"type":"review","restaurant":{"name":"Umami Ramen & Dumpling Bar","neighborhood":"Williamson - Marquette","address":"923 Williamson St","city":"Madison","state":"WI","postal_code":"53703","latitude":43.079822,"longitude":-89.368671,"stars":3.5,"review_count":276,"is_open":1,"attributes":["Alcohol: full_bar","Ambience: {'romantic': False, 'intimate': False, 'classy': False, 'hipster': False, 'divey': False, 'touristy': False, 'trendy': True, 'upscale': False, 'casual': False}","BikeParking: True","BusinessAcceptsBitcoin: False","BusinessAcceptsCreditCards: True","BusinessParking: {'garage': False, 'street': True, 'validated': False, 'lot': True, 'valet': False}","Caters: True","DogsAllowed: False","GoodForKids: True","GoodForMeal: {'dessert': False, 'latenight': False, 'lunch': False, 'dinner': True, 'breakfast': False, 'brunch': False}","HasTV: True","NoiseLevel: average","OutdoorSeating: True","RestaurantsAttire: casual","RestaurantsDelivery: False","RestaurantsGoodForGroups: True","RestaurantsPriceRange2: 2","RestaurantsReservations: True","RestaurantsTableService: True","RestaurantsTakeOut: True","WheelchairAccessible: True","WiFi: no"],"categories":["Taiwanese","Chinese","Japanese","Restaurants","Asian Fusion"],"hours":["Monday 17:0-22:0","Tuesday 17:0-22:0","Wednesday 17:0-22:0","Thursday 17:0-22:0","Friday 17:0-22:0","Saturday 17:0-22:0","Sunday 10:0-14:0"],"type":"business"},"user":{"name":"Mark","review_count":50,"yelping_since":"2010-08-07","friends":["zy4NqQpPWNRftutQEhVb1g","KsyqYVlrYQ3-45Ho-qBLpw","ZQIbzhA77wGG7Izp9zb-1A","y8_M7ml_fiF8q4BdFE_afw","OvJa0KGDJc-71i5-txhKBQ","XnQghES3qwxC5_Iy5IHo6w","pX6RyKpFEd8g_GKMONNkJg","SY3PAmTOPUbNOuaMneg68Q","KXS8Ef_sia84kK4yUeW4oQ","1Wm-rrr7qHQG57I5dSU7bQ","XAcRo07tn4zsvPSjsepRpg","VGoYoxfPmjHWFZhBP6DHjA","L5D9SSUWjLlAlEQFvHhE7A","s3s0Dbqx4T28b9FTFFk1aA","mqf7xO1AeQxkAOhWJz5Mlg","4yI-ZkwyeBxumNCZMqlM8g","8D5ygVLHXjEiEIgSuS4jgw","yxEuejFvm-EccGAKNaH9-A","eAOtgGE6tYQ2eeCikB3Y4w","wmMzzeFP5baR7VsJso-YMQ","5w_FR3wYK0MtOyYUBCR9ZA","XdTCFMVQlp2pOO2x2pK2LA","wEE-YMx5pmSuagLtNxMPKA","iZhWunVsatwWF675LNEjsQ","NjuIF5fIdWISrFt0DXwk3g","1oESkFxxioqb29TJ5l_V2Q","emRWCEj46rrKbgQtG938Dg","zVhdnR2MaJVarQY3MO7pVQ","t-62Adk4fnj1vK88jLEc9Q","qmXKvtJe83rMLXsvkRMlBQ","KM1RYMyCE8rVf0Z1szkXpw","Xn_wAkP6f3jm7bd6sFLNjg","1ujOBL29hhJN7OYdL6toug","Zo_j48tSoQTwgyIa1hOvnA","7qvL375EEvxwZRhQhnzHDw","UCAXYFp7JEAPd_0eq30PFQ","67TP478nKeedtJwLcVK1mw","9_cSe_vDhFHf2og1y4spXw","R8_6AN2nr94s4yxkFQJAiw","h6RljeCdO9c4RWScVVwTEw","vCocQlexLqshgHK1bAwftg","aNq-uWjdirgsPT6doa8shQ","ULJde5imsvqvaMSpbeUQ3A","qAb-T-akQzMHpHiSKpfMxQ","MVGSzh8eFzCrEdTeOwLlUQ","T_7CNgVMyVHJURO3jkyzyw","_Eqyi_i032R6Kzx52-suxA","TgBJo9CwcJFCNdK9nWZNCg","GS88nAi4nvmqZb64dHhXEg","sZJudOtV0LdyMsqy8KnfLw","uDkxGvPRF2Ws7mH1zlqUoQ","ghTHgFAmeOBg9V4Y1GuTTg","64-wH73lKJVXREK1zM7spg","7Tk-wjCtj2fEkPva7k1xHA","g2JhotmK-Dx6PFCRCebgVw","vbLTUXjlEKZ_y9FVgsGKSw","QWsECQSCW8_FhtbbVJBJVA","VnYQJWfWa4jGHxXsPivEmQ","0uAO-hR8MYax0-GRtz7MfA","pMZphe2sXazo3x2pkT-ruw","hp4HiwwKUqQ3A22spAzyqg","MfmzD9A_kHurxiyn67ne1Q","qFl9reIN0aBen_IvrjpnBQ"],"useful":6,"funny":1,"cool":0,"fans":4,"elite":["2015"],"average_stars":3.78,"compliment_hot":1,"compliment_more":2,"compliment_profile":0,"compliment_cute":0,"compliment_list":0,"compliment_note":1,"compliment_plain":1,"compliment_cool":2,"compliment_funny":2,"compliment_writer":1,"compliment_photos":0,"type":"user"}}
