{"review_id":"k20o_ROQ8kwmElmHPZgG_g","user_id":"CADTF2yjqAJA2VWmYZGp5g","business_id":"iu_gqOmU82QAkoEgfmM_og","stars":2,"date":"2008-09-24","text":"The Branch Street retreat is a descent looking bar. It as all the up to date TV's, pool tables, Jux, and dart boards. The problem with the place is that it consistently plays rap music and that there is no on ever there. If you want low key this is the place to go.  There drinks are also on the expensive side and they are not very strong. \n\nOn the plus side their food is delicious, their service is usually quick(because no is there) and you can usually find a descent seat to watch a sporting event by yourself.  They also are kind enough to sponsor many sports teams(at least mine) for the last year or so. So I would love for people to start going there to make the place that much better.  The only thing this place lacks is the crowd!!","useful":0,"funny":0,"cool":0,"type":"review","restaurant":{"name":"BSR - Branch Street Retreat","neighborhood":"","address":"2644 Branch St","city":"Middleton","state":"WI","postal_code":"53562","latitude":43.1037526,"longitude":-89.4930547,"stars":2.5,"review_count":15,"is_open":0,"attributes":["Alcohol: full_bar","Ambience: {'romantic': False, 'intimate': False, 'classy': False, 'hipster': False, 'divey': False, 'touristy': False, 'trendy': False, 'upscale': False, 'casual': True}","BestNights: {'monday': False, 'tuesday': False, 'friday': True, 'wednesday': False, 'thursday': False, 'sunday': False, 'saturday': False}","BikeParking: False","BusinessAcceptsCreditCards: True","BusinessParking: {'garage': False, 'street': False, 'validated': False, 'lot': True, 'valet': False}","CoatCheck: False","GoodForDancing: True","HappyHour: True","HasTV: True","Music: {'dj': False, 'background_music': False, 'no_music': False, 'karaoke': False, 'live': False, 'video': False, 'jukebox': True}","NoiseLevel: average","OutdoorSeating: True","RestaurantsGoodForGroups: True","RestaurantsPriceRange2: 1","Smoking: outdoor","WheelchairAccessible: True"],"categories":["Bars","Restaurants","Nightlife","Food"],"hours":["Thursday 16:0-2:0","Friday 16:0-2:0","Saturday 23:0-2:30","Sunday 23:0-2:30"],"type":"business"},"user":{"name":"Michael","review_count":6,"yelping_since":"2008-09-04","friends":["b2z_tzR1pZci99i_cKLNGw","7yVld9vOBIwhK3h7EEQ9gg","lwKFXEE-nhfvD-bbEWIn3w","anWMbDARVibhPMDS4K9R2Q","ldhjWANKXZO5nlvCLaxoQA"],"useful":1,"funny":2,"cool":1,"fans":0,"elite":["None"],"average_stars":3.17,"compliment_hot":0,"compliment_more":0,"compliment_profile":0,"compliment_cute":0,"compliment_list":0,"compliment_note":1,"compliment_plain":0,"compliment_cool":1,"compliment_funny":1,"compliment_writer":0,"compliment_photos":0,"type":"user"}}
