{"review_id":"WaOdCYT_JESgwGGo8-Iz_A","user_id":"WGxewLnRg6VSsYuffM5cmw","business_id":"-mst4KdHEmeF3Qm0Xfouhw","stars":1,"date":"2016-11-28","text":"I came in this morning and this man worker came up and didn't say hello. He grabbed on his phone to check unimportant things then he asked me what <bread> I would want I told him I want Italian, but it ran out!? It's 9am! I want the <bread> to enjoy my meal with. Then I picked different <bread>, then I asked for ham he didn't put the ham in a right way and it was very sloppy! I would never come back again, no manners and did not receive what I wanted for my lunch. :(","useful":0,"funny":0,"cool":0,"type":"review","restaurant":{"name":"Subway","neighborhood":"","address":"6000 Monona Dr, Ste 100","city":"Madison","state":"WI","postal_code":"53716","latitude":43.0539464275,"longitude":-89.3249382824,"stars":1.5,"review_count":4,"is_open":1,"attributes":["RestaurantsPriceRange2: 1","RestaurantsGoodForGroups: False","RestaurantsTakeOut: True"],"categories":["Sandwiches","Fast Food","Restaurants"],"hours":["Monday 7:0-22:0","Tuesday 7:0-22:0","Wednesday 7:0-22:0","Thursday 7:0-22:0","Friday 7:0-22:0","Saturday 8:0-21:0","Sunday 9:0-21:0"],"type":"business"},"user":{"name":"Valerie","review_count":1,"yelping_since":"2014-05-23","friends":["6e6W5hizu-UeQlcAVEp-qQ","_pBdvorc4zlbkm6vVTPcYw","TCKXkwtcMiKU4Oh-4cusug","cSBXV2156Musms_BGPR0Pw"],"useful":0,"funny":0,"cool":0,"fans":0,"elite":["None"],"average_stars":1.0,"compliment_hot":0,"compliment_more":0,"compliment_profile":0,"compliment_cute":0,"compliment_list":0,"compliment_note":0,"compliment_plain":0,"compliment_cool":0,"compliment_funny":0,"compliment_writer":0,"compliment_photos":0,"type":"user"}}
