{"review_id":"ZYbe2yow3eiBFVX-h2owSQ","user_id":"9aUSrO_p4LVNQgxr7RfogA","business_id":"OnKyFU0FsiPVd8Jwl6st6g","stars":3,"date":"2014-06-29","text":"Parking is difficult downtown, but after circling a few times we got a spot in front.  We sampled some cheese and picked out several we loved.  I asked if they had any Italian cheese, and apparently Wisconsin takes their cheese very seriously, as I was told \"we only sell Wisconsin cheese\".  California cheese shops sell everything, even Wisconsin, so I didn't realize there was a difference.  Then we had them make up a gift basket which was very nice.  Although they have many options, I doubt I will visit again, primarily because we love all cheese and we don't want the limitation.","useful":0,"funny":0,"cool":0,"type":"review","restaurant":{"name":"Fromagination","neighborhood":"Capitol","address":"12 S Carroll St","city":"Madison","state":"WI","postal_code":"53703","latitude":43.0733776,"longitude":-89.3850765,"stars":4.0,"review_count":163,"is_open":1,"attributes":["Alcohol: beer_and_wine","BikeParking: True","BusinessAcceptsCreditCards: True","BusinessParking: {'garage': False, 'street': True, 'validated': False, 'lot': False, 'valet': False}","Caters: True","GoodForKids: False","GoodForMeal: {'dessert': False, 'latenight': False, 'lunch': True, 'dinner': False, 'breakfast': False, 'brunch': False}","HasTV: False","NoiseLevel: quiet","OutdoorSeating: True","RestaurantsAttire: casual","RestaurantsDelivery: True","RestaurantsGoodForGroups: False","RestaurantsPriceRange2: 2","RestaurantsReservations: False","RestaurantsTableService: False","RestaurantsTakeOut: True","WheelchairAccessible: True","WiFi: no","Ambience: {'romantic': False, 'intimate': False, 'classy': False, 'hipster': False, 'divey': False, 'touristy': False, 'trendy': True, 'upscale': False, 'casual': True}"],"categories":["Restaurants","Food","Specialty Food","Cheese Shops","Sandwiches"],"hours":["Monday 10:0-18:0","Tuesday 10:0-18:0","Wednesday 10:0-18:0","Thursday 10:0-19:0","Friday 10:0-19:0","Saturday 8:0-17:0","Sunday 11:0-16:0"],"type":"business"},"user":{"name":"Tawny","review_count":68,"yelping_since":"2009-05-30","friends":["_QcuGrEhoalOD7H2i5NVpQ","6UteJ0ctxraNIQ6koVNBKg","ECml8har9Vlpkf68zF3X2w","JTW6dZCeGaZgfwedA3yFKA","O47pxj7qptF6VBqdDxjrEg","3SXJsH1xCbJdn4h8MvAqQA","J3--tIHTU6hMZIKkJW5jiA","5x6OhyOl1la0BjxnhyNJpQ","AA5yBUyF63BWE7UKFdjZoQ","FkeOqctlX-rJk2U5tn0Sgg","4CkDM3nwdokADvwmV2Vk4Q","44j0ruJ14m9EHLOdOlMmpw","hCzMNVI91XwodmhwaXQccA","52rlEGD2C5feS-N-BJt7OQ","M7IqXA6uBt1ji-WrFm-YtQ","D0lJXbO9NPfim1wMwfGOvg","YZqzFWkbYmzwO0Imc3QFxg","nDYjAqcEDJFrIbMrD7uRNg","QRE6vdC5xzRW2yYZLi1qmQ","Te39EgNWYsqYoDb41ARApg","MSqlUZJw0oVRdkVadNYy0Q","1vXJWH7L0IMEz5-8aU3SOA","ogEMCo-SU_LmU1UJMyHarA","fA4zvFWVLid8V6LE5cgVYA","kqA_JOIxAnXDNV6ccyT1UA","bjklldLHD0UBUpAuv16pfw","pwyw12Ld4szj7kndYrDKjw","zZgI9zdKfBMoOtkPFGVNtA","qm6wKvzpKJohcE8-puLmyQ","e_3kTdMdBKvntlqjK5AQfw","TLyeeSEIlwhC_4r3JYCkMA","EXy7wXXvNUI98LvzxhdJRQ","gtwyXviAaqirhX2FK5pYuw","bcdA8VCi1UCQsQofvPtiow","1NXoQbVnUKPxQdmA-KfYfw","d72E1vfgxJAFR6tdEPRBpA","999TbTbwJ-rsUUu1HmdD7Q","K5q3XUsA-uqSA7_fR4gylw","OOnviMyBHY1Ca7e-x282Fw","2lOsDWBF1nkzTKolRdtpJg","x1FI-BcnCuh-a-G-1fBgmg","zHZcpzfsOcq49y9hM4qOYg","aavYyRfNkpwhiBVwstQlVQ","YUSkci4E-ezR55A5WQ2GYw","l423fcQY43Ahx8MKA-pC2w","sGDnrRV98fsfWRxG7N8vbw","Bo2AhtobMByTTN63mwfRzg","b3oiOTCvDmbwOymQdUodcA","3zgWbAtNHQl_VjvJsZOSIQ","G02uT73065mZGqzZfi6Zeg","hZ8B1JG6XlMZKtdQAZgHOQ","lrgq-Gr-l8m0v5WEmVXP6g","cFhrT_zH8Wr875ivgjphmQ","e6oiTZEnknLy9AnfBq2vMw","R0sCgPnkBV0qx0qqtNLKZQ","wV6oBoQw0l0Qjz4UUqhJ-Q","d5RX0f6wjNSkHBYhe9x2gg","UpJkrz_tqBowWcZ9b5k2Fw","TI5k2NCQjInnHga6R3jF2g","vrCWRujtod6YqPdIMy13Yg","4egQr2JDdNCO5Bv_IQpHWQ","fhf_HVvXCtome-4fE-Qc5g","6BG3yh3hIuEnpmzbc3q7dA","GB8WLpAVWrqT5JBjL8VSHA","9_hdd4NZ58JMEKwwbuJXdQ","Hgbi2eCa91rAHl0bTDyuYQ","6vhDLje09NiCmyAQoZX_nA","SyKOr6D7rdVH1g8vEQSImg","oJpgJMM0mD2jtvUK9NodMA","xscTVLmY7tkX17vHP6ifRw","kPKXqAHQZCKBq1ivGj967g","KwaxRNTD3ny7j--B6BT94A","s9hCOyK4rCsxe_8RtSkSmg","oJxJOB80Zl0_iv2-DrnZXw","Mhh8rgLrZM7Cf-foguYBvQ","P3JMaHfp3_Gh9g_xk8qLdQ","Nypze73N5gZGwLHYD_mSQw","1UlmjS1aJyv4zgPg--qrjA","NXqWbBy3Uj-JUPNtAkNm-w","dyP97NCG6GcOKGeVhkLrbg","hqyh-nL-SQnqlMj63H08mA","WGQ4CuW3rZEU4oIsLYvc-g","jbJPkSTxAW6EYPQyPSga5w","EXKDLuYoZUKUNNNYA7TlGQ","bAfBUZja4Hy3TNGecjoa3g","kmJvgi-8XgCwPVU670cCeA","9PR_57hNvD_pNlpfHfOibQ","dsSB0U8ym90dxpnkiE_vuA","_7_H3FPBaVyW3P0Dy8fhrg","mwp6l4xT9tbIp39JbJUUog","sXrqLv1HBMM73EW6cHFJ-w","HF77LxHxrftuOHrTiIuAdQ","mg6ohVwKEF-SO7557N_h8g","94ARhBxQjy6qN7PDDYPOOw","qAFpPQ-2XtVHbEaDesIwkw","SbyCoUTC0tu5Cjrv6ZErqA","YRnTA3S1miCww93-gL09VA","EmtxJMehZJX2NCPROq_Atg","fMLkexTPOVOA-xUgnQjfMQ","vw0pTn5CR-VbQKOkRTYjnQ","heFGUj-oUnvcbEQNAgUvqA","NIiJlHvYYNAjhCNs51YCMw","YSxg_H397biu-P7Puohe6w","kyxLau1PP669Pt0bOxvaFg"],"useful":25,"funny":11,"cool":7,"fans":0,"elite":["None"],"average_stars":3.66,"compliment_hot":1,"compliment_more":0,"compliment_profile":0,"compliment_cute":1,"compliment_list":0,"compliment_note":3,"compliment_plain":4,"compliment_cool":3,"compliment_funny":3,"compliment_writer":1,"compliment_photos":0,"type":"user"}}
