{"review_id":"7kQqxNxfYWpuADtLQx58UQ","user_id":"Rb18w3e92WdYzn_qiLWkhg","business_id":"y6R_bSCYiotoUjvygVcFaQ","stars":4,"date":"2016-05-22","text":"Ordered <hand-tossed crust pizzas> to-go...one <macaroni and cheese pizza>, and one <cheese pizza> with extra sauce. The prices are a little high compared to what I'm used to in Illinois where there's a family-owned pizza joint on every corner, but the <pizza> is great for the Madison area (where I constantly struggle to find good <pizza>) and 2 XL pizzas can certainly feed a large crowd.","useful":0,"funny":0,"cool":0,"type":"review","restaurant":{"name":"Sugar River Pizza","neighborhood":"","address":"957 Liberty Dr","city":"Verona","state":"WI","postal_code":"53593","latitude":42.9726372452,"longitude":-89.5066787302,"stars":4.0,"review_count":48,"is_open":1,"attributes":["Alcohol: full_bar","Ambience: {'romantic': False, 'intimate': False, 'classy': False, 'hipster': False, 'divey': False, 'touristy': False, 'trendy': False, 'upscale': False, 'casual': True}","BikeParking: True","BusinessAcceptsCreditCards: True","BusinessParking: {'garage': False, 'street': False, 'validated': False, 'lot': True, 'valet': False}","Caters: True","GoodForKids: True","GoodForMeal: {'dessert': False, 'latenight': False, 'lunch': True, 'dinner': True, 'breakfast': False, 'brunch': False}","HasTV: True","NoiseLevel: average","OutdoorSeating: False","RestaurantsAttire: casual","RestaurantsDelivery: True","RestaurantsGoodForGroups: True","RestaurantsPriceRange2: 2","RestaurantsReservations: True","RestaurantsTableService: True","RestaurantsTakeOut: True","WheelchairAccessible: True","WiFi: free"],"categories":["Restaurants","Pizza","Comfort Food"],"hours":["Monday 11:0-22:0","Tuesday 11:0-22:0","Wednesday 11:0-22:0","Thursday 11:0-22:0","Friday 11:0-23:0","Saturday 11:0-23:0","Sunday 11:0-21:0"],"type":"business"},"user":{"name":"Rachel","review_count":21,"yelping_since":"2015-02-01","friends":["None"],"useful":0,"funny":0,"cool":0,"fans":0,"elite":["None"],"average_stars":3.33,"compliment_hot":0,"compliment_more":0,"compliment_profile":0,"compliment_cute":0,"compliment_list":0,"compliment_note":0,"compliment_plain":0,"compliment_cool":0,"compliment_funny":0,"compliment_writer":0,"compliment_photos":0,"type":"user"}}
