{"review_id":"9qnyEqgujphlEt1UQAb13Q","user_id":"9hUpn81zGwaYo9gBZG087A","business_id":"Wf7AV7JbR52qABil0bU8NA","stars":1,"date":"2015-08-22","text":"Nope. Nope. No.... Nope. Hey Edgewater you are so so so lucky you are on the water. You should shut your place down and sell it to food fight restaurants so they can make this a place worth going to.... \n\nTook 45 minutes to get <chips and salsa>. Took 1:25 minutes to get our food. There was 6 of us and NOT ONE person got the correct thing they ordered.... All the Edgewater restaurants are so sub par. It hurts my head to think how you can not see how poorly run these places are. \n\nThe worst part is the management said none of it was their fault....","useful":10,"funny":5,"cool":1,"type":"review","restaurant":{"name":"The Boathouse","neighborhood":"Capitol","address":"1001 Wisconsin Pl","city":"Madison","state":"WI","postal_code":"53703","latitude":43.0791895,"longitude":-89.3896863,"stars":2.5,"review_count":49,"is_open":1,"attributes":["Alcohol: full_bar","Ambience: {'romantic': False, 'intimate': False, 'classy': False, 'hipster': False, 'divey': False, 'touristy': True, 'trendy': False, 'upscale': False, 'casual': False}","BikeParking: True","BusinessAcceptsCreditCards: True","BusinessParking: {'garage': True, 'street': False, 'validated': False, 'lot': False, 'valet': False}","GoodForDancing: False","GoodForKids: True","GoodForMeal: {'dessert': False, 'latenight': False, 'lunch': False, 'dinner': False, 'breakfast': False, 'brunch': False}","HappyHour: True","HasTV: True","Music: {'dj': False, 'background_music': False, 'no_music': False, 'karaoke': False, 'live': False, 'video': False, 'jukebox': False}","NoiseLevel: average","OutdoorSeating: True","RestaurantsAttire: casual","RestaurantsDelivery: False","RestaurantsGoodForGroups: True","RestaurantsPriceRange2: 2","RestaurantsReservations: True","RestaurantsTableService: True","RestaurantsTakeOut: True","Smoking: no","WiFi: free"],"categories":["Nightlife","American (Traditional)","Bars","Restaurants"],"hours":["Wednesday 11:0-23:0","Thursday 11:0-23:0","Friday 11:0-23:0","Saturday 11:0-23:0","Sunday 11:0-23:0"],"type":"business"},"user":{"name":"Grant","review_count":29,"yelping_since":"2014-09-22","friends":["wd3xoNaDLib8dhQ7BxUl6g","GsnvmuUS9kt94z-I_GtL6Q","d5WLqmTMvmL7-RmUDVKqqQ","kz8Bxh4Azss6hINcRRwOEg","tiUQgLIZfpcVtV0dX5pwtw","6RpQUqkZcGD2gPxyWSzVsA","j9eNA6TtHebjmvSOWgAI7Q","05TAntsO4J0_pkEzQkz3Iw","DEmmiHIhMeJ6iSFnGUhlEw","VMbFH7JKV33C8jxHWJF6MA","XJl1LoUThlNeZieV5tLlFw","Mdkuwout__U_XQFuh30fuw","LnwAV6CKACxaGV9xjlUQ9g"],"useful":3,"funny":0,"cool":0,"fans":2,"elite":["None"],"average_stars":3.57,"compliment_hot":1,"compliment_more":0,"compliment_profile":0,"compliment_cute":0,"compliment_list":0,"compliment_note":1,"compliment_plain":1,"compliment_cool":0,"compliment_funny":0,"compliment_writer":2,"compliment_photos":0,"type":"user"}}
