{"review_id":"x-h1sIC0D4WJFu9fYddDpw","user_id":"HLaSqQMDVvlcFPGJL_kGCA","business_id":"Nc0xqiAmS2OTxPrlvQrJ4A","stars":5,"date":"2005-04-29","text":"Have I ever mentioned I was lazy?  Well, I am.  Sometimes I don't want to leave my desk to grab some lunch.  But, man, do <pizza> and <subs> get old in a hurry.  North American Rotisserie is a fantastic alternative to your usual delivery food.  Great chicken and sides (mmm - <potatoe salad>).  Quick service.  Reasonable prices.","useful":0,"funny":0,"cool":0,"type":"review","restaurant":{"name":"Kipp's Down Home Cookin'","neighborhood":"Dudgeon-Monroe","address":"1614 Monroe Street","city":"Madison","state":"WI","postal_code":"53711","latitude":43.0671551,"longitude":-89.4141924,"stars":3.5,"review_count":7,"is_open":0,"attributes":["RestaurantsAttire: casual","RestaurantsPriceRange2: 1","RestaurantsTableService: False"],"categories":["Restaurants","American (Traditional)","Southern","Soul Food"],"hours":null,"type":"business"},"user":{"name":"Jeremy","review_count":180,"yelping_since":"2005-03-03","friends":["xgcKwaSGPnHLInNjWt1eSg","0g3srf2Gjtdis3IAlNTHlg","_w147IL_wvUyhfELYoj0KQ","8w-eefo5Qv60VUrFVPAivQ","lV0TGQufw-draFAWiawdSQ","TZExGajxC02oetl7iQ77eg","q91tQNboB-0HWtM8cXRjdg","GXn4ZsasLKh0qZ5g3nIqcQ","2fhHITSZHqm6p8Gi5mN0eg","Lm0fu69svp2VsZY-_qKaCg","Dt1AdHXrfiBzpaT-ED3kyw","lZsusXJjzStoi3vQmqzoMg","XQsOfX0Xwk6C7aolDS7-Ww","i3uiIx3jLW30lq_xX36_PQ","tR2u0YY6ERw_VnL_rxLvHw","pDG08u2FcJCAU-AHFmYNug","wnURr1QzlOEioRr-IPndTg","cT0xyr130ZUpEcj8L7Hjxw","yqC1T2MfThuUAQsj1ENppA","KKDxwrAsHJR3Lqn5MK-Njg","FXyietudWJGC2LghOzYW3Q","o1h02PIkXn8io2Z5bk_UbA","nGIeDNFEvxZ2PzamApUVFQ","EKjpxH__JX8Y2dqhtcUksQ","PwfwwXS5RFMy1ZAp6Ok3Mg","JWgti_adPZywG9SKUbnB-w","Jqs3IIVQCPA3bU5EeX1W1Q","gog_uNlUjVj0m6CWIr1EkA","ti4UvorqjN_q7X1ePzDwmA","4WLNbOfdP1lFC09IQhi6oA","TBld0yjxnopCz_faRFIuxA","mFYyIlfs9WuqW5XBkcUGbA","HGe3IGVVsgJ0qu5KvD2tBQ","Co0Z3IpD_M5PLgc1zQR1Zg","aXMMBOUNoE8gs2Be0jXrbw","itmb9uAolzQnmEBDlV24qQ","1u3ssdSRTUhl9tMVT59-0Q","HqAasNya3kuqspkS-qkfyw","cy91v8bn79Qai6M8UIkrOw","N1UESIuT1glF7Y23MrHSkA","ElAQK5tbY7GkmoJHMqhDtQ","yPmlM7fxm6H4u3kFdvdHbw","L2g6vS1GDfqLEpiDOFfCkA","twm6551aEQERIvjGMa1AKg","xaFhqa9L9HrjxjHaIfYHdQ","sJ7WjT5lppNZwv2ohUXlTQ","GEEKcRTips9QJIrirM1PsA","A_G9WNkLgpzBkfMcglUL7A","bnZV_GKQA_RcOsyPfNUFwA","cFQDeYUQXXx2iUfyOvO6ig","il-dSQCu8w_kpQ0INF2VLQ","esaDbON8NXJC4PWt_CheUg","ojw9qWjmnEkN-lkNjidp8A","-MQPWNRr3O4PVD2qBul05Q"],"useful":2,"funny":9,"cool":1,"fans":2,"elite":["2006","2007","2008","2005"],"average_stars":3.57,"compliment_hot":2,"compliment_more":2,"compliment_profile":1,"compliment_cute":0,"compliment_list":0,"compliment_note":2,"compliment_plain":1,"compliment_cool":5,"compliment_funny":5,"compliment_writer":5,"compliment_photos":0,"type":"user"}}
