{"review_id":"0AvtNY7Q60Kaoaw2eJbJyA","user_id":"pbDJGS8PDgqpUPmDH1YJvA","business_id":"naPGOTVEpRZavvn9-sFg8A","stars":5,"date":"2012-09-13","text":"Oh yes, this is a place after my own heart: outstanding <breads>, great <coffee>, and an interesting list of breakfast/brunch specials well executed and reasonably priced.  The vibe is relaxed, the staff friendly and helpful.  I took a small suitcase of <bread> back to Philly - the <country baguette> and <fig country loaf> being standouts.\nI always think that places like this are civic treasures where the community can come together and have an enjoyable and oh so tasty time.","useful":1,"funny":1,"cool":1,"type":"review","restaurant":{"name":"Madison Sourdough","neighborhood":"Williamson - Marquette","address":"916 Williamson St","city":"Madison","state":"WI","postal_code":"53703","latitude":43.080058,"longitude":-89.369407,"stars":4.0,"review_count":183,"is_open":1,"attributes":["Alcohol: beer_and_wine","Ambience: {'romantic': False, 'intimate': False, 'classy': False, 'hipster': False, 'divey': False, 'touristy': False, 'trendy': False, 'upscale': False, 'casual': True}","BikeParking: True","BusinessAcceptsCreditCards: True","BusinessParking: {'garage': False, 'street': False, 'validated': False, 'lot': True, 'valet': False}","Caters: True","GoodForKids: True","GoodForMeal: {'dessert': False, 'latenight': False, 'lunch': True, 'dinner': False, 'breakfast': True, 'brunch': True}","HasTV: False","NoiseLevel: average","OutdoorSeating: True","RestaurantsAttire: casual","RestaurantsDelivery: False","RestaurantsGoodForGroups: True","RestaurantsPriceRange2: 2","RestaurantsReservations: False","RestaurantsTableService: False","RestaurantsTakeOut: True","WheelchairAccessible: True","WiFi: free"],"categories":["Food","Local Flavor","Breakfast & Brunch","Bakeries","Restaurants"],"hours":["Monday 6:30-17:30","Tuesday 6:30-17:30","Wednesday 6:30-17:30","Thursday 6:30-17:30","Friday 6:30-17:30","Saturday 6:30-17:30","Sunday 8:0-16:0"],"type":"business"},"user":{"name":"Thor","review_count":229,"yelping_since":"2008-05-31","friends":["IREVUu6ExscS94PLsZdY9w","_ufsmjO62FUBA5WUpwzfIQ","8xs7R4KDW95c3wFjJUnwQQ","Wmv562yceNK-E9W95aHQig","GucWytLFS6W3hQGDJ_20Ow","y3Wtx1pOvTiqsJRkjceXiw","p7a4AZ00rqXEb1xOqusUvg","6Mv-qMJyxSokCu8YFM1o0A","E8ICr5ZVhwwiuIOo8xwk9w"],"useful":158,"funny":47,"cool":51,"fans":5,"elite":["None"],"average_stars":3.88,"compliment_hot":2,"compliment_more":4,"compliment_profile":1,"compliment_cute":1,"compliment_list":0,"compliment_note":5,"compliment_plain":7,"compliment_cool":9,"compliment_funny":9,"compliment_writer":4,"compliment_photos":0,"type":"user"}}
