{"review_id":"Wg_UsKOHotg8ramGq0qt0g","user_id":"p2PwR7oPLDo_vbo8gCCa7A","business_id":"RJNAeNA-209sctUO0dmwuA","stars":5,"date":"2014-02-23","text":"<Bloody Mary> Sundays. Kids welcomed. I love this place after a long walk around the farmers market. Great food service is great. Another gem in Madtown that I often visit.","useful":0,"funny":0,"cool":0,"type":"review","restaurant":{"name":"The Old Fashioned","neighborhood":"Capitol","address":"23 N Pinckney St","city":"Madison","state":"WI","postal_code":"53703","latitude":43.0761862475,"longitude":-89.3837572172,"stars":4.0,"review_count":1236,"is_open":1,"attributes":["Alcohol: full_bar","Ambience: {'romantic': False, 'intimate': False, 'classy': False, 'hipster': False, 'divey': False, 'touristy': False, 'trendy': False, 'upscale': False, 'casual': True}","BikeParking: True","BusinessAcceptsCreditCards: True","BusinessParking: {'garage': False, 'street': True, 'validated': False, 'lot': False, 'valet': False}","Caters: False","GoodForKids: True","GoodForMeal: {'dessert': False, 'latenight': False, 'lunch': True, 'dinner': True, 'breakfast': False, 'brunch': False}","HasTV: True","NoiseLevel: loud","OutdoorSeating: True","RestaurantsAttire: casual","RestaurantsCounterService: True","RestaurantsDelivery: False","RestaurantsGoodForGroups: True","RestaurantsPriceRange2: 2","RestaurantsReservations: False","RestaurantsTableService: True","RestaurantsTakeOut: True","WheelchairAccessible: False","WiFi: free"],"categories":["American (Traditional)","Restaurants","German","American (New)","Steakhouses","Bars","Breakfast & Brunch","Salad","Nightlife"],"hours":["Monday 7:30-22:30","Tuesday 7:30-0:0","Wednesday 7:30-1:0","Thursday 7:30-1:0","Friday 7:30-1:30","Saturday 9:0-1:30","Sunday 9:0-22:30"],"type":"business"},"user":{"name":"Michael","review_count":21,"yelping_since":"2013-11-02","friends":["None"],"useful":2,"funny":0,"cool":1,"fans":0,"elite":["None"],"average_stars":3.91,"compliment_hot":0,"compliment_more":0,"compliment_profile":0,"compliment_cute":0,"compliment_list":0,"compliment_note":0,"compliment_plain":0,"compliment_cool":0,"compliment_funny":0,"compliment_writer":0,"compliment_photos":0,"type":"user"}}
