{"review_id":"eTnCSRtTMVgIgvnoVyLesw","user_id":"unAgGNEKJbk_6v5SK_CEmA","business_id":"_dcX-gXs3VxTBmURWdnTOw","stars":4,"date":"2014-12-06","text":"One of my favorites. Outdoor dining and entertainment in summer is best on East Madison or Sun Prairie.  Constant menu changes my only frustration. Keep the <scallop pasta> on there and I'd be 5 star.","useful":0,"funny":0,"cool":0,"type":"review","restaurant":{"name":"Buck & Honeys","neighborhood":"","address":"804 Liberty Blvd","city":"Sun Prairie","state":"WI","postal_code":"53590","latitude":43.1994537233,"longitude":-89.2261479996,"stars":3.5,"review_count":129,"is_open":1,"attributes":["Alcohol: full_bar","Ambience: {'romantic': False, 'intimate': False, 'classy': False, 'hipster': False, 'divey': False, 'touristy': False, 'trendy': False, 'upscale': False, 'casual': True}","BikeParking: True","BusinessAcceptsCreditCards: True","BusinessParking: {'garage': False, 'street': False, 'validated': False, 'lot': True, 'valet': False}","Caters: True","GoodForDancing: False","GoodForKids: True","GoodForMeal: {'dessert': False, 'latenight': False, 'lunch': True, 'dinner': True, 'breakfast': False, 'brunch': False}","HappyHour: True","HasTV: True","NoiseLevel: average","OutdoorSeating: True","RestaurantsAttire: casual","RestaurantsDelivery: False","RestaurantsGoodForGroups: True","RestaurantsPriceRange2: 2","RestaurantsReservations: True","RestaurantsTableService: True","RestaurantsTakeOut: True","WheelchairAccessible: True","WiFi: free","Music: {'dj': False, 'background_music': True, 'no_music': False, 'karaoke': False, 'live': True, 'video': False, 'jukebox': False}"],"categories":["Steakhouses","Restaurants","Breakfast & Brunch","Venues & Event Spaces","Bars","Event Planning & Services","Nightlife","Wine Bars"],"hours":["Monday 11:0-23:0","Tuesday 11:0-23:0","Wednesday 11:0-23:0","Thursday 11:0-23:0","Friday 11:0-0:0","Saturday 11:0-0:0","Sunday 10:0-22:0"],"type":"business"},"user":{"name":"John","review_count":30,"yelping_since":"2014-12-04","friends":["ODxCiLYtlP9bKWT1dtnA7g","M3eOZLbo-DLg9lfESCq9KA","6V-QmH07OIuLOhxik2xTZQ","l5GLaHhjoDiE21r2ZA4izw","kQunbbWYE0NSD3votnG48g","NXUapr_5LWSap_iK3C9vNg","XsSSfwPF1WsfUfCF3jd4-A","5jXwEqV3obHo3fyYocyDIw","rKg1ub2B6-Qv78skFhFYUQ","s-nW6bmwwKBwvbzyOhJCqg","B4D0qpG5FuT5-yuZOF8CXg","zg976CedEHHKihBP49VtPw","irp3V28WmSqnUpzgjjSeHw","JlNWZ_lBYzkBMsQAqBLvCw","qYQGp2HnJcp5kiu73DeA3A","n1Psx3GShTOUN518Ztchfg","WXD3XVigu6ZO_LgQiIyy1g","qiR10Q1HnaWK5amBO41X0w","4dCxfExDjk7zM0JCMA98sg","fGdcfqJY3n2Rq9rrewCU1w","CtuLXqvsfIgwix2e9cccVA","qe-AS9jQ-ROkvcAM1d7P3Q","aYQcQLA2rAlnsP65tPr7-Q","fh2aRo2U_SoxHpZJYq7r3g","i8HBzHsfJwn8bVGeLeun8w","Jw6P4E96_TJfvgynKrempA","nmq0Bda2e473y4PBS81lng","cxUzKdeYBerbSjQtdGureg","W5i6mpAAHNWfG_9jTSSMrA","izR0AFhI-l7qvIWNjp-b5g","Ty3vKyExjXhGXtKZmDZ4uQ","wd3xoNaDLib8dhQ7BxUl6g","XbVr2HNi6HjGOD7H7hVPTg","azRD8j9bh1HECpu_XiRDFg","1DpyVVBc1NJvG298F0jc7w","UxiGp5GfqcjKPb1V9sxa2Q","Wj4sIRXkyCTZlnpF2ppyqg","0BBYKXN6G3Sun-tveiJD4g","PE7E8TTzKvfKPAMdkfMnzQ","ZafQ3GG3EzqIYcXTmMmAcw","fo9a9LzypHm_40-O-jm-Xw","aKO2HKBvsJP7pS7JoO1h8w","nkxI4NqdBqv0uM3Iz8avXQ","tMjQ3i8M0_L3vSEps0iVQg","FKvvLXvU4HgZE80S-RiLnQ","BkSbETAUnblzzM4LqT6H4w","toDWEyHWMS9-Q8dLRiTXkg","ovyiH8VK2-Y1SMuruRIKWg","U74Yq_DgoPRWPa2CRHlrTw","SHeDyGjEYr--W-DiCY9GvQ","9s7nnZsvohAc2tMlw1pzWw","VoQdf6JkLb3IpdWO-IYaVw","zdmNjD7AY_B5fVs3zZv2fw","DVNUVgEiSh0qib_WLgo6fw","AkIYu9qGkkJQ1AOkPnkRLA","z9ImP_kliYhYPb5XXGELFw","PgTE8_flKsGGWNDU798p0A"],"useful":2,"funny":0,"cool":2,"fans":1,"elite":["None"],"average_stars":4.93,"compliment_hot":0,"compliment_more":0,"compliment_profile":0,"compliment_cute":0,"compliment_list":0,"compliment_note":1,"compliment_plain":0,"compliment_cool":0,"compliment_funny":0,"compliment_writer":0,"compliment_photos":1,"type":"user"}}
