{"review_id":"3qpWRNzNTU--iKWzhzjjpA","user_id":"R6bl8MyqKiWA1HmeM65G0A","business_id":"jqNfrXF4e1JjxU3WNj73SA","stars":5,"date":"2014-04-29","text":"Yum! So delish and such a clean place! Wonderful staff! My toddlers were impressed by the toppings!","useful":0,"funny":0,"cool":0,"type":"review","restaurant":{"name":"TCBY","neighborhood":"","address":"6654 Odana Rd","city":"Madison","state":"WI","postal_code":"53719","latitude":43.0563233,"longitude":-89.4946584,"stars":4.5,"review_count":7,"is_open":0,"attributes":["BusinessAcceptsBitcoin: False","BusinessAcceptsCreditCards: False","RestaurantsPriceRange2: 1","WheelchairAccessible: False","WiFi: no"],"categories":["Restaurants","Ice Cream & Frozen Yogurt","Food","Fast Food"],"hours":null,"type":"business"},"user":{"name":"Ashley","review_count":4,"yelping_since":"2014-01-04","friends":["DqsNFsuT_hcwf2gMTVnLlw","3zRzREdGaovhNlVkatIzAA","YA8DOlD6zrDXWPPisIruBg","XrNgdPoTO2JpVjPVgo7E9g","7exI96aSJ6-Q5JJrBG1jyQ","wtJBGEehY5LsFaQ4387qNw","VlJYSX68DU6Q60lbE6oH1g","IG8Xgjk4UUmNe9Im28JqVA","JiH929oYPt8ztjBOp4w5ww","hzl9NxvwDfujqnDA97m9fA","WQK87nmdoekq8STTaumijQ"],"useful":0,"funny":0,"cool":0,"fans":0,"elite":["None"],"average_stars":4.75,"compliment_hot":0,"compliment_more":0,"compliment_profile":0,"compliment_cute":0,"compliment_list":0,"compliment_note":0,"compliment_plain":0,"compliment_cool":0,"compliment_funny":0,"compliment_writer":0,"compliment_photos":0,"type":"user"}}
