{"review_id":"ajOeP2Fz_Q5JkULBFgiJBQ","user_id":"2_ARX66UsJNa24a4YluEug","business_id":"zjwdU1OdlbKTGjm-IfD4TQ","stars":4,"date":"2016-11-30","text":"Great German restaurant in Madison. Excellent <beer> selection and the food is top notch.","useful":0,"funny":0,"cool":0,"type":"review","restaurant":{"name":"Essen Haus","neighborhood":"Capitol","address":"514 E Wilson St","city":"Madison","state":"WI","postal_code":"53703","latitude":43.0762215,"longitude":-89.3765301,"stars":3.5,"review_count":174,"is_open":1,"attributes":["Alcohol: full_bar","Ambience: {'romantic': False, 'intimate': False, 'classy': False, 'hipster': False, 'divey': False, 'touristy': False, 'trendy': False, 'upscale': False, 'casual': True}","BestNights: {'monday': False, 'tuesday': False, 'friday': True, 'wednesday': False, 'thursday': True, 'sunday': False, 'saturday': True}","BikeParking: True","BusinessAcceptsBitcoin: False","BusinessAcceptsCreditCards: True","BusinessParking: {'garage': False, 'street': False, 'validated': False, 'lot': True, 'valet': False}","Caters: True","CoatCheck: False","DogsAllowed: False","GoodForDancing: True","GoodForKids: True","GoodForMeal: {'dessert': False, 'latenight': True, 'lunch': False, 'dinner': False, 'breakfast': False, 'brunch': False}","HappyHour: True","HasTV: False","Music: {'dj': False, 'background_music': False, 'no_music': False, 'karaoke': False, 'live': True, 'video': False, 'jukebox': False}","OutdoorSeating: True","RestaurantsAttire: casual","RestaurantsDelivery: False","RestaurantsGoodForGroups: True","RestaurantsPriceRange2: 2","RestaurantsReservations: True","RestaurantsTableService: True","RestaurantsTakeOut: True","Smoking: outdoor","WheelchairAccessible: True","WiFi: free","NoiseLevel: loud"],"categories":["German","Nightlife","Bars","Restaurants","Music Venues","Arts & Entertainment"],"hours":["Tuesday 15:0-0:0","Wednesday 15:0-0:30","Thursday 15:0-2:0","Friday 15:0-2:30","Saturday 15:0-2:30","Sunday 15:0-0:0"],"type":"business"},"user":{"name":"Wesley","review_count":18,"yelping_since":"2010-08-07","friends":["tq7XrOSYHe_gUXaf7WDamw","RCW0koD4-qG5TjW7NDOPGA","wqwcL_Ou09qMDaG8jwbOww","eJcYIBe4eJzW7KBh7I3W6g","2ICrjV5MJsFoV9UKVpmjHA","cbHnyD8tnNps3KWVh3yuLw","ZwkRWmRda4IGHGVNjR5zMg","Iz1ElYIwdJLu9rKDSpPxtg","EabkgTogRv4aCnXfketRYA","vGa1x7Al6KWCEcX9FlYbbg","O0Dr2ZF7gcJfkSW_lRlP7w","RcOD-iAoeHSuPUyL4MIN7w"],"useful":0,"funny":1,"cool":0,"fans":0,"elite":["None"],"average_stars":4.33,"compliment_hot":0,"compliment_more":1,"compliment_profile":0,"compliment_cute":0,"compliment_list":0,"compliment_note":1,"compliment_plain":0,"compliment_cool":0,"compliment_funny":0,"compliment_writer":0,"compliment_photos":0,"type":"user"}}
