{"review_id":"ttOVR84Hqo2POhM75TAINg","user_id":"8kawqLZNpnkLR6oRmgLOpg","business_id":"wt6SJHPEknFUWjn67_wKoQ","stars":4,"date":"2016-11-21","text":"First time trying out Mexican Cuisine here and we fall in love in it. \n\nThe atmosphere is good and it's Sunday and some music performers from church came in and sang some songs for us. Nice to know it.\n\nSalsa is good, spicy enough and nomnom","useful":0,"funny":0,"cool":0,"type":"review","restaurant":{"name":"El Poblano Mexican Restaurant","neighborhood":"Eastmorland","address":"3737 Milwaukee St","city":"Madison","state":"WI","postal_code":"53714","latitude":43.097994,"longitude":-89.320026,"stars":4.0,"review_count":50,"is_open":1,"attributes":["Alcohol: none","Ambience: {'romantic': False, 'intimate': False, 'classy': False, 'hipster': False, 'divey': False, 'touristy': False, 'trendy': False, 'upscale': False, 'casual': True}","BikeParking: True","BusinessAcceptsCreditCards: True","BusinessParking: {'garage': False, 'street': False, 'validated': False, 'lot': True, 'valet': False}","Caters: True","GoodForKids: True","GoodForMeal: {'dessert': False, 'latenight': False, 'lunch': True, 'dinner': False, 'breakfast': False, 'brunch': False}","HasTV: False","NoiseLevel: quiet","OutdoorSeating: False","RestaurantsAttire: casual","RestaurantsDelivery: False","RestaurantsGoodForGroups: True","RestaurantsPriceRange2: 1","RestaurantsReservations: False","RestaurantsTableService: True","RestaurantsTakeOut: True","WiFi: free"],"categories":["Mexican","Restaurants"],"hours":["Monday 10:0-21:0","Tuesday 10:0-21:0","Wednesday 10:0-21:0","Thursday 10:0-21:0","Friday 10:0-21:0","Saturday 8:0-21:0","Sunday 8:0-19:0"],"type":"business"},"user":{"name":"Andra","review_count":5,"yelping_since":"2016-08-20","friends":["if3b1CBDBDJYnGo_hXtHDg","XmUoErm8KkfP_ti71nXgAg","0J5cEzer2y362mIKzyBpiA","4TMs-OdgJvaayy60cv0IzQ","btwW4jGa1zFCBu5q5cCnEg","wd3xoNaDLib8dhQ7BxUl6g"],"useful":3,"funny":1,"cool":1,"fans":0,"elite":["None"],"average_stars":4.0,"compliment_hot":0,"compliment_more":0,"compliment_profile":0,"compliment_cute":0,"compliment_list":0,"compliment_note":0,"compliment_plain":0,"compliment_cool":0,"compliment_funny":0,"compliment_writer":0,"compliment_photos":3,"type":"user"}}
