{"review_id":"wfWqV7OwUlDDh76YzHoWtA","user_id":"voJVY9eC9MXKfk-7igUCJA","business_id":"hisaMvsxMzo08xigPIwXiA","stars":3,"date":"2013-10-29","text":"Prices have gone up, but the quality seems to be just as good.  Very sorry to see the increase in prices.  We used to go twice a month, but it'll only be once a month from now on because of the increase.   Too bad.","useful":0,"funny":0,"cool":0,"type":"review","restaurant":{"name":"Las Islas Del Mar","neighborhood":"Glendale","address":"5696 Monona Dr","city":"Madison","state":"WI","postal_code":"53716","latitude":43.0585482,"longitude":-89.3257269,"stars":4.0,"review_count":38,"is_open":1,"attributes":["Alcohol: full_bar","Ambience: {'romantic': False, 'intimate': False, 'classy': False, 'hipster': False, 'divey': False, 'touristy': False, 'trendy': False, 'upscale': False, 'casual': True}","BikeParking: True","BusinessAcceptsCreditCards: True","BusinessParking: {'garage': False, 'street': False, 'validated': False, 'lot': True, 'valet': False}","Caters: True","GoodForKids: True","GoodForMeal: {'dessert': False, 'latenight': False, 'lunch': True, 'dinner': False, 'breakfast': False, 'brunch': False}","HasTV: True","NoiseLevel: average","OutdoorSeating: True","RestaurantsAttire: casual","RestaurantsDelivery: False","RestaurantsGoodForGroups: True","RestaurantsPriceRange2: 2","RestaurantsReservations: False","RestaurantsTableService: True","RestaurantsTakeOut: True","WiFi: no"],"categories":["Restaurants","Seafood","Mexican"],"hours":["Monday 11:0-21:0","Wednesday 11:0-21:0","Thursday 11:0-21:0","Friday 11:0-22:0","Saturday 11:0-22:0","Sunday 11:0-21:0"],"type":"business"},"user":{"name":"Tawnie","review_count":107,"yelping_since":"2010-06-15","friends":["jaF9AMIRJp9vgrONr0W7Vg","OuvENZy0nvJMFMiDcK_DBA","8ZLAklUl3vS9cnlwpv3v5g","za8sipLvJaqTvWlELkwqwg","h9ad-nKLvo8VRJ-WhejnGA","damRVTUPm_hZim9hVrtZRQ","9oqsfTARnjDX9MoL6MO37A","nwMrlwss8WvFEWyySR9RLQ","XqMkqWc-nwM7FqCTVloaIg","2n7BZSaO2qazkrV3L2rShw","RTWsMisf73pGnbagf1vmvg","FKclATu5-fmK6lsAUuHp7w","JUT0U3HTSB3kz9Wh7N0GqA","qe4uE3ObEtJh3QG7SuRR0w","fJ_qSZH_akvWzHUPMqab1g","cmYT6wlPmg74coHGIA6IEw","M1UrTf3PH-st3Q6u8VovTQ","d5WLqmTMvmL7-RmUDVKqqQ","nkoY0F0NIs5KKMgz0Pic7g","W6z-oJd91jWa6h6UHjQbgA","X6JllnOb-olbfPsIjyLoTQ","ADJuhbDAaGSYf_julEwCuw","pgqoh3R5RqP18Er-Ieo17g","JlNWZ_lBYzkBMsQAqBLvCw"],"useful":89,"funny":7,"cool":3,"fans":2,"elite":["2013"],"average_stars":3.38,"compliment_hot":9,"compliment_more":1,"compliment_profile":0,"compliment_cute":0,"compliment_list":0,"compliment_note":10,"compliment_plain":4,"compliment_cool":7,"compliment_funny":7,"compliment_writer":5,"compliment_photos":1,"type":"user"}}
