{"review_id":"jbZNFKv-M-_Deuj3Ncf2KA","user_id":"1k0Fsl7y9Oi9JjlLPowZSg","business_id":"6okGKL2PA7kkc-GjZzNHnA","stars":3,"date":"2014-11-27","text":"I've been coming here about once a month for the last 5 months. When I first came here, I thought the place was amazing. But I also feel like I watched it go down hill since. The food quality has suffered a little, but it is still good food. However, the service continues to deteriorate on each visit. \n\nThe bad service starts with the greeting at the front door. I've always made reservations because they acted really bothered if you don't. However, apparently they are no long using OpenTable, so a quick reservation is no longer an option.\n\nI dislike sitting in bar areas of a restaurant, they are just loud, and I prefer to eat in a quieter environment. They always want you to sit in the bar area. When you asked to sit in the dining area, the host gives you a giant sigh and acts like you've asked for a private dining room.\n\nToo bad... this could be the best place in Middleton... but the attitude of the staff just ruins it!","useful":0,"funny":1,"cool":0,"type":"review","restaurant":{"name":"Johnny's Italian Steakhouse","neighborhood":"","address":"8390 Market St","city":"Middleton","state":"WI","postal_code":"53562","latitude":43.093647,"longitude":-89.52668,"stars":3.5,"review_count":121,"is_open":1,"attributes":["Alcohol: full_bar","Ambience: {'romantic': False, 'intimate': False, 'classy': True, 'hipster': False, 'divey': False, 'touristy': False, 'trendy': False, 'upscale': False, 'casual': False}","BikeParking: True","BusinessAcceptsCreditCards: True","BusinessParking: {'garage': False, 'street': False, 'validated': False, 'lot': True, 'valet': False}","Caters: True","GoodForKids: False","GoodForMeal: {'dessert': False, 'latenight': False, 'lunch': False, 'dinner': True, 'breakfast': False, 'brunch': False}","HasTV: True","NoiseLevel: average","OutdoorSeating: True","RestaurantsAttire: casual","RestaurantsDelivery: False","RestaurantsGoodForGroups: True","RestaurantsPriceRange2: 2","RestaurantsReservations: True","RestaurantsTableService: True","RestaurantsTakeOut: True","WheelchairAccessible: True","WiFi: free"],"categories":["Italian","Restaurants","Steakhouses"],"hours":["Monday 11:0-22:0","Tuesday 11:0-22:0","Wednesday 11:0-22:0","Thursday 11:0-22:0","Friday 11:0-23:0","Saturday 11:0-23:0","Sunday 10:0-21:0"],"type":"business"},"user":{"name":"Randy","review_count":213,"yelping_since":"2011-11-19","friends":["m2Fc8dp3pWvn0joJwAfByw","ExQGbaVE6aF_FhmUOa7HPA","dnQzdLHYduCH6tooEkiGYA","hcJzh-FFDEfYKGpyM0TpZA","pnTiEaqM4slogpY97n9Kvg","UMHC0kzV6TS8O6HLb5mpYw","ZxmjeYevbvDzEdB9KMB1hw","cmEvYiO6LC8-4Vcc79QZWQ","0Tu0O-xkDCFX9jOP-Xe0EQ","Tg52ai5VA3z6985VOPr9Fw","jt49xjEjQisu6wTTGn6B3A","QEVR7UPMnl6pWKqaUY_omw","2sZQi5A9Ilb2amj_ceM8GA","6u4pxDV5RJyWWTFfSoxFmQ","J0xe5oDarukvkjuBdJELeA","sdpIz4-s15T239CZ4Bd6Ag","MFzRcSht13P4N5joGpKGxQ","niUCWMwJWEVEmSGmIYLUwg","hx9qIqyJzr2rvOMPc3-8Xw","4275lZ_meYVufdo1hLQD4A","Yyy-ErpSFLcqiqVC8yhG9Q","KUixMBvVdh1gPuB24c_0SQ","DvMRmfb22lFsKSEnL6Q-ag","pf4ZArZ0xFtqUE4UYqksEg","IzKQVC12JeEU9v0qGr3a4g","d5oWrxRri03A-rHmQRlQkw","_Ipt1A3PREHKcfxUZl_GuQ","x_KTm8aOvfmUOEU-Fdxd3w","a5EC1x1OJyajV6aVPAZQ0Q","3euNAo0WdD2rPXDARW1Chw","fbpjEkaALuGJo_dCYWPYRQ","-Vq13ve0TRGqTYrI6RA9RA"],"useful":20,"funny":4,"cool":0,"fans":5,"elite":["2014","2016","2012","2013","2015"],"average_stars":3.13,"compliment_hot":11,"compliment_more":1,"compliment_profile":0,"compliment_cute":0,"compliment_list":0,"compliment_note":10,"compliment_plain":8,"compliment_cool":5,"compliment_funny":5,"compliment_writer":10,"compliment_photos":0,"type":"user"}}
