{"review_id":"C4YnmaKB_q5pBdBSQNJUpg","user_id":"aa6ttAY_LDXzphwMjBBHsQ","business_id":"iSOaf_-deg1nIlCm3cuzvg","stars":5,"date":"2015-05-07","text":"I tried <king crab legs> and <lobster tail> tonight. They are so great! And I enjoy the environment and service very much.","useful":0,"funny":0,"cool":0,"type":"review","restaurant":{"name":"Capitol ChopHouse","neighborhood":"Capitol","address":"10 E Wilson","city":"Madison","state":"WI","postal_code":"53703","latitude":43.0727765,"longitude":-89.3807764,"stars":3.5,"review_count":58,"is_open":1,"attributes":["Alcohol: full_bar","Ambience: {'romantic': False, 'intimate': False, 'classy': True, 'hipster': False, 'divey': False, 'touristy': False, 'trendy': False, 'upscale': False, 'casual': False}","BikeParking: False","BusinessAcceptsBitcoin: False","BusinessAcceptsCreditCards: True","BusinessParking: {'garage': True, 'street': True, 'validated': True, 'lot': False, 'valet': True}","Caters: False","DogsAllowed: False","GoodForKids: False","GoodForMeal: {'dessert': False, 'latenight': False, 'lunch': False, 'dinner': True, 'breakfast': False, 'brunch': False}","HasTV: True","NoiseLevel: quiet","OutdoorSeating: True","RestaurantsAttire: dressy","RestaurantsDelivery: False","RestaurantsGoodForGroups: True","RestaurantsPriceRange2: 3","RestaurantsReservations: True","RestaurantsTableService: True","RestaurantsTakeOut: True","WheelchairAccessible: True","WiFi: free"],"categories":["Steakhouses","Party & Event Planning","Restaurants","American (Traditional)","Event Planning & Services","Seafood","Venues & Event Spaces"],"hours":["Monday 6:30-14:0","Tuesday 6:30-14:0","Wednesday 6:30-14:0","Thursday 6:30-14:0","Friday 6:30-14:0","Saturday 7:0-14:0","Sunday 7:0-14:0"],"type":"business"},"user":{"name":"Bonnie","review_count":6,"yelping_since":"2015-05-02","friends":["None"],"useful":0,"funny":0,"cool":0,"fans":0,"elite":["None"],"average_stars":4.0,"compliment_hot":0,"compliment_more":0,"compliment_profile":0,"compliment_cute":0,"compliment_list":0,"compliment_note":0,"compliment_plain":0,"compliment_cool":0,"compliment_funny":0,"compliment_writer":0,"compliment_photos":0,"type":"user"}}
