{"review_id":"NvBKaOTZf2gEnd_8tuaSOw","user_id":"Gr17h3JDn7wWQo40kJKaGQ","business_id":"RJNAeNA-209sctUO0dmwuA","stars":5,"date":"2013-04-05","text":"I've been here countless of times, and this is the first time I'm actually writing a review.\n\nThe thing is, all my other times have been for drinks, and not their actual food.\n\nToday was my first time actually eating at The Old Fashioned.\n\nIf I were to purely judge this place on their alcohol, they'd get a 5/5 automatically. If you throw in their food, I might have to start petitioning Yelp to add more stars on.\n\nFirst things first. Their most famous drink, The <Old Fashioned>, is absolutely delicious. The fact that it comes in different varieties only makes it better. But don't worry, because if mixed drinks aren't your thing, they also have a wide selection of <beer>. \n\nNow, time to move on to their food.\n\nWe started off with their <Lazy Susan appetizer> to share, which consisted of garlic salami, smoked trout, creamed herring, Dijon mustard, dill pickles, deviled egg, liverwurst (pork liver sausage), Brick spread, Sharp Cheddar spread and crackers & rye bread. \n\nIf that seems like a lot of food, it's because it is. Their cheddar spread and crackers were basically those lunch packs you used to get as a little kid, where you dip ritz crackers into the cheddar cheese sauce. Is this a good thing? Absolutely! Who didn't like lunchables?! \n\nThe garlic salami wasn't bad, but it didn't really stand out either. The smoked trout was flavored perfectly, without needing much sauce for additional taste. The creamed herring, on the other hand, was doused in delicious sauce that really brought out the fish's taste (just beware, it's really, really fishy though). The dill pickles were great, combining sweet with crunchy. The deviled eggs also delivered, providing the perfect egg to mayonnaise ratio. Oh and finally their liverwurst, which was my favorite part of the appetizer, was sooo good. Just be careful though, because liver is usually a hit or miss. I loved it, while my friends didn't nearly enjoy it as much as I did. \n\nNow onto the entree. I ordered their <spicy burger>, which was probably the best <burger> I've had in Madison thus far. I got a side of <green salad> instead of their <fries>, and I think I made the right decision. The <salad> was actually quite tasty, as opposed to every other <salad> side-dish out there, which usually is completely devoid of taste. The sweet vinaigrette really made the salad shine. The <burger> itself was massive, topped with smoked bacon, pepperjack cheese, fried onions and jalapeno. The jalapeno is quite strong and might be overwhelming for some people, so I suggest taking it off if you can't handle the heat. Everything else about the <burger>, however, was made to perfection. I got mine medium rare, and this might have been the first time it actually came out the way I wanted. The patty was extremely juicy and tender, with the pepperjack cheese and onions adding some extra layer of flavor. Not to mention the bacon, which was smoked and fried just enough to provide the burger with enough of a different taste. \n\nOk well, I just noticed how long my review was becoming, so I'll stop here.\n\nLong story short, 5/5 for The Old Fashioned!","useful":3,"funny":1,"cool":1,"type":"review","restaurant":{"name":"The Old Fashioned","neighborhood":"Capitol","address":"23 N Pinckney St","city":"Madison","state":"WI","postal_code":"53703","latitude":43.0761862475,"longitude":-89.3837572172,"stars":4.0,"review_count":1236,"is_open":1,"attributes":["Alcohol: full_bar","Ambience: {'romantic': False, 'intimate': False, 'classy': False, 'hipster': False, 'divey': False, 'touristy': False, 'trendy': False, 'upscale': False, 'casual': True}","BikeParking: True","BusinessAcceptsCreditCards: True","BusinessParking: {'garage': False, 'street': True, 'validated': False, 'lot': False, 'valet': False}","Caters: False","GoodForKids: True","GoodForMeal: {'dessert': False, 'latenight': False, 'lunch': True, 'dinner': True, 'breakfast': False, 'brunch': False}","HasTV: True","NoiseLevel: loud","OutdoorSeating: True","RestaurantsAttire: casual","RestaurantsCounterService: True","RestaurantsDelivery: False","RestaurantsGoodForGroups: True","RestaurantsPriceRange2: 2","RestaurantsReservations: False","RestaurantsTableService: True","RestaurantsTakeOut: True","WheelchairAccessible: False","WiFi: free"],"categories":["American (Traditional)","Restaurants","German","American (New)","Steakhouses","Bars","Breakfast & Brunch","Salad","Nightlife"],"hours":["Monday 7:30-22:30","Tuesday 7:30-0:0","Wednesday 7:30-1:0","Thursday 7:30-1:0","Friday 7:30-1:30","Saturday 9:0-1:30","Sunday 9:0-22:30"],"type":"business"},"user":{"name":"Peter","review_count":635,"yelping_since":"2011-11-11","friends":["Ry2eEdDFbB3jCd-puLq0bg","WvyNtvECqu4gRXPJnXOxWw","--2vR0DIsmQ6WfcSzKWigw","JdklBZJ3atlJAybrV6nbpA","GDx5NgxFxVLwAHoHLvBwQw","I5tYbXJoEEc4yCYH-6r4UA","dv6bCKChM4F06f1DOOaYtQ","_sdroPxW6E8dk-kVX39W8Q","lXXlZVjjMEJh1vs0RLBn8A","buYXymdEcu1eDavCKxq1Vw","9NVyKh-ac9y84-k82qIaVQ","jLNmJ24MSGJcdAV89UnOyA","3ycrQU9JirpXP209ggwlaA","ADJuhbDAaGSYf_julEwCuw","KIC-jnhDGd6rJZgtEKpx9g","f4E_O4cCbl-9hkpSiEoS0g","D0BU2wxX90jKVpqYKB4qQA","RX0GPUmx4wJ8zxP1Mq0tPA","R_MpGk-nsZWDzd7NyksWlQ","N4Ksn9oJaYtmbH7n3FV4Ig","MW9qegJvluWXfbkZhI1T4Q","h6z4lUsHpXDjCstBDYh5TQ","qzDEmEmm7sH92cmvqmOd-A","BFaQvJf3Om6rON2I9tCOQw","8XLQhyOkHBCELrWGgzDuqA","nnoxTDLwtFah8FznuMr9Ew","x3133lbPRsll8t2lrZeApw","PZCkM5mAg-YBhirm-u_1Jg","PPWgWNotqVgDwTOySVX9dw","xwKZgbK5afAR-0chHgcXwQ","v0KmYNybWmLXDZdL5BcKug","x6FBZjnRe0mwibshxyUd2w","RKZPqZrxU5vTZX1okEsm-w","5xI2njtovkVcYo-zePHZ8g","zLyYZ5xy_frDrldmfa2goQ","sGaoPWB_p1aOm5z9cnV3Aw","sWKF9gFnO_2aS5mbbqBNug","7d4aFcTJbUVCk1oxUij21A","26FxEUp2DUJt0gjEp_zblw","JToFnQCCj21rTWHfrEqhig","2oz4z-puG0VOeEbpts2XAA","GeK2CA2UsEdvJTT_EKHIpA","hFqb4rX-zGyF-iq7NLqWKg","BgAoGYjmQ8b7xGrkc4EjAg","kLOvp6kJN_56bjkiBs24hQ","KEICrWDNUGVZCXyEzxqsXg","h1-Kic9u1xDXiS8LWoKlgg","jrMxBHW3SlUGVGYWvPsHWA","kulfCWCtkSs1tvfArXLDmw","oH-8lViT8b4h7fdgygBn5w","vX5GoyoDx9X62s6I1FQqMg","7Pw2eIAvZLlO0BzCFCI-Mg","93i3SmY9se2iDQ8mqv5WOA","9vQeC5q_P4vJPHUS8cnm1w","ivk0lLBK59nmvZrnLusgFA","CtlQaAfR--6jP5W_7XzbeA","WSt-I0CIreNenEGKqAlFHw","mDfxh6zzhrMi2IwQuRuqDA","aAB2swcPVnWhl9rf7ZinFA","OGHuf-jMoffNg4I_eIRdUA","tsW-5R_wHQEYBoM-qfOkUw","iVWyn6IN_kY5ZQo13QKCjg","749E8PDBeQoVxHP--hxlmw","-ZEbvutIiB3ixZmPrZNAXQ","tJfdcXot5vjRicU-6CPeBg","zrJpMRM56y0uThM8Bf7OYg","4iKmDcTakYS3cwyH_u9I1w","rJMIama58eWH9kpkBZPkBA","C3yVWxlgdTdh0_1xfd5HVA","vtXQN4cUS1rAoOJJDWrjjA","Nu2kOyS4ircX7rajM9msgQ","4SGUw4wKwr_OY7la9rvjsg","4COswap8Sp7OcVyn4C6mjA","ohHhmUSnShsGYRzzO99Yag","bEaK9u5IUdTgBANajOCEHA","1xTBJZv27eveaq8F0G0esQ","QFjqxXn3acDC7hckFGUKMg","PkHjdh9N5TaxOJ05i4rDCg","N9hqTPQu2bmI8c2Pj8F1ww","IC7lfS_GpSKd6Dn6nQgcdA","1G6alNX5I1ooExJl9UVPHw","fpYMYJowa9Levq6SszNcvA","6Fid4lB9bfpYy8-FmCAecA","zYiiZQXUW71RQAkGqHlLxA","xATaOd8oVHYQa9W7t3IMYg","qJ4pnJm6zv_YjzzH1PIGoA","xb17aIdL_n96w8UeJlJmIQ","7wN3JcWnA9zpW0yT8_abxQ","R_5QbeoNkra9ACJuVVJn5Q","sCuvONT1j4VyKqdcpxboyQ","2tucl8S7cIy4kCLksKIjlA","WYLkyYXOXtQoblF941gTng","ysCBsXWPB-LAiewVS3jZfQ","27WXPzgbeeE20v4S3nFmQw","cDhs0eRMGtVVXzr5eiGiIQ","MhXO6Grmg44qDCvdOmh4uw","LjTQHSxwrCFagsRnAc3iww","2H139XCI6UWPUfKsDzdOfg","tFOuweOhKpapqHVmzTWq5A","FaUZyf3XFRhE-W9RStNYuw","fgI4_3orwy03IqwpJOxSWw","nJLXDZemQPD2yE-F5MDBLQ","cBFgmOCBdhYa0xoFEAzp_g","RRqq4rJ2EPUvN-6eycA8Cw","mr1aeb4QfCfefJejBzpB_A","giTp6selkwIyZAdrvjPiAg","mBaNAbp5Y9cRBNS5_6e_yg","NoOaVw8YAe4SlgWGLWMY8Q","VEFnHv9mmdQJ_u1Cl4bFdQ","0Kz8_kEnQcnztdGrovnWFw","4RzdojCzvJhHxyXGi7S8Mg","6LhgZTNuW7sQtAbYbRofaA","SEZVQUIxNukcowUAR14VUQ","PCYst--rkKLlHzHoupbK4Q","KLX6I1nObmgkex8pbVMhEQ","cTZtm7RAn-4OuPK8XxR22w","Ehjg4D6ANqI1fTHsWYw5LA","LBnKnIZlTiunS5mIgJfsMA","b3VFWYUASDha9EhVQS6Q4w","j8zQa3fDbI-ZdBN37IkIBw","pMklRHD4FVOMRfHvk1xrqw","C6LV0p8L6IfBfh1YFRkWzQ","Oi1qbcz2m2SnwUeztGYcnQ","spDS7HPrOUc3wCNRyfSUnA","4MMiTsh7PNtsClBeyZ5FUg","ZEF_RLr_FOiU9wzhWr1znQ","Aj8vx7WAcS-NmTN06ZyClw","vqKGLX6AmmTIyR2KD0LIQg","XaLmjrfWtxNKgz7olhQi6Q","v_2OIjtGT9VIRhOwHxSi0Q","7vDhse3On6xilHloS2YzZQ","wEE-YMx5pmSuagLtNxMPKA","nzO0nCtsLU-ByrTk5eUjFg","mRGMlolIn62padlFp21yIQ","o8gnaXpafcJIuOQUt3Iq5w","byo4c4arvv07ge7AJEzmdg","3JSPFt4L9pgfCDAWI867lg","iD7HFt90AyDEAIBVPg93og","JDaA6Kdfeb7Pfp6wsvpm0A","PpaKZJWwRJkasbDDtoVshA","310zgwPQRoe63E1pzzMVPA","tQgz7LpZABfkOAbsxSEiDA","HXOBfK10HDsZz4HYpZyeuA","uu_KiIOOBWWKslrQBv2EBw","ZxxT4L7EIjmu87x5ZpFEAA","QyPRmIhmlsHO9KMDN7NcLA","uUivkDetUGaE1pA6EvbOUg","VmkGvegOWqMHB53H1k9I8Q","ghTtb3R2sa8YsKJazPYGOA","4emrRZS9_RH_F6E4P_6Rmg","L-aTiXbfSeWuBpqSPjT29A","P1ceh2nNgf-QgC7-cVnciA","EQpFHqGT9Tk6YSwORTtwpg","C9nfunmt_IB9vksRy04-Og","CM8yTmvoIVlAnqvHsHlaIQ","gNyQ8VrJbRhJ9Iiiqi5wqQ","GvP0Elobue-6OU7V33uOoQ","gDgG5BdMxCSd6_4bqFrp2g","jqqB8hWF8kIrv2-qWt23xg","7wCxrdKoM_4Usc_159aKHQ","7PtUMFXJKOqGxblr_jCgxw","ILC6wcnc4oBnqKwmcE6SzQ","-CkDw9xPJtGjKHUki8ENmA","TqKg5XonFWPAacSLpUNIVQ","uIjj7EIVBU4kGNgmKPO02A","ZmEqs6ImPzP59sVkIZaX7Q","k2ka6uEEjbPEBlRtywTv3A","DTyQozqT7G9J0AG5xkNNlw","h_wTwnV-9LiaJ4egXHtUAg","SJweELp3101bEPMRy0T-IQ","GZ69O8S4ea5I7InVK4yWQw","dyjkBBo2hTSt_Zs7BKGLaA","syA7uYoDjohc7gWBWaEZmw","hMM_HxO1JPgnDC3Ha3z0Ag","PajA63VDlwYTO27pkRrrkQ","QLh66IrhezQBYKh9AOsGpg","1zU8If8ocAP-h1mhvp5VEg","84t6jpyclA55TMfMV0X0kA","AYgZchbVYpc1tsCJjMhnVQ","lMl3gDOuKT7hmlkwJ8it5A","z55azNzNSncM2vNklzI_Gw","7N7vPv-36TxwtD3e7D6WXg","18YMA-abof4NV0_X2XDgEw","qodymkcqmT7qAdxSkcEx_g","90IUnva_hGmpoRxwLjfEEg","Rasj7fpxmimkHLix38Djeg","FpB44ccQnPntnZQmWTTKDA","mW5Ptszpq4Hv2m0U9SZUQg","qtma3DAzL2jORuzzFnvPiw","lXG7Mbhi6_nXaTZojpneUg","llsbSKHnzAUPByQwzOybIA","6x_gwQ3vENOxHFTDhw6new","rHpQ_o-OY0ooEwd_28Fe1A","BXQ0XjsPAQ9BJmBKF28grA","7fmAcPFBDbHWp8nxWVv2gg","4FCA0PQ3FjflgyMkKE3F1w","MwEC10lSxrSCV4ZSgJ2XGw","0lm4Kxn8cyy76Vsoc-B1KA","YttDgOC9AlM4HcAlDsbB2A","a8_UDS9BEeIHfbaD7kRX5w","URXYailiGP6mQOIJ-avFIQ","IZQ3nFHqAUoLKGcbub19vA","t8EwjHkIgl5Px0tOz87FSQ","n_uEz4C1e_0ed5Cbc2XLpQ","VneZPq0gJrFnpPPgcxsvjg","RdbJs6pS7F4FhuoqbVLr1g","_rGiW4lI5mudWxKHw0OCrg","wqXnbNPvecC0F0JVvxC_1A","yv_jJFMnt5a-YFO2n2fMDQ","m2Fc8dp3pWvn0joJwAfByw","Lwg-POercSsk2A9rMMeHuQ","KUgrXbhgKUOe8aJ0o_0gjg","KB3X-EPGHWWRLZdhyEZlUg","FKclATu5-fmK6lsAUuHp7w","UIwQ-ZhZ8Y7EBqYzg-BRRw","KLyi4bc6Es3saVCaBiLrRg","vLQVlt3ggw87uCBh7YEEbQ","PdFkNUuRoEd1BmfrVq3L4Q","HNycc5PctOiR2PXb-TFCIQ","sdpIz4-s15T239CZ4Bd6Ag","ol3iY-LvHrmmJNnNm4RCIQ","3wVlrolusYPHcOWjfJeOsA","0v7XcFF_SyLjOXa6MzRnkw","p3xVYeWAO6mhc18bwIZOiw","105GLhhJdKuOJnJUFaQ2Ag","KF5TkZRP2lWigBVigLEQAA","KQeqQksfB3GMD3_rjBuXNg","yQ_6H1D-oHNZdEN89gXFjw","SrSsjHxRKvZ-HC6nnpVO1Q","FSfvxf7Ek0Pu1RbnNXUKYA","2mGautQM8OJWDHSIeyB6OA","plGjW3q8otYj9Ue8SmiEjg","Erywlhyc2UkjNWG9KfUURA","L0Ije0IOko9kwIRu-HuNbA","J_ZWdDmxDrYGH8l7SPPoGw","VzwHNebLvfc3T6EUaVBCBA","z8tSKvUcx0hlnojKLxgSYQ","ZR0n3SLXcy-AyDoAgUFjaQ","DXj-TqcqxP2I-rl-bzEOvQ","fJ_qSZH_akvWzHUPMqab1g","QgfLSsNosVpFwgzBOB-F2Q","MVlzoERpc3bSIoVQQopEFg","BZZKX1-LuWoruSstXPzanQ","fUcYX_Y7AJeGZyC0bgMGXg","ntJ0mR5D4JqJOzsYZV-cxw","ZD84600Tw1WqeKpVuNiKzg","f-l-Chu0PQFdey0PMIWQGA","qnTbT4F5TpxS-mNTynQU4A","E_EO31rx6PpReqJNgTzFWQ","VM24fbxrh5T-gAHbIHrEJg","OqWF9NP-ZRjNxXwB10ezQg","8DK1dmbSr4KSdcH8gcYqkw","tA0p4J4SCQ9y87Duf3wCTg","CNxTdnV6jZzmN2Am1oiqmQ","ITaxs592iYpJdPwyik6zxA","-A8NWVsLSAQX_XTqt4WPmg","YgxlgctYaYjo2NipVmGF6Q","HvzSqfFSC259qEf0jWIFaA","hnPTPyh6wNfZe1GxOm21Gg","nqBqM54M8NRSJx9HfuEFQQ","t6I8W9Bxg5X3ZDgJmypdHg","mGD4YkQNiRuCjRQXuBnPzA","1iM9gTPhAF4G7qFGdnampA","_Xe0d5vBlscQ-5_dcNa5rw","TPaHM35leQjFL1gR7U8o8Q","GBKbXzZbgFbsF8ye5SUobg","Ud7rD403HJZu3NwalQfVfA","5BJZI4x50ni34pbHrPOlDA","wvXo2j-JbjMTNIXsKVAl-g","dI30qXgp3qdD-W4shi0oJA","WIOjVtTn6gmMlD7vp5_CFA","VQC3wXbpe-ZV8Cs37A87Tg","kK1OxeX3IixmRP9Ry7kKCw","w6uD85OvYJlX6ZumH2H9Lw","dzo5F76gfJQfxK2VZzQP7w","oCYxjlqjpnW5WJAo6HNR0A","2TsuZJODx1MIEJ6v9w4Oew","yjUtVmn9QCgu-p0aG0EhgQ","WQGwofZEur0HYPCnJO8zeQ","eQDHPq88CH23cC1v0HFM8Q","uX9O_f9HxeMky2GqVQ_Sew","eRKEFyUmQD8562fDJHTwIQ","18IfGto90jqD-FotHqq90w","INgocgXv94oeTuzyXtjpYw","aV6m_LEsPoZLXFKI770oEA","Hi10sGSZNxQH3NLyWSZ1oA","LAinBr3FMoa4WD8XX5C--w","RTWsMisf73pGnbagf1vmvg","QnIrewrXxFnssw_gG1gF-Q","55xNwwAbLRlYn83l6SyLDw","H2A95eWioTBEeN_xmsIfEg","CSxV_l89cjjRou2XHU-7iA","5P-hk32FuQrTM20ApnbRLQ","_cnkcFIJZS-gf6uCF9eZmQ","g4xEwDW4hcEDarFsmzZPYQ","WxH5FpyABjf2-LRqyqQSew","_2AD2TjE73NusjFL6DAQGA","KllNd3WAInJLkVuX-tzp-Q","JUT0U3HTSB3kz9Wh7N0GqA","IrbyfHdzsqv3RNzbjb5Qng","P5tLfJoYeelXL3YrFHQUzQ","ByZZ32OBUJA-Xqw0-R8boQ","5TVCoAQR0WBghYhdeLuibQ","t7R2npYmGrKTCsycALT4Iw","3mwqzfJCBbYSi_0Tpc_Abg","z_c2V52lIxJihCelwAfUNA","daFmmMy1Jy1d6sVqMWSZgA","RAdP9qdLwOKQdEZ9Gevzjg","AbMjnKOwg736fcIu8apuyQ","WW-BWeUcu2ofmn_9rfcnoQ","NLyNvJ9LGG0DFAvUph97wQ","nODk_1cOo7Y6ceMyPN1iZw","2tIN9jTDxEoF-gSRSnUkPw","2OTLYD6gCofuM4pfWWyB2g","3imHYWc-TZrP47pCcnaOPw","5wln2gfa1N9PCPEmocCsmg","zeul4MqRtYWvybbDVD0efw","2XaoRHrTMY-NJtX9DeuPrQ","YMn7qp9pxNfenBB2dueJHQ","w1O5Ifjaf0y7RDJjFWEDlQ","EcppUqZ68T7DVTGUJDI5kw","XtEPMHuL7ekcLi13h_XeEw","VHoz-_mf_jFQCINNkBMKSw","g7sdVWx4hpUdP-2Hph_jgQ","ISJ860z59OPGcuBbo-kjXg","l5z5O3_T9EbqWC5iO5nbCQ","DBHCFW3mSmmOEpONHVu1rQ","P6bRb7R6ftu6GNBj4olxdQ","RbV0hZ6y0CR37k6a4KFIIA","a1EAOpZF9gXdsmy_4kiftw","xiI5xCJhNLXUY1_8Y-Ehew","lFat7otIcTSHEqMMvXDVrw","FwQDna83ehaHtQ51I5_9WA","CpYv9_b42SzexPqL7Oo9Ew","ZN6B1W-M9L9dZcCHarr2ng","D6fumVyuW2iFRtkb6LNtOA","VQVhi5ObTQ8PE8glP5ZITw","KzTTS0A0QvSflNtqihA3CA","rEmdoDvnFb32f_7CaFKAoA","fB8AEXaBGGN13dXnAGsg5Q","BAvG8ykXJ5rdI7ZQW_-jVQ","qNzaQDOZvg0XLYlOpcMmUQ","zZpEtSBjXGX3d8FFbwHbjw","gosO_yVG3HvlrBV5K3gpkQ","XrlZapjodJLDrVGgEqEjNQ","oEY-vXM9nXstikhLSnUBFg","ow1PAI9OKfoLAX2kmxakUA","7p4rtWjhJWDyc10EM_JKZg","7O1_x_3IlgjpY9BkiZ16xQ","xV1znC8zcU_DADVsNT538w","l0qDCLBFkhMdv8G21Bx-Fw","PRiPs3Fn-8busmC6lB3E5g","ynW6sQKOLO_FI5miNE_EbQ","xHT1JKYE3aVt5p1Z_o1O7g","hTUv5oh2do6Z3OppPuuiJA","hcYzygi-p0nqJcNqb2AXiA","3gZGq5kARS0-995j46bG7A","UPg42Rjo1LyH6jZV4J6X3Q","w3dRT20CwQSNJ6GLGbM4SA","JS7XDo9wThqFRTH50zwFvg","rd_gOPUksT9xS3z58MSXXg","h54pFyBeBHyRzUTDmdZoWQ","UTaASa6mQbqSK4F71LNP0A","-WvlGS3ERPU5JgUK2jmNZg","tYBnoUfr4x0tpXECgCB2xg","2wJhDP03hbBpR48kvuIHmQ","CIZGlEw-Bp0rmkP8M6yQ9Q","j6io0SN3MkRjMOQ77JRS3g","iDx1NCLBORSjnyXAwq3B2A","Kv1cjS6t-5fDNbd77Xej4Q","WUFxNyvPKRl9V3Yjl-mSvQ","hd-S4mtrPY9Q6iuBJegnOQ","KsB_653jmnBxEdIyhr7E0g","5z_T9alCyDkA7liJzzev1w","lMY8NBPyzlPbbu-KBYfD9A","p6EuObQyzf4nEwvYYVAdcg","3LC2sKfvz_nWuJquUDsNnw","qI23K9BQySlMKHYZ8x13JA","QnOzYMvIj3Ivly8SNlIobQ","s53PehN28FZ50nLWFqh42g","I2OXWsGgBpmSAgeU43nuDQ","37cpUoM8hlkSQfReIEBd-Q","ZmLsOZixtcqen6C6DtotlQ","wixYbrPv_UeHzaJDax6XEQ","V0c-AS2FFCeSaV-3JfG5vA","6UV-2-QMTZnm_myN4Bxvxw","oGd8KOZk1LWpOoWDAV2mZQ","8F7pMFq1PIqhWY7MRMjdmg","oV9WbczkuqjK0M3RFO1KGQ","cXTZu6JwlvgGYWdsQw3dmg","PIsjOe-vFH4_ustet5Bn4g","gSuP7VxyyTL30mVsGnCEhQ","_u_lF6-BoCDTN_M_bRIZFQ","RZ7-OxjNj-y6NZ1RXllbAA","EvpD25V1aJEIU9yxr_ckRQ","S5sYvc-wVGSQYHQwxS8uSw","vPO7JB-cDsm2_QDukl6ahQ","kKpCXDc_f0EyL45Tgk63PA","qcjjyVTqMjzsYwU8xxANUA","V1rtRJTHaPJirFMbUAxmEQ","pgFB8N2wS2qJSO3EgpUDEA","_2Y5CZ5-RQV6hWLTmqEFKA","sOxEdXo85bvxwVxUIbr63w","VxrHKHevpAQQOXuNzNSFLA","16xIUxD8TbCJSOrBf7lnbw","AEgYsg7EHi-Z6j8R3vd06w","AvKokGYHDd13M6iT1aZnmA","Q7buLEjqWWi6ldBTo1LNaA","lE5bUxotiJoOhG08P4IizA","eiiXoxbl2nzTy3VTsOd-Qw","BzcTU6B58qKZIbiikQBirQ","tQ99PPz_xpfaJB2ugjUQcQ","s5NiL_njv1TiRGjCRgjTNw","xZHLzegYYiv-4EyynGjGCQ","kd1s63PeIuqsChmG_-ySbQ","u_4VVwYWS3vUT_JXX8ulxA","eNL530AfBwrcHZbZ-A2MFw","3JNT262YtoMJ-M-Bc178wg","guJ9nAjsJzsoTxMb4V0hjQ","rLCbMQmIuWnlI-IhIj51kQ","jyZQWgKCXtGLf2j81OzQLw","4mDJjL6or5jeKJBxrUxTTw","uRmOOJXLaxRDlxU_9Wj9_w","kCjcqxcofiTc2Yt2OyZOww","bcSVFX6XWW_JGknzSNEB-A","QssHQp_nATqSrvK_QRmOVw","gG2Dg92fGz17-G__qp3Nxg","H92SBQkqxTQDh46i6hI_nQ","wr7e1tTgza1nZL1YozoYGg","3qFR6ehZxgn-Iph0X7sVkg","cqW3sX5drpiazwnF4Ajy1w","SMzih2ZTA4f9QrqowalD-w","zpQyt9CfVwxo1v3R2PKUPA","VkpodBp727imav6htX6H7A","OFLlpl0O6ru_oq2WQGxPCw","Z4O1QlshQtbqy9u448odOw","c37ExETACU9zVWxfdb3F4g","ZIRc7I141fGZuq2CvNeTxg","j4E8GntGzmNco-R8H-cN1w","Wc4HvL4Nv54HI5C_bHxDVQ","rWetbvRB0Yzq5UTJwDUJ4A","Uolah3MKpr8-zCt3awaE_g","vVZEVba832hMu7I00ZgUvw","AziehqWY9C3WvEk66c-NqQ","B36-_uJMYE7O1exVdwQh7A","BKfk7JzcKlDgi1P5vJLu2w","StFIYuzRXyg2qXg1IIDqZQ","bO-GC7iaIzJwoTWfP1Ud6w","1W0tMUZgUmMwvkdb0np6-w","S7GZqNyckYFehF_wqV530w","rof9DyrMxiWY1NyQHtjeDA","EJ8pe71KG0UXb2SbI9ACKw","sYxIN_LvHp5ao5VIAG7xsg","ubMgS-wKfKVRTd4vWlAWnQ","aBf_6co5Rw35dJq2n0VmtA","Q3s4ScmQ7dVDR02210EVmA","Z6RX6jwSaXTnO1dgs4XrHQ","A8R9w97p00zHEtzf-SvrsA","Cdm8LUt1w7-qAZYeI209cQ","tdqDPcOJFOiFPZP5MAXUyw","9I-kXfb7-1iAQFvHplk1PA","dxjehLpGgh08vby2BksV6g","WMZJm6lMGvXF6erIvy-1YA","9M3gY85BdlzFidhQyA5o9A","71p7Qmz3PNjfrMqpAzgK3Q","_u41K0kDeXOzrZ0Duvj3Kw","nVhkUbfTTIC9QSEiiFWtMQ","5jejZaxKVP6FdyvaZf-dtw","XX8kkwvErXZcBN8cjZEiWQ","U_w8ZMD26vnkeeS1sD7s4Q","O7iwzWgzRfdjTgIuujemYw","yJB_covGqs_xZGC3HEQehw","sq_rAttaBSU9_ACo4YAMsg","uWprdpXJRZox5JRsBQGGUQ","DAsZTLuPVdcQJcAuG6X3Pw","KltM7KJixE6NksDGXaRZWg","-rFaKQpQP_yCaqiuX6x9Nw","w53Wn9P0Xp_Kjf8rqPUF1A","qWYEuBZP7av55tewg3PXKg","vy-hvYeOHFYxt0G7U62_gA","ZYtpNt_orGUSDM2nh9nA2w","Oa736KBDl2jGN5a5CDiJRw","SLXaPBF96dMpI7OdfXPN8Q","JkHvn9FU5V4xlICurnaJBA","LBGVtPFlxkzAWJPW5KhPNA","z6KNSw-_S5i-RyGwd3O6ow","hxWtHHTisU3z8852A33-Bg","6nKtFPHRdXVoCgHOCLFN0w","s9UqFACVYYNNYIM5tvJq4A","I0p74B-gOmltMPObXz90mA","GW2k9DsgJrAWLCnYPDgiiQ","4S_yPQPRnF01x9ZuhA_P6g","R0vsL54VvX5JOberk-si9g","7oOHPTnXvE9vBwk59vcgzg","GLsYzuhabDt7jpMOYrgYag","FUbsD1KjUq586PcYu3JemA","SE4eFg0TVjAHgk_K763yIg","f43_yOI1m6qa_XOkG0jrmg","ZxnZcKtmIYAXG0ULYRL8sA","YQUbI0uQYuIa42wfofR-gA","inu6ztbFe-8z4-cHY5MUKw","ktwX58fjcZPCiuchg5m_6g","c78V-rj8NQcQjOI8KP3UEA","Xiv-cQouKxulhN_iMV2zUA","DHykjqYvF77G3aG8Whh9uw","kMB--Dl13I-etkyZLwJpkQ","o8Sp7QY9xxfPT2_t1U_afQ","D_s9KWym7URy6oUgO7rKKw","-h3OxE2YbWzFXVkBhYtJTw","2edGW-38t3b_Ft7jFy4ccg","1AxduC3rvxV_HKy5AbZTCA","n1seFWLG7TR3L2HxUowEgA","-pcGn-4fwXkjJI1dBqscmA","7PV_u3y1zeewBgP9ANgBSA"],"useful":196,"funny":150,"cool":155,"fans":59,"elite":["2012","2015","2017","2016","2013","2014"],"average_stars":4.13,"compliment_hot":52,"compliment_more":7,"compliment_profile":6,"compliment_cute":0,"compliment_list":0,"compliment_note":35,"compliment_plain":59,"compliment_cool":91,"compliment_funny":91,"compliment_writer":68,"compliment_photos":22,"type":"user"}}
