{"review_id":"F71DBBrGDD-sM9nNscmWBg","user_id":"2-gmzxupFskmMurtiv9wYg","business_id":"9urG14qwHtGRpQQUYY2y9A","stars":3,"date":"2016-08-20","text":"Excellent food. <Blueberry pancakes> to die for! The Madison location needs to get with the times as far as payment. They will take cash only. They have an ATM in the restaurant charging $2.00 for each use. In the year 2016 a popular restaurant should be able to factor into their menu pricing, the cost of doing business with debit and credit cards!!!!!!!","useful":0,"funny":0,"cool":0,"type":"review","restaurant":{"name":"Original Pancake House","neighborhood":"Spring Harbor","address":"5518 University Ave","city":"Madison","state":"WI","postal_code":"53705","latitude":43.0833692,"longitude":-89.4759564,"stars":4.0,"review_count":120,"is_open":1,"attributes":["Alcohol: none","Ambience: {'romantic': False, 'intimate': False, 'classy': False, 'hipster': False, 'divey': False, 'touristy': False, 'trendy': False, 'upscale': False, 'casual': True}","BikeParking: True","BusinessAcceptsCreditCards: False","BusinessParking: {'garage': False, 'street': False, 'validated': False, 'lot': True, 'valet': False}","Caters: False","GoodForKids: True","GoodForMeal: {'dessert': False, 'latenight': False, 'lunch': False, 'dinner': False, 'breakfast': True, 'brunch': True}","HasTV: False","NoiseLevel: average","OutdoorSeating: False","RestaurantsAttire: casual","RestaurantsDelivery: False","RestaurantsGoodForGroups: True","RestaurantsPriceRange2: 2","RestaurantsReservations: False","RestaurantsTableService: True","RestaurantsTakeOut: True","WheelchairAccessible: True","WiFi: no"],"categories":["Food","Bakeries","Restaurants","Breakfast & Brunch"],"hours":["Monday 6:30-13:30","Tuesday 6:30-13:30","Wednesday 6:30-13:30","Thursday 6:30-13:30","Friday 6:30-13:30","Saturday 7:0-14:0","Sunday 7:0-14:0"],"type":"business"},"user":{"name":"Jane","review_count":11,"yelping_since":"2013-02-01","friends":["None"],"useful":95,"funny":5,"cool":1,"fans":0,"elite":["None"],"average_stars":3.0,"compliment_hot":0,"compliment_more":0,"compliment_profile":0,"compliment_cute":0,"compliment_list":0,"compliment_note":0,"compliment_plain":0,"compliment_cool":0,"compliment_funny":0,"compliment_writer":0,"compliment_photos":0,"type":"user"}}
