{"review_id":"WDJHMLsW2Uroj9o1NTzGJA","user_id":"RRpr7KMHGXRAmMh28h6oDQ","business_id":"h9ELiqDfwNktCvLEu1DDNg","stars":3,"date":"2015-09-30","text":"This is an okay place. It's a good place to start a night out. There seemed to be a lot of middle aged/ preppy people there but maybe we were there at the wrong time? I don't know, but I still had a pretty good time. It gets crowded fast so if you want a seat get there early!","useful":1,"funny":0,"cool":0,"type":"review","restaurant":{"name":"Paul's Club","neighborhood":"Capitol","address":"204 State St","city":"Madison","state":"WI","postal_code":"53703","latitude":43.0748794571,"longitude":-89.3883383274,"stars":3.5,"review_count":86,"is_open":1,"attributes":["Alcohol: full_bar","Ambience: {'romantic': False, 'intimate': False, 'classy': False, 'hipster': False, 'divey': False, 'touristy': False, 'trendy': True, 'upscale': False, 'casual': False}","BestNights: {'monday': False, 'tuesday': False, 'friday': True, 'wednesday': False, 'thursday': True, 'sunday': False, 'saturday': True}","BikeParking: True","BusinessAcceptsCreditCards: True","BusinessParking: {'garage': False, 'street': False, 'validated': False, 'lot': False, 'valet': False}","Caters: False","CoatCheck: False","GoodForDancing: False","GoodForKids: False","GoodForMeal: {'dessert': False, 'latenight': True, 'lunch': False, 'dinner': False, 'breakfast': False, 'brunch': False}","HappyHour: True","HasTV: True","Music: {'dj': False, 'background_music': False, 'no_music': False, 'karaoke': False, 'live': False, 'video': False, 'jukebox': True}","NoiseLevel: average","OutdoorSeating: False","RestaurantsAttire: casual","RestaurantsDelivery: False","RestaurantsGoodForGroups: True","RestaurantsReservations: False","RestaurantsTableService: False","RestaurantsTakeOut: False","Smoking: no","WheelchairAccessible: False","WiFi: free","RestaurantsPriceRange2: 2"],"categories":["Restaurants","American (New)","Nightlife","Lounges","Bars"],"hours":["Monday 16:0-2:0","Tuesday 16:0-2:0","Wednesday 16:0-2:0","Thursday 16:0-2:0","Friday 16:0-2:30","Saturday 12:0-2:30","Sunday 17:0-2:0"],"type":"business"},"user":{"name":"Lee","review_count":4,"yelping_since":"2015-09-30","friends":["None"],"useful":0,"funny":0,"cool":0,"fans":0,"elite":["None"],"average_stars":3.0,"compliment_hot":0,"compliment_more":0,"compliment_profile":0,"compliment_cute":0,"compliment_list":0,"compliment_note":0,"compliment_plain":0,"compliment_cool":0,"compliment_funny":0,"compliment_writer":0,"compliment_photos":0,"type":"user"}}
