{"review_id":"X27KFmOppaFweimM-BgEYg","user_id":"rAMvfcCkjdgtHs__QFqnrA","business_id":"pHbUQRAYIbxZSxP3ThSAYQ","stars":5,"date":"2017-01-14","text":"Have gone in a few times. <Beers> are good. The <green beans> and <cheese curds> are good. Staff has been friendly. The first time we went could tell our server was new but she asked for help when she needed it and did a good job too. The second time sat at the bar. The bartender was awesome. Will definitely be back.","useful":0,"funny":0,"cool":0,"type":"review","restaurant":{"name":"Viking Brewpub","neighborhood":"","address":"211 E Main St","city":"Stoughton","state":"WI","postal_code":"53589","latitude":42.916485,"longitude":-89.218903,"stars":3.5,"review_count":20,"is_open":1,"attributes":["Alcohol: full_bar","BikeParking: True","BusinessAcceptsCreditCards: True","BusinessParking: {'garage': False, 'street': True, 'validated': False, 'lot': False, 'valet': False}","ByAppointmentOnly: False","GoodForMeal: {'dessert': False, 'latenight': False, 'lunch': False, 'dinner': False, 'breakfast': False, 'brunch': False}","RestaurantsDelivery: False","RestaurantsPriceRange2: 2","RestaurantsTakeOut: True"],"categories":["Bars","Food","Breweries","Pubs","American (Traditional)","Restaurants","Nightlife"],"hours":["Monday 16:0-23:0","Wednesday 16:0-23:0","Thursday 16:0-23:0","Friday 16:0-0:0","Saturday 11:0-0:0","Sunday 12:0-20:0"],"type":"business"},"user":{"name":"R","review_count":19,"yelping_since":"2011-08-10","friends":["None"],"useful":1,"funny":0,"cool":0,"fans":1,"elite":["None"],"average_stars":3.35,"compliment_hot":0,"compliment_more":0,"compliment_profile":0,"compliment_cute":0,"compliment_list":0,"compliment_note":0,"compliment_plain":0,"compliment_cool":0,"compliment_funny":0,"compliment_writer":0,"compliment_photos":0,"type":"user"}}
