{"review_id":"5CEQgi_KkPcBhhRkqhBPqg","user_id":"RTWsMisf73pGnbagf1vmvg","business_id":"VDvcxFhe3NttPUzftJmHjw","stars":3,"date":"2014-01-26","text":"Note to everyone everywhere attempting to cook <tofu>:\n\nSPICES.\n\nIt's a tricky ingredient to master, but if you're putting it on your menu you should have something tasty to back it up. <Sunprint's scramble> = large chunks of flavorless <tofu> with a few veggies mixed in. The potatoes are dry and lacking. I maintain that the place is worthy of 3 stars because I like the bright new space and I'm willing to go back and give it another try. Overall, I wasn't impressed.","useful":0,"funny":2,"cool":0,"type":"review","restaurant":{"name":"Sunprint On The Square","neighborhood":"Capitol","address":"10 W Mifflin St","city":"Madison","state":"WI","postal_code":"53703","latitude":43.0754305,"longitude":-89.385822,"stars":3.5,"review_count":34,"is_open":0,"attributes":["Alcohol: beer_and_wine","Ambience: {'romantic': False, 'intimate': False, 'classy': False, 'hipster': False, 'divey': False, 'touristy': False, 'trendy': False, 'upscale': False, 'casual': True}","BikeParking: False","BusinessAcceptsCreditCards: True","BusinessParking: {'garage': False, 'street': True, 'validated': False, 'lot': False, 'valet': False}","Caters: True","DogsAllowed: False","GoodForKids: True","GoodForMeal: {'dessert': False, 'latenight': False, 'lunch': False, 'dinner': False, 'breakfast': True, 'brunch': True}","HasTV: False","NoiseLevel: average","OutdoorSeating: True","RestaurantsAttire: casual","RestaurantsGoodForGroups: True","RestaurantsPriceRange2: 1","RestaurantsReservations: True","RestaurantsTableService: False","RestaurantsTakeOut: True","WheelchairAccessible: True","WiFi: free"],"categories":["Coffee & Tea","Sandwiches","Restaurants","Food"],"hours":["Monday 8:0-17:0","Tuesday 8:0-17:0","Wednesday 8:0-17:0","Thursday 8:0-17:0","Friday 8:0-17:0","Saturday 8:0-17:0","Sunday 9:0-14:0"],"type":"business"},"user":{"name":"Izzy","review_count":164,"yelping_since":"2013-04-30","friends":["PSnUXFT5luMvb73mQQSjUg","HCNjCnEUerza4UuhFNbX4A","FqNT4NXpauSXVzP9TXHkMg","1x31YZMW1jg1P4ZfylGKPQ","PAzIwElIy-c43SUhRFlZiw","TqKg5XonFWPAacSLpUNIVQ","cRt0608EYB1iuKxbTg8h0A","eHODW2GAUSNX7vFpPXKpNQ","9M3gY85BdlzFidhQyA5o9A","FGbJ9Q_mWdfei7IOk4d96Q","tbycp0aRhRsiAVYUAVR_uQ","vO1a12SLh9EgKLnEw9vkcg","Pf7FI0OukC_CEcCz0ZxoUw","R9peHhzw_whcQuTs8LRFsw","YKIH7OgEJ8YZS8ZNdOeUYQ","gKnO4Otgw7p7PU0s_8oo8g","m1_g5Ccd8qaWxJGnn5qNug","dAdmWvykaBvtzHMaQTUomQ","HNycc5PctOiR2PXb-TFCIQ","OtBLrsf_p2QZeDcs3d-UyQ","mSyINFt6TtXX9OHbwJfN5Q","TCvNYbiwHLMP-swMSYOGAg","cUwPp_jghexX3SVagoRlQA","L4j6jjo1pCalYPKMkHi0kw","c_fnH2baUbYAnNvOI-RaKA","bpgfLdp69PIjI83hIsAwog","sZjvx2DiZqTckDVLAfpAQg","KQeqQksfB3GMD3_rjBuXNg","LutC7TmykRulyK9h9phc0w","cTUIAR6lZDp91McnHz8RKw","YSb8JRyI75M8FkbYWLH4UA","ez24d08Qyqb7mCKEuTaifQ","L3zMDUgemoubEMXpP2qjTw","BtGJo4X-2CzdztdCAVCKFw","gP20yP4taj8EKLdV-P-fzw","KoY4KGxev8gdg5qQpyDlZA","oFe-ZWY60zGqo-prfRdLRA","JUT0U3HTSB3kz9Wh7N0GqA","JK33W3CV9nzktfuIunB6Ag","_2Lk6rBLKrLS3X-4kfL2_Q","voJVY9eC9MXKfk-7igUCJA","vQXumHL6uuzY4uuTpeymWw","uf1UdKswKWOqFLUvRvvbzA","INgocgXv94oeTuzyXtjpYw","rEw0U5tN2gTwoFrd-Yfsog","0SD7SOeeIOZzr2NkFO6KQg","zHyoR7gjVPKI227ZMGZ2LQ","hJ39Eksm-L7dom2UpTfeiA","LsWwlIoPFe_7pmuG-32yHA","zrvFDhy_Wi0Fy9pHn-Dirw","DNptOSepM9ajbTqwdqS4zw","ZbLmJzFCaaEXZpnqA6KBMA","PNzFq4E7ngAN4z9gEJVmTA","Yk7uDMZfOBFqMYe4rXg3fg","czq3zEPXC2ipRLXA8xIjvw","1kZIf0vqVqRDJ3-1GIumVw","hxQIOhBmWtgGTydCl2xNtQ","i0ooHYT5b0yF0YdoqEEuyg","D-JTg_m0CckfOQCxDsx-fg","C__1BHWTGBNA5s2ZPH289g","ZDdFx-SB83Vd0psiXidpUg","Xp6gbDHT6tmFIqfY4yD_GA","OflhVSyGVXNXrfjGs4pV4Q","tBeEt3o3ismz8fcQL9CosA","1I20WWKXKHBaafS3n1NYtQ","YY21y0_Evj3rXiR-MS2Scg","RbJXJGGypwUdJTPz6QGyvA","hd-S4mtrPY9Q6iuBJegnOQ","XMKMGhFRcYaiD_uVBFuuwQ","QZQPgk8idisaWTYWmILZHA","iB8FSPRTYeD3pZySNtkD7A","UW9L6MIaSEzTQp6_WYFeDg","UPg42Rjo1LyH6jZV4J6X3Q","6mikMrCMV5PxThU9YVqRLA","UFH4eZb4OkdK-V262BgO8w","LBGVtPFlxkzAWJPW5KhPNA","LRzgwZiWyFhT4NMDDZ2lhQ","wbG0paj6ls5LtvSZFyDNkg","8teQ4Zc9jpl_ffaPJUn6Ew","Jf67Fvup0-206Iht9oNtsg","rcU7ysY41qGppbw4pQgjqg","4weYwx_qncWcHYB1-pg5Rg","9Od_o4RtnvbdC5fWQzKBlw","VHoz-_mf_jFQCINNkBMKSw","uPdeXOTd07okoXMi_tbChQ","ln4bDX7RQ9dihVfk6A2MSw","XtqoXeBqmVO8BmpNaPmQdQ","8ZLAklUl3vS9cnlwpv3v5g","QRS7b5MzyE9oxFOXCLGSpw","XX1zm34nF9OS70WGAC6pEQ","G5BqF32PyIQ5IvplDvpKnA","e23xKR5PLLc4aPOZSIPmBQ","9I-kXfb7-1iAQFvHplk1PA","ISJ860z59OPGcuBbo-kjXg","F55s06-FF8ERfsfJtjFgkw","5WuM15S_fdmH35SeOSWXbQ","I2OXWsGgBpmSAgeU43nuDQ","EKbQ0B3VvFmj2QKZYayV1w","VbxGVU7QyGeZkJW_4AXuFw","NW00IydhVdCcAMq4_oJ1jA","7O1_x_3IlgjpY9BkiZ16xQ","ZBUqJPDeiVcnLj87Lra7mg","gKeaYkbUQc75mSSzduHOww","dxjehLpGgh08vby2BksV6g","h4kbxMXlfEgVQCqI5_n-JA","ohyFgpPWqHk6qRDliULoUg","WN3FQ5lNz5q8FFbeH42OxQ","ugufOYlwt2pUasEwBbcnlw","KEyahezZ2DW0VgzzmG7QOw","Kjv79eD9Y54-L0SmoECCrQ","r7Cx8AWTn6561_OvWAZgEA","3LC2sKfvz_nWuJquUDsNnw","5MKqkzDbludCpSqBlZU3Kg","z1UrbSoWK5-h4nOfMpoliw","lbvWyfj-GRZ_gCSZZrAK-w","gteHjytNuIQZTTjRyqGTyQ","8MrHNUT0QBpD5vHxn1rD2w","gOBemMfKRfpvJkz9OIw6aw","2oz4z-puG0VOeEbpts2XAA","Nr3uWB0M3alLrXsP8mWRTw","2jdMdmL7ghKIJ4suO6DO7A","7_G_guWgDOystsOJtIW-yQ","i1dZkIjm4684-OU2PnKbVg","94JAznCeKZT5_AZW4zyAmw","Nxl9CF7brn98PmVEpD2o5w","F99yaMakIQKBMufxaxA_4Q","GrQzEG9PlNx9DkgBvgWfaw","qDTwrRBQiW8ls2Xd2kXY2g","AEgYsg7EHi-Z6j8R3vd06w","cDhs0eRMGtVVXzr5eiGiIQ","fuoYjsuU7qy1RlCMEZ0xfA","3hPkMcMUv29d0rpIyhjuZg","wJLaWm-c_J0BbFa2Y_At9w","hY_oAtaXLCeC_HuXLHCqGg","y_7LzJdIchny_p7LP0cyPA","zK4Op6hBPfI3MwKc_so22w","mZKYbYikq--TlUqBniGcjg","s6leKvF-__k9Ff0EibK1ng","u-VaWUxPupTy_NWibAXXJw","co-44jCu9NKlWhrjp9Z4Sg","kh1GmGSl5Hq2C5fX6-IOJQ","KkKqsD2F59wtuKLRvoTmaA","ToXS8zawUnN2e00dx1ugUw","r-zUIQPaHzvIyL93wQaoiQ","R44RllbTjxq3rmAX5pUCAQ","7jIs4oQrbEsE-ZgwExm6lg","llsbSKHnzAUPByQwzOybIA","Vjb5nN2Mnv27OjVYQFKmnA","NkWWTuZlt4NM3ARm-BsebQ","yJP-54fC6lpYXXl5X0JyJw","SDsVaBzPJr8fdY4-m5bjdw","27wlLX7e52vVEvNA4Ksccw","4q02ALXu_6i7-GWZAW9ctQ","ohYnCSs6eTl7O6o3UySpgg","Gr17h3JDn7wWQo40kJKaGQ","bOnJhTZ_hxDNet7-Ql60oQ","bGzQELylOfNPi_XpitxPTQ","d5WLqmTMvmL7-RmUDVKqqQ","F6f9MmlBbFvkcH3OtAlpXw","ACUVZ4SiN0gni7dzVDm9EQ","IPP2ws0gZRGh52jcJsCKLg","UUZrccOJ1xNuFnjNgPPSWA","7Ia5yRck89GVyHzWZKRAYw","F5R5YFz0ZjE-bIBIfO8Ftg","TQANOs9Q5DpFJgE-BzPi_Q","adtOywpRnG5-4mjQMQE1FA","3Apv4qHjqOe5yKgugpXGRQ","fJ_qSZH_akvWzHUPMqab1g","_mxu2H5yk6GJsSkyrhjfSA","jwbcs_eQ2QznrOyMuqz1LQ","Ao2VYIw9AMKOTiCUwe_T9A","qWJ2d6HgWGKDqurmieqiyg","E3xpr996watZyp6P0587Ow","f7Emr9Q4H5r_jO_DW3QuIQ","Oi1qbcz2m2SnwUeztGYcnQ","eKMXpBPsVp3yva-OvV005Q","1YWVLr8kdjbp4gJcKolvdA","jlXLXdWqx-KCsHLr9sE7Ow","ftdc7cFdBdN9agj5dtdqfw","iD7HFt90AyDEAIBVPg93og","xBO_ClBsdYKYLwWxLJSQDQ","TpOtuE7tdW3pPDUqqrfT2A","DgoZVmrGjEOxD4wn-s3Yog","IEp19D4-CQNF3I9QetQu6Q","IChQuzekjP1K1Moc__b3gQ","koYdPE3PzQln6FtnvzjknA","DDby2BYWIoEOyPxDDyQ9xQ","9SWtEX1k9AjRg93BAzMCpg","PknZ4ckea5_M5Q1_Z2LXVQ","1QBdv9XyYXh8vchg_jnhmA","FKclATu5-fmK6lsAUuHp7w","l0jejmRcICSPYudZ8wEYmQ","JlNWZ_lBYzkBMsQAqBLvCw","w1V4uO1AjLj8bTsSYGUoZg","LODsfN_FqcUTm_o6qTYlYw","xBSXcJqemYwIkI4UE82S8A","acMykg_d1KUmy7Sc54Xi7w","MRR3sJ-3zjYpc43ZUEq6rw","s4BgZ9tRRPKxjUcOJcyomA","4uVjS4Oa7zK7H-vvjZkl1g","NwXV_WofVAmhZjfQvu6y0w","5-a7TNoK5m2l3AFLBTmOxg","NRMlDBUoGJdgoXTUllZpuA","IC7lfS_GpSKd6Dn6nQgcdA","ADJuhbDAaGSYf_julEwCuw","zxXXoCl4uPEl0HdyylNl8A","bSZ3BAT1Jm0PqMC9JMTV6w","Xtvww0Syf9hFHgPNz1_Sww","tX0r-C9BaHYEolRUfufTsQ","R-zH-BH_4Az7pPtlE31Z8Q","oIFs1aRUpBotap0NADmK2w","LNqtpfhFxyACL5hF9lyHdQ","EXKDLuYoZUKUNNNYA7TlGQ","wmJsu8F-82nLLxq2cNASOA","Nwb9CPnmRJFBzQsXkCq7-w","1GRHw5XTEsLIQefiVwcUiQ","PfMObQ3LxKtfLwKorzgRXg","nT3tLANzGy0a7DuB_GIQjA","FIoAIzgG6CHbQWfrEYc3jQ","7x5y-u6-0PA42lXT6fx2vw","hsK7Wp9KkrJtRY7V35ImjQ","3S7cA5U-pGl1mC_9J0nTcw","0uLEb2n2pi2L0Hyb-ZlZTA","R6-3KTxBU37RB5KQDNLJCA","fqz6TBmIdWR8sQOOIyzB7g","kzz4lKJl5b-Kqs6f_H7u3w","8XLQhyOkHBCELrWGgzDuqA","DgrIg1OR7arL8tVRiZ-psA","Lb-0y35-vafOkfd9YBWXLA","VszntzZdBCSfhKLyIAl2gg","NLyNvJ9LGG0DFAvUph97wQ","nODk_1cOo7Y6ceMyPN1iZw","-Ja07f8CpDIiKBEo-oHCFw","dKNRVmplQ-05zFa69BRwXg","CH9VC7aLLsV8NFdaoU_uog","Ij1VnoABThgfEix7_DwG4A","cy91v8bn79Qai6M8UIkrOw","M1UrTf3PH-st3Q6u8VovTQ","WYtbAHgY8rm0YaUtW0HnBQ","GrUCjpll6wTlcEhjuabHTA","J6oB7ZWwmd2ZhgdU6Yhidg","IzNJ4gwxlcd__Tx591wZUA","sfz70xVXGIs-VRsqpvjeFw","50WZYPhPoq0RHtZZr2r0Pw"],"useful":140,"funny":38,"cool":91,"fans":30,"elite":["2015","2013","2014"],"average_stars":4.32,"compliment_hot":16,"compliment_more":2,"compliment_profile":1,"compliment_cute":1,"compliment_list":1,"compliment_note":17,"compliment_plain":61,"compliment_cool":45,"compliment_funny":45,"compliment_writer":21,"compliment_photos":4,"type":"user"}}
