{"review_id":"Kx9_G1t0UvOxtciwSU2FSA","user_id":"CWNYsgSnNjne6aDMzPqQoQ","business_id":"9spk8K9pg5HdDNMNxAlGwg","stars":5,"date":"2015-04-10","text":"Good foods! Went for a brunch and had a pretty great <sandwich>. Usually less packed and busy than some other brunch locations, but just as good. \nThe most important part... <Bottomless mimosas>!! So worth it\nI've had good experiences with the service as well.","useful":1,"funny":0,"cool":0,"type":"review","restaurant":{"name":"8 Seasons Grille","neighborhood":"Capitol","address":"45 S Bassett St","city":"Madison","state":"WI","postal_code":"53703","latitude":43.0695351,"longitude":-89.3896261,"stars":3.5,"review_count":45,"is_open":0,"attributes":["Alcohol: full_bar","Ambience: {'romantic': False, 'intimate': False, 'classy': False, 'hipster': False, 'divey': False, 'touristy': False, 'trendy': False, 'upscale': False, 'casual': True}","BikeParking: True","BusinessAcceptsBitcoin: False","BusinessAcceptsCreditCards: True","BusinessParking: {'garage': False, 'street': True, 'validated': False, 'lot': True, 'valet': False}","Caters: True","DogsAllowed: False","GoodForKids: False","GoodForMeal: {'dessert': False, 'latenight': False, 'lunch': True, 'dinner': True, 'breakfast': False, 'brunch': False}","HasTV: True","NoiseLevel: average","OutdoorSeating: True","RestaurantsAttire: casual","RestaurantsDelivery: False","RestaurantsGoodForGroups: True","RestaurantsPriceRange2: 2","RestaurantsReservations: True","RestaurantsTableService: True","RestaurantsTakeOut: True","WheelchairAccessible: True","WiFi: free"],"categories":["American (Traditional)","American (New)","Restaurants","Steakhouses"],"hours":["Wednesday 16:0-21:0","Thursday 16:0-21:0","Friday 16:0-22:0","Saturday 9:0-22:0","Sunday 9:0-21:0"],"type":"business"},"user":{"name":"Maty","review_count":41,"yelping_since":"2015-02-17","friends":["pJ473ipQBuPWM3F_STrWVg","0gVxritVIzQNwdNbMy_0zA","FBQw8O032oZI28sEUUdIDQ","CuKsN45HRMerkixlWD7b1g","_mPNGFkE_h7W1GfPVLxnLw","niGy1dada7s5JVl_yMp_pw","4-1aVSpoIpPW9Evu6jrxMA","ZpKdqofMoOermqTu5CP2hA","A0JFVMebDs-cLS9wiGNZ_g","cATK0n84wu21cPSZtymIDQ","DdPA_XKX1FHc0VswR3n2Dg","BE5z4rhGZflgUnLAYtpKDw","arERqSp-sutbEoXEq6Pz4Q","6g62thsHlsP7hojKsWwCaA","A--nWCUUbR29MriB8hBNTA","nv-T_c3R4fNHzSzzXuTvmA","iCt9-GdpalyITBR7qXUEqw","_Kz1xaBLg4BMdBveUVJVCQ","vwgaTA4RFAwN6K7H_Ln4KQ","HWIGQMr8Qo5vJT_8WR2vlA","Tzo0o4xiRyzpFkdK8KbiOA","-fx3oKF5bl6Gy35BT_4W1A","TmIq35F8SopQ5gGkCiJNkg","oUo5HK4exjfyQjHh-8teaQ","e1yYCNt_72zKM2sG2d1EQA","08ZZmjK-15kHRLZOBgO_kQ","f2BkKyGoRG8L96RbLfwD9g","hkEBcUeGtUJ6x9JHnZFTyg","yUF9Sp_igS2WarYKUwJaaw","FQhIofB9SNXx0UaO1fsGYw","T31T-tlWl6Th3xVyzfcv5g","lvE35-Csdf3KPRreepyHlA","Qnbe_xnkpzAvRp_OemsRNQ","srs26fFZYx90XdQdIps57A","GBvCsqmvoyTst8knbHyHng","-Cs9WF7FfYU-q-rTBmSo3g","6zKjbMdL_Njmywor7czzdw","Q7Q1qEs7kV8d-66Mk8VWCg","BW6OYu6AFm50p4AfRpbG4A","cXiNi0fuBNZWiMTUWAEjzw","D9e-50XK548IHLeODV5hew","pUmPyhUsdT66ImjCtATIWA","sH5RjNDdVnEA4Pcrr9AHIQ","6UyF5fxP2NzdwANNBauujw","EUTQ-mbgDQP7Dp9Ubvcajg","HmiVsBcWOD0vGHh6DClVkw","UnlbBAhppsFv9s5QJcrA8w","WYvygSYX51Pkmrz1dEO0EQ","p6-2XaUZbp2P4Wgx7SEpGg","7MxyHmCdC4M4n-0nJC54QQ","MFKlZ5n0Gyn9-xdq0IiWlQ","nVpbk6LhH9MKsrAgzGZZ4g","2_WuE1_JaHreiIM5u5fn2w","NEsL2WGgEjGyiLNd8Mq4kQ","RHYUrER2y98cB0aHhSvSRw","GmbP_yI2fRtZv6zsxUveWA","dNNZutKbe_nRmPj_aboKRg","cTrY8LUzjFwhq_Jga-sCUw","P08VlwqiKMf1aqizNwSshg","GoZRUXn6ni5cFaP8kmtjoQ","ZTe9KrS9j1B7t_UJv3hLDw","ORl6BvBfhbYsV3ORWzxW7w","FxJ17Z-gLFtsg3FwiVksSA","SMKmKoLCORWsSOA1rKKrxQ","Xwht4HlE_cm-jMOHHNVX7Q","ThoqcSd_IpPQZAjsEfpi7w","RIQGvH5vorPapptasViYzg","pg5WzzQiXIvDtDkbUrIeLA","PZT1bBThaCS6uOejfR0C6Q","kdBNlVV0Iz169-Zr1grkRg","yYEQkwU6WYkrTvfncGrdQQ","5zg78l-vdWay555DOOUiJA","F-NNZAqW0LlqFZBhuJpStQ","wCH7BxronUq-o1TialVajQ","l3rd4C8THbAdpW7Ax5IptA","yx6PSF_VfecBhgMf0fyZ8g","dZOaqVIUGB7qhauMCxxvEA","Yt3LXRIrmbk4-lTwDaYm-g","H3wkMfPrMPogqXLl2ncMlQ","LiimMI1zrPtKh4D236GK5A","NqviELPZXABcJHlj-4o-4w","-EDVZ6-OG7FmlpxFoGq1_A","YLgOI2REI0oA8hhQpVKV_g","StnFe41iB3PSqOqIDG2caw","HedglA9Q0XNBNUpfKbaNaA","0yYkUIuFj4lXE3Pw5fAXgg","86cpDArq6XyxOXYCoyyMyg","Pv0oaZzYWEHKo2tRMmxE6Q","ZCz70mYzNZi8ZwOjFCuBVA","Nwyrt3pVM6m_SqX_KcypSg","H-5ZcjA33YPm6pEUkGOd0A","vPWC66tf0m4n5GToJQd-Ow","ES-cIS1R_FlHl6fMhMKzIw","6CdTR5svECTuOpjy6ANsRg","70qiiMP6P1LAUKscz9P2EA","vAN2QieEKHLl5uKM9mx_lw","3oA6W4uavvjS6_-RauS5XQ","4oizhT8UGhgyWgcCklWsPg","lWMOB3RylqqdvCSje8Ydlw","hvjjSM0RiHpKiTDpGZeIHQ","t7TiTJSZu43garj5I0VmtQ","KZu07kIN4bjU9s9NDmfQRw","9HQdT6Dw8lbDGUThlAOMHQ","zXCnDmnbfvPBi6otWRgtag","jIJO6Mx07Wwiu46BkxA8Dg","ZQBoV_NuED6nkQ9Dpnzt0g","V4ujIwmbAvpzniUEflQj1g","ypQY0S1RGPhf5SmBtwmHYA","duQBicHDPBD7u9k5pcTU_A","tmGyUAMQwoiIB6wpLd1F-Q","yjzbZEMfAAFHJLY7PuGubw","KLzG3GLfobHUi9-LZdGyJQ","BzZtT-VLUVIQnQsW_MIVpw","nwzrPr0fnIv8EV8t5FyF0g","dSYwSYiF6qhqDnw7wAFvSQ","vjsFoqqeCNQmVU9lFQJZCA","hiLyzwyZ6Hrzb8mq3tQBvw","MILFu0EPdo8THUFiiPZbZA","arXy856jebnBs3gnPWztTQ","5OAY7PTxduu5JoAU8rA0jw","-csKb8n8uL0zg6TH9lrK_g","ELXSUrD3mvkkyNZVLRgzdw","jKC-tww0UiYnp-n9umoVkw","FMCJnqhV9f81Z3TLoYLzoA","Dr-w0Aq7lbkuBC3GGhfgeQ","luTOVXjzj0O6g9e5T7pvZg","1vlCuOr0cSiokOyDIgvlgQ","0lT4jLMG8I5QtkjowWoarg","ENDxZUBC64G794cFaiOJRw","m8BszjSgHxErWrd1DQCYzA","xXwjzRQoMVtQt1q1IpKw7w","bPHaaxD4R37M4_cco0XHvw","bfkpTpW52l7fDKKlShLSxg","Mpnum5_53dfYyNu-XZ_dVw","beCyvbsZnRfJjRZpSJ1Jdg","fU6mShtuoWaDNhUZNam-gw","sjb64UyeUZqmihGBAOMJeg","MVNwl_zrDCn-CADRCwVHSg","hq8OZ0icMfjFjZlUyZ7sFA"],"useful":5,"funny":0,"cool":0,"fans":0,"elite":["2016"],"average_stars":4.07,"compliment_hot":0,"compliment_more":1,"compliment_profile":0,"compliment_cute":0,"compliment_list":0,"compliment_note":0,"compliment_plain":0,"compliment_cool":0,"compliment_funny":0,"compliment_writer":1,"compliment_photos":0,"type":"user"}}
