{"review_id":"ZcpYGbbL7m6GjIhBzmpEwg","user_id":"GlkRNaUZjkhIdTeOFj750Q","business_id":"u5YFVrxuifUxuMRbRVC6AQ","stars":4,"date":"2015-09-18","text":"Great for a quick bite. Order was correct. <Tuna the Charlie> could use a little more tuna but can't complain since I got a great Hooked deal.","useful":1,"funny":0,"cool":0,"type":"review","restaurant":{"name":"Milio's Sandwiches","neighborhood":"Capitol","address":"377 East Campus Mall","city":"Madison","state":"WI","postal_code":"53703","latitude":43.0732747,"longitude":-89.3990084,"stars":4.0,"review_count":5,"is_open":1,"attributes":["Alcohol: none","Ambience: {'romantic': False, 'intimate': False, 'classy': False, 'hipster': False, 'divey': False, 'touristy': False, 'trendy': False, 'upscale': False, 'casual': False}","BikeParking: True","BusinessAcceptsCreditCards: True","BusinessParking: {'garage': False, 'street': False, 'validated': False, 'lot': False, 'valet': False}","Caters: True","GoodForKids: True","GoodForMeal: {'dessert': False, 'latenight': False, 'lunch': False, 'dinner': False, 'breakfast': False, 'brunch': False}","HasTV: True","NoiseLevel: average","OutdoorSeating: False","RestaurantsAttire: casual","RestaurantsDelivery: True","RestaurantsGoodForGroups: True","RestaurantsPriceRange2: 1","RestaurantsReservations: False","RestaurantsTableService: False","RestaurantsTakeOut: True","WiFi: no"],"categories":["Sandwiches","Restaurants"],"hours":["Monday 10:0-22:0","Tuesday 10:0-22:0","Wednesday 10:0-22:0","Thursday 10:0-22:0","Friday 10:0-22:0","Saturday 10:0-22:0","Sunday 10:0-22:0"],"type":"business"},"user":{"name":"Jonathan","review_count":5,"yelping_since":"2014-11-20","friends":["zT7m_EI-s45bc12KncynFw","0QoXWBrjH8w_HJYVWwdSyw","DnNCUxnLZJLKchU7ghBHEA","h477U8lIh_QJgqO7C_HdJQ","LTE023zxoxCKwXC841OrTQ","xikYZHOht2lgHT31_TzE9w","eQ3wGpVIKDhGAJxV1W7Y9g","WOpwl-EDM43VoZlbRGBO5g","nXypqAPfa40FXFOTDv9JJw","fmmeXmNR8D1mTavAiwb0Nw","Uljs9HzWH_Gj8-x4P73r8A"],"useful":0,"funny":0,"cool":0,"fans":0,"elite":["None"],"average_stars":3.0,"compliment_hot":0,"compliment_more":0,"compliment_profile":0,"compliment_cute":0,"compliment_list":0,"compliment_note":1,"compliment_plain":0,"compliment_cool":0,"compliment_funny":0,"compliment_writer":0,"compliment_photos":0,"type":"user"}}
