{"review_id":"re2KR-BchcB99mqGbGmrFA","user_id":"VHoz-_mf_jFQCINNkBMKSw","business_id":"C3R2BmF0YdyOIEd0jsqILA","stars":1,"date":"2013-02-13","text":"This buffest reminded me of a Las Vegas buffet except all the food gave me heartburn.  I'd been to a hometown buffet before so when my bf suggested it I relied on my memory of the experience and agreed to go.  Unfortunately my memory must have been jilted by the occasion or this <Hometown Buffet> was just bad, I dont know.  what I do know is that the food is cheap, about 10$ per person.  It is also soft.  And by this i mean everything is overcooked.  And it all gave me heartburn that lasted all day.  So will I be back?  Maybe in about 10 years when I've forgotten about this experience.","useful":0,"funny":0,"cool":0,"type":"review","restaurant":{"name":"HomeTown Buffet","neighborhood":"Mayfair Park","address":"1745 Parkside Dr","city":"Madison","state":"WI","postal_code":"53704","latitude":43.122528,"longitude":-89.314783,"stars":2.5,"review_count":23,"is_open":0,"attributes":["Alcohol: none","Ambience: {'romantic': False, 'intimate': False, 'classy': False, 'hipster': False, 'divey': False, 'touristy': False, 'trendy': False, 'upscale': False, 'casual': True}","BikeParking: True","BusinessAcceptsCreditCards: True","BusinessParking: {'garage': False, 'street': True, 'validated': False, 'lot': False, 'valet': False}","Caters: False","GoodForKids: True","GoodForMeal: {'dessert': False, 'latenight': False, 'lunch': True, 'dinner': False, 'breakfast': False, 'brunch': False}","HasTV: False","NoiseLevel: average","OutdoorSeating: False","RestaurantsAttire: casual","RestaurantsDelivery: False","RestaurantsGoodForGroups: True","RestaurantsPriceRange2: 2","RestaurantsReservations: False","RestaurantsTableService: False","RestaurantsTakeOut: True","WheelchairAccessible: True","WiFi: no"],"categories":["Restaurants","Breakfast & Brunch","Buffets","American (New)"],"hours":["Monday 11:0-20:30","Tuesday 11:0-20:30","Wednesday 11:0-20:30","Thursday 11:0-20:30","Friday 11:0-21:0","Saturday 8:0-21:0","Sunday 8:0-20:30"],"type":"business"},"user":{"name":"Onotse","review_count":154,"yelping_since":"2008-09-18","friends":["MVuOcL85pX0IrFDuX1_LvQ","srFZ0_Q7ktL5USL63yzrHQ","oSmr_UqSr-X-p0_u5WYGaQ","grnNy1ZhQkxAgrBpEcjxAQ","hFiC460GgkP7OvgwD5zuyQ","SI8SU-pxfbi3DOjD1KOXpg","dxjehLpGgh08vby2BksV6g","0tlPsDo2uawFW39l7-OsSw","K73hx5LsjtzUVaA4vuC2cw","uI_GEh8WnhlW8kkbO1dZXA","7NV6kcM2Mq5qY1drWD7LIg","PbmtoKdQ_Td9Ez_WwlEZig","kqYZ_folnv93DZvwOw6bBA","7ldSa_AXAFC1zhOydgnCAw","uysUD17ngCYYJeF-y4jbuQ","FteeKzMSR7P5pQAv7pbxsg","sGgnRGdk_4OuDpmL28x0Nw","tbycp0aRhRsiAVYUAVR_uQ","WRBhhEydF7dWXEUeq-16pg","IDVX4Is4CanREchBmpFXoA","GgzzX5YFSQdPQqwgaogTmg","rieZB2c8tCwMZGqfrf3prw","LBGVtPFlxkzAWJPW5KhPNA","TooTFyabfQs5YH9Mjg6eQw","NW00IydhVdCcAMq4_oJ1jA","8ZLAklUl3vS9cnlwpv3v5g","CQ-z6K58B-UsSr7gzHWBJw","xglieEHS8GBun7cLaMclRA","NPYpeD0kKKuDm-TtmwxhHg","WG0kTEJJNfT1egnunxpsvQ","Nz5ljy-vhUhSvKFxKPQE4w","AIhfuFmX62k7a22gXXAB2Q","dau5KabalTN1L2xb9A5f1Q","wXSzeF0XoUm3P9MezcVKtQ","XDnrtBaTBQaYqtRpEC71UQ","Bt8CQUs2bxUCgOSaUIH94Q","lrgq-Gr-l8m0v5WEmVXP6g","9M3gY85BdlzFidhQyA5o9A","U4INQZOPSUaj8hMjLlZ3KA","vy3VhAYOIMsrJCQ_vHMi_g","9NokAKi2-evnj5iEgbVADw","oHc48V0KxGCV0Cb-q54LHw","QoEr8Aqsu0Ey78JI3xiPxg","BIXJX0k6OaE5DRTrOrhjSA","1bqf2IC53LoCsi7k5kIzBw","VqnyB3pBuISHjJstrUZA2g","YAzjXxHDBNc4f2twpRb4rQ","ZNyUyxium8qh2lkj4VglNA","SG08FL4aI2ViPSeqj3Q01A","qDTwrRBQiW8ls2Xd2kXY2g","uf1UdKswKWOqFLUvRvvbzA","61XLGkvE3vwEPRz3yHFCDw","FKclATu5-fmK6lsAUuHp7w","OEG-ZcBRyjk5s4_2XvPeuQ","bv2OqhigVfv-4iRelh_2Wg","1vXJWH7L0IMEz5-8aU3SOA","6tLBlzcr6aYCV8xOyM9aNQ","XkXhvRmzyKzTaqXcmfAsXA","fJ_qSZH_akvWzHUPMqab1g","FpEeupVxy9MY_h-hrSkrQw","GmYe7X1js7ArVjFWP6-sQA","JlXG_EfWY7HZJAA1Wd2b3g","W4MqlTaTgGHuBfr706pgcw","7ON-pEbPXzZ7dpMebSRzrg","WltU1amDi6yDQi0z4dNcqA","SV5S5D13dsOeh_A62xNa5Q","aJu0WNWklGBFFjWvujCLVQ","W8JCwYqJfdt5Kw06ucoVjA","sKmcW5pucs8uTPuSq-P4QA","Cdl3DAFvodD4SnrVMBI-Bg","FqNT4NXpauSXVzP9TXHkMg","vOyyDaJ2TL5x18ojmJ4jLw","elcX9ugVlWscwtnmKO1GBg","fjCN5aSeWAFy66AVCZa_EA","xT15DPvgtyU799LLXpKzIQ","MUGwM7EPiMhTXb8h_kFB9A","_FNxFsjlJu8hN_35KEqaQw","W1i-yXwN6l1MvlfEoUG6aQ","hoPA4iBItEUMWUH7bIqrmA","JjXuiru1_ONzDkYVrHN0aw","15__cTm4VTc94P3ZqCuUPw","sZjvx2DiZqTckDVLAfpAQg","h2DiAvSyESMZq2kXv1esAg","TqKg5XonFWPAacSLpUNIVQ","KZ16GgPVZe5JCWIdBnpQhQ","u8-682s3xlyu-M2kdOPnPA","pSYjXb62QotWzt4RKt56pw","rVGPsUWR2rI9SdvR-l4C1A","MUblIswTKIJtAzygtRSmjw","WoJR8dJYJdb8mHihjoYT2Q","gaW6IXETO1y2kKYuxeg3RA","UVZnMzywLx7B3DWhR6vnwg","R-zH-BH_4Az7pPtlE31Z8Q","9BoPpMPWLG0xPQ1w6SDwPQ","TVQcM0FniW7gKyvbCamvhw","UHm2auqzAq18Du8Dz2EjMg","kS0J0v7cAKUmgfYIxPZEpw","CHt-Ut5mQ0RO2iCitdg8Ug","2LfHduTvFclZIpknKYKDXA","W7ugM1NqQeB1Wj0DYE8TYw","ShjPYwrLmZQE9ymofdd-XA","Fk0-yX8O5u2BKGYEzOwruw","MeDuKsZcnI3IU2g7OlV-hQ","UlWDGR0QrBbdFsVY6ugocw","1RmLZ2Nuex3mTYZYmxnz6g","2nygrNHPZ3Ou-RlB0zpMXw","r-zUIQPaHzvIyL93wQaoiQ","yJP-54fC6lpYXXl5X0JyJw","IOC3Iuu8t3hhtPMt9ibmpQ","rjo_XC87ho0-e5iaaYRFjg","t9oxULtQrib5FSqjO3at5Q","f7Emr9Q4H5r_jO_DW3QuIQ","cDhs0eRMGtVVXzr5eiGiIQ","jlXLXdWqx-KCsHLr9sE7Ow","MFqzLPXW-Lwx2N7Nv7u9Bg","Q1IENmNc6bdDruACmhy4mg","F6XHUMEGf71QLtzNELJZJA","yOcy0H16brXqGw54Y5FvWQ","kLM2SBlqIN_t6dXNcAi7Tw","xkGP6IEypSiyGziN7w1KAw","ToXS8zawUnN2e00dx1ugUw","1MlP72fkN2D0pB9jjaJOIw","edPlFzip7MoCOMJf3yf5SA","Gr17h3JDn7wWQo40kJKaGQ","F4IgFbRr2j0VLnKnb8JMpw","adtOywpRnG5-4mjQMQE1FA","rWGgJFYfIzn0Adf627oYaw","bGzQELylOfNPi_XpitxPTQ","d5WLqmTMvmL7-RmUDVKqqQ","estPE6e49RQ6d2HxuKbvKg","bm3EJvYcX2hpOZNkcjjT9A","Mhh8rgLrZM7Cf-foguYBvQ","fNd-enW7GUP16ZdulCgxeg","9SWtEX1k9AjRg93BAzMCpg","eu4BTuj84BkDCf22oHrdTw","8teQ4Zc9jpl_ffaPJUn6Ew","ISJ860z59OPGcuBbo-kjXg","C_Y9f2oVTyiKxqYHpkqggg","maZoDhLRbkazY_0mujCZbw","yh8_9Ix1wp9dekvyOZbilQ","55Hphx_uynxCdtT_zyyDDw","Wwd1itJKifCiPPpZeF8sBA","awO2JWCeGHTQyZLNHsCdAw","aFkrqgRHANlStqqwdQKOfg","ZvokoAAJSuDL8tX3K_HXNQ","TknGJ6WzqUHDHtelZ7b7Iw","__BTY2qBrZsib6B2q4rXgQ","UHMNOunCi3ZIxD4KEhX4_w","BktA51fSzb3OvWzXGk5g2Q","wd3xoNaDLib8dhQ7BxUl6g","q-XIjEYIdhlKHY2QzQlYxQ","TymRTTyXqsIr-lbZ-V6Vsg","_UrgR8x-enYzt-XgnjJ3wQ","dFK1RuTgZlWkV_chyrmhfA","3LC2sKfvz_nWuJquUDsNnw","UwrnxA4qpoKd0vk9ct-RFg","AYQGK2AZkIPkrqgAb72Qkg","1RRaKXM5WefQfmUwTccBfg","Y9LH7kmYF9NyqYA3DadReA","AjsP4d4kx-NarVlduKtWYQ","qG-MKTEntiRHuTA1lC0k0Q","wAlHXe13XzGZIhBzhSc9fA","pChFdpad2l0QwMV4uK7QyQ","SdXxLZQQnQNUEL1rGMOQ6w","WbqMdZRi5FeBJHKvwtNhwg","3S7cA5U-pGl1mC_9J0nTcw","8k3aO-mPeyhbR5HUucA5aA","qtCKYGzeWFwmg_9-8mg3_A","evLuwD6mijcizxGDzclbYA","eAnssHE57WnT7YkUBdPwxQ","0g-1WJTW71wixkz4-SQeFA","BB-NCxwSlVZuN8lh6IbMNw","nT3tLANzGy0a7DuB_GIQjA","qwONwL783a0hvPQl2TVWjg","iLJND-5IlBbWnXrijrW3_w","fqz6TBmIdWR8sQOOIyzB7g","jlwCXjKcX5GwJvxgMCBxsA","M_UuEwc_HoqPhqgEzkjPrg","CH9VC7aLLsV8NFdaoU_uog","lZ0BZ7NWLBK5XgCQUA1ICA","exUQoruSTLuljbm2z-qG0Q","MDAg-pxgzWLdkHJWR772Nw","kaWbOaPLIgNwCiNPnrBiaA","P3usQcIegPCl-cdH4IDirg","JUT0U3HTSB3kz9Wh7N0GqA","QuZbJquRtbY9O9JrB9NpxQ","Rh9yXKC7MiWhwnqNoTZziw","INgocgXv94oeTuzyXtjpYw","aqq1wYSRBfZHpe1qr059dw","mHjbNKpJaAcyElR12sP6lQ","YY9oveedttPvUuzXPh2GYw","Mg7KTdY3cS1XJWZ6qXhr9Q","Nwb9CPnmRJFBzQsXkCq7-w","231WruJwGq6km5I8qskGBQ","0Kx8vZWjJ-BCsCMBpRto3Q","zeKFlbvW6fNw4S-J8QqgYQ","6v8RdC-p3Db9N8syxDryIw","0n9xknaLDameHBBNUpYR2A","1ubbe3S3aGc5A9EMPe4toQ","GYLIjGosx4F-ZUu7MEl8aw","vSEbd6cnO1RXPKjmd8thSQ","O_kLaMrY5-G4ZauoUVZgSw","NwXV_WofVAmhZjfQvu6y0w","EXKDLuYoZUKUNNNYA7TlGQ","MxBSDxFo6mk3HXW_L6ueHQ","4q02ALXu_6i7-GWZAW9ctQ","eJq0_we4jyuID1UHusBKBA","_Thnvw6dXtng4l1zp5N45w","m2D3fe-xKSutoER346q-cg","07IvlxLd_3Wh3QVfk3IKYw","PKG18YP59kZME43akNInDw","aHiLmgQMMwZR0B49t8ek0w","RTWsMisf73pGnbagf1vmvg","QnIrewrXxFnssw_gG1gF-Q","UsXqCXRZwSCSw0AT7y1uBg","CtT0To4GaUdTJ7MhojlW4g","6DC0wklyCCirKpglOOCyow","mNS6c42dFp2vXUc0PwNGnA","4DyMRBKrokax6d8LCI3GAw","EHm_r2QH5bg_Ddx2_DENAw","nODk_1cOo7Y6ceMyPN1iZw","NLyNvJ9LGG0DFAvUph97wQ","5ClP4O44_kVWBC7deuE3jw","aNnqCieoq3wcWMo-UFYVRw","HNycc5PctOiR2PXb-TFCIQ","__q_wq15sARkTsf_H7pzIQ","dAdmWvykaBvtzHMaQTUomQ","GHoG4X4FY8D8L563zzPX5w"],"useful":494,"funny":142,"cool":233,"fans":12,"elite":["2013","2016","2014","2015"],"average_stars":3.72,"compliment_hot":60,"compliment_more":6,"compliment_profile":4,"compliment_cute":1,"compliment_list":0,"compliment_note":30,"compliment_plain":59,"compliment_cool":76,"compliment_funny":76,"compliment_writer":31,"compliment_photos":4,"type":"user"}}
