{"review_id":"k6t5exgt-WN5t8P7xO_A3A","user_id":"V_qzZMbF1A5sAX46EjYJoQ","business_id":"RMEzxhYfpnEsWlfozit_xw","stars":4,"date":"2012-12-09","text":"We stopped over to the Ale Asylum on a Saturday afternoon. It was a game day, but they have no TV's there so it didn't get crowded until afterward. The space is open and airy and their <beers> are top notch. Our servers were very friendly but once the game was over and the crowds surged in the service was a tad slow. The food was OK, but it's a brew pub and I didn't expect a gourmet meal anyway. The only complaint I had was the obnoxious amount of douchebag parents-about-town who had their enormous baby carriers and bags of Cheerios and spit-rags clogging up the dining area. This place is about <beer>, and the other patrons don't want to hear your bitch-ass crotchfruit screeching and whining while you try to ignore them over a pint. Leave your shitty children at home. This isn't Chuck E Cheese. Cheers to the Ale Asylum!","useful":0,"funny":2,"cool":0,"type":"review","restaurant":{"name":"Ale Asylum","neighborhood":"Carpenter-Ridgeway","address":"2002 Pankratz St","city":"Madison","state":"WI","postal_code":"53704","latitude":43.120314,"longitude":-89.353954,"stars":4.0,"review_count":199,"is_open":1,"attributes":["BikeParking: True","BusinessAcceptsCreditCards: True","BusinessParking: {'garage': False, 'street': False, 'validated': False, 'lot': True, 'valet': False}","DogsAllowed: False","RestaurantsPriceRange2: 2","RestaurantsTakeOut: True","WheelchairAccessible: True"],"categories":["Restaurants","Pizza","Food","Breweries"],"hours":["Monday 11:0-0:0","Tuesday 11:0-0:0","Wednesday 11:0-0:0","Thursday 11:0-0:0","Friday 11:0-2:30","Saturday 11:0-2:30","Sunday 11:0-22:0"],"type":"business"},"user":{"name":"Keem","review_count":5,"yelping_since":"2011-01-30","friends":["None"],"useful":0,"funny":1,"cool":0,"fans":0,"elite":["None"],"average_stars":4.0,"compliment_hot":0,"compliment_more":0,"compliment_profile":0,"compliment_cute":0,"compliment_list":0,"compliment_note":0,"compliment_plain":0,"compliment_cool":0,"compliment_funny":0,"compliment_writer":0,"compliment_photos":0,"type":"user"}}
