{"review_id":"CVs447o4MYEIpjOsd_WvZA","user_id":"bGzQELylOfNPi_XpitxPTQ","business_id":"qLYNdv7bgA7OOOKTxu0giA","stars":4,"date":"2013-06-21","text":"I tried the Good Food cart at New Belgium's Brewery's Clips of Faith event at Olin Park. I have to say, Good Food was great!\n\nI tried the <Sweet Thai Chili wrap>. As other Yelpers have mentioned, it's definitely worth trying. Sometimes I'm wary of wraps because they can be too dry and have too much tortilla, but this wrap had a nice amount filling and sauce, and I didn't have to rip off half the tortilla like I usually do with a wrap. It was very flavorful and I could tell that the ingredients were very fresh. The addition of fresh basil leaves was a nice surprise! \n\nI will definitely check out Good Food again!","useful":2,"funny":0,"cool":0,"type":"review","restaurant":{"name":"Good Food","neighborhood":"Capitol","address":"33 E Main St","city":"Madison","state":"WI","postal_code":"53703","latitude":43.0740986906,"longitude":-89.3828237057,"stars":5.0,"review_count":54,"is_open":1,"attributes":["Alcohol: none","Ambience: {'romantic': False, 'intimate': False, 'classy': False, 'hipster': True, 'divey': False, 'touristy': False, 'trendy': False, 'upscale': False, 'casual': False}","BikeParking: True","BusinessAcceptsCreditCards: True","BusinessParking: {'garage': False, 'street': True, 'validated': False, 'lot': False, 'valet': False}","Caters: True","GoodForKids: True","GoodForMeal: {'dessert': False, 'latenight': False, 'lunch': True, 'dinner': False, 'breakfast': False, 'brunch': False}","HasTV: False","NoiseLevel: average","OutdoorSeating: False","RestaurantsAttire: casual","RestaurantsDelivery: True","RestaurantsGoodForGroups: False","RestaurantsPriceRange2: 1","RestaurantsReservations: False","RestaurantsTableService: False","RestaurantsTakeOut: True","WheelchairAccessible: True","WiFi: no"],"categories":["Sandwiches","Food","Food Stands","Restaurants","Street Vendors"],"hours":["Monday 11:0-14:0","Tuesday 11:0-14:0","Wednesday 11:0-14:0","Thursday 11:0-14:0","Friday 11:0-14:0"],"type":"business"},"user":{"name":"Liz","review_count":421,"yelping_since":"2008-07-11","friends":["n2-rermLysvcRbpHosIzQw","TqKg5XonFWPAacSLpUNIVQ","LUiB72Pa35Re92_t0qnb4g","WwtW7BbEectvmBpSjeJVYw","VHoz-_mf_jFQCINNkBMKSw","q2vt96WEQ7_pnCmMYbSzjg","K9uJ8PTiZEg4QUX4i73EhA","gkRbx4ozSC5woK4YC5hyjA","V3Vq2DVl3JYf9LQjZturzg","eOdcN8lonbs7QcE2mfZ1Gw","s6leKvF-__k9Ff0EibK1ng","HMUnp55Q8_vxIEPl1V0W_g","cDhs0eRMGtVVXzr5eiGiIQ","CZ2PYd7ferR4fEXH6HdLhQ","6MPDULWrYyAFSY-ffYp_mA","IEp19D4-CQNF3I9QetQu6Q","f7Emr9Q4H5r_jO_DW3QuIQ","7i-aeLvPMRn_MCUhn1iz_A","TO0eJtYdoWqXbWVzg047uA","8dXZLf8hM4JDIU0Rk3X_Tg","s6e6Rk-hgXEyGjzS5fLz6g","i59qNOaj5wvOmwCHSsVWxQ","NVkzpbPgZttLckEycdqEpA","wWX2_x50KeqqfsYGMaPZ8w","2_NC4ziGvzjmq57Di_IBbQ","E3xpr996watZyp6P0587Ow","WGQBtqZ_kAypv8O38gSn3A","Jth2re-4AbYV3DLnlX80Sw","6P1yQuEsOtw0Wwk3GU1EkA","Vw7kqf7C6QkXhWC5bhRk3g","9SWtEX1k9AjRg93BAzMCpg","VukcjKh0gbROToqjvN40Mw","LwnL20RnwlSUg1YSJZbCDA","H0DFDbJ2treqCIZV7JlOQw","i3A8miTIxmVa9en2O3lOzQ","4KFjj0FHQ6RINQxW5o68Iw","A5nM0eEp2L2r_NZV0uFx4w","RPXDR78SpvKf5ZNTgQHGZQ","3MTUmYnuqcb3jiv4nnwb7g","5kizSg_-0C4urcjFn-ZlOw","CDuPmv-s2uv-6hZv62PtaA","niTdjI2tBGiZJLhNWtyqdw","z8wN6EQuw_JF-zTjcNgsLw","epyCmzzy6pAKbchWsJltUQ","FKclATu5-fmK6lsAUuHp7w","pMh01Me0lAlbGEk0cbZ3Vg","WzRK5qCJBg62bsx8Wz8P1Q","jlXLXdWqx-KCsHLr9sE7Ow","8S1FrVzT0tWluJ2gq08ygA","rBXpkdzH0EL4WE_xVapKtg","5M7kir719WiqdBLyaCagfg","pKtGwyStQ-ekTXp-TB66Lg","ZZgrSTvIkg-f3QZxe2BS1g","LOLZTQRfnIuQVxmf_mYNJA","WPsu6kzIy2L-0XdX32cZ2g","UfKDSCdkwIP_KIG-mCvqiA","hiytueBVxzAEWVRSpg6m8Q","R3_WtqS6GisYSQo07hnXmQ","PDUt2ggot5rbnk5hb590gw","9MOj3xc0-Xof6WmjSzVSBQ","fJ_qSZH_akvWzHUPMqab1g","Pwrs5AucFnB4eTIY0M0E6Q","vtjLwOIA1ETziV-QLHu6jw","lrRxjyh7L3rLRcKzDEuTVw","z_c2V52lIxJihCelwAfUNA","hQVxaGOoQO-Qx8yyKZZxRw","s8nkbQAlrVPfg1u4anGKtw","7L8O8wNZ5bnbZrbDiZ8w9g","sRllSaD1Evx4Z8doDDgS0g","CFqtPpMdpNxuIuAUqV-hqw","LI2infC0kSHDRYAgMCu1wg","JeWUOc32dQ0RCBlL4lneew","tOMfTEKuz21M9bNPJMH9JQ","p8dIoHSaiiKETBDL0WpGuA","7Ia5yRck89GVyHzWZKRAYw","RuQ2LpP_y5aNq7suUjJDoQ","xu0BkHtCwnYrMYxYNrTF2A","2oz4z-puG0VOeEbpts2XAA","I16TgcNykjm8pwn3xslXsA","S9GrCp_fyJp8uepCiYH3Gg","10SZxhILDmu9seABAGz7aw","vCS7G1BbYZR2rpHtG3TFDg","Vjb5nN2Mnv27OjVYQFKmnA","lVrNac8ldvymVo6K8yHeWA","ADJuhbDAaGSYf_julEwCuw","LG3M3c50GPV6x2jY4901mw","C3qEstGibMzf_O8ghB4BpQ","qTFDT38mYtBpl9mhzFdPvA","pJuh1RSWEY0uOcbQS15ajw","4ZfHbIbmyTuCX0BXNOocrg","RL2fV7JSCkRJyFUUz1qqsw","EXKDLuYoZUKUNNNYA7TlGQ","IrC64HBNdFyAFHan9aUH_A","-t69zak8q30U30L13qW9HA","2OAtvEQfy3oTkWZEiOCJmA","Ry2t3MCZEH6WjP5BiLHeOA","FEqXjUQxLkX_mIwKDJcWhw","R6-3KTxBU37RB5KQDNLJCA","Fv89LEgldeh3POnhDxBlGw","plnP7xeT05bsjd0a4UWI_g","JlNWZ_lBYzkBMsQAqBLvCw","JQhOnIgDALdsXQkUwk7Z0A","hsK7Wp9KkrJtRY7V35ImjQ","-BMnpL7J9PrDfy2GDPghvA","nOPA3p3uGbjN11X0bUUVvg","FZTkBavnUWVQRK3ULOxePQ","xbfFwxIVFLSKAgDZ-JIIuQ","fU0Q807MHdw_EsLmt7F3Fw","58O65cdjNkVfDmwKhj6s1Q","SE7bMhcSSVGRZDy8EoB8YA","88B7qCVS2wSj8ECvDzQWzA","ftdc7cFdBdN9agj5dtdqfw","knN1VCDTWHr661QGgM0Yjg","iD7HFt90AyDEAIBVPg93og","Wtpq4iJbeNgqNPLB1kJBiQ","LMLqTWkEoSUZvJyCfu_3Zw","r5WO8TRsKL5N3A09JSsgRg","uwGW825rtp_Mao48a_xzhQ","kA_F6Vc1d4IztJVLFmsJ8Q","jP9Zd6YIUDRD8DGSEBz2Bg","ivbSLuctfOyvcp_0xVwohQ","QcVB_54m6o8jbq5PJBFsHQ","wb2nOVuSU-KlLd_YntOeAg","AovNMrO7N7nYB-zIrDpRGw","GWz94vx4mPNen5JQoRWPxg","Xll_uF4YYqrJSf6BOXHICg","XfOgSUL9bTjTvHpFafS7dw","nT3tLANzGy0a7DuB_GIQjA","UR66PymtE6dwbw6-BiZgtA","DTj0-Lz01dl5buQScyurUg","sIc5n__Ov4p2FW0tB86IWQ","tX0r-C9BaHYEolRUfufTsQ","YjuQvBeEXhRgW7B_JteteA","9aDVUL3LnCmYE3zSG6H5Sg","2hIrqJtq7sSihPVE_8qkdg","tEERo8XR-uPLEZebezw8lg","1WIO87ft9exTPvyXtYxY_Q","0fkgfIdU1KejYLrj5XEW1g","zJMYjYMaj7wERK-uH2gfPw","h5Via70cRqOkjj1jMw-JDg","UqULiSnzgqq_nzTUkeTlXA","hHampB-Pdpbj4uYUi6lWeg","jRXr_ynus4PZEofYe_xgMg","4NasTqV-SeT76ijXUt-nXQ","KpSr-mxblPhYdE8hC4zabg","PPqtoLcCQn1PP_NF1yjQwA","_LJgfqLO2n3y-pymsBqwJw","mG6oO_YZUr8AOV6mgK_rtw","mNgPKkdp8ZtrvSKaSbJPJg","6CdGuKqXQ9mNq1Kt2AHjyw","Ult681KMSYmgJZBGYlhFwg","UBsLObCOSI5Sb0G2W8nqIg","c9QOfrSo3lsYvvrQddSQAA","gV2yI7gjEL-QtavDKOlUug","-tqb3Y7K3H9UnxKH2dWr3Q","CiQlyZNJmWw3mMzApcHXJw","q-Dx7QW4QzZCdqh7aL4spQ","QTwk5Ij2D0lwz851-SFqdw","3CU32j5m54UJg45DDkgEsw","5BJZI4x50ni34pbHrPOlDA","Jho-WZ05VCyPyNOIQMkKkw","ax6EHKfg50Wr2KBZ0xfpzQ","KESaslWmfZO5zLy0UHExAQ","NnMxvDg9D4OGOnM2mVyIdg","0Mp1KzuW9p8N13YKinyU-Q","mSyINFt6TtXX9OHbwJfN5Q","cBOgIkQL4ZPTmtl00XJP2A","UXhPzAazIfXAj40SZtHVAA","aR6rQMWqxMBVch13dGCnSg","AHRrG3T1gJpHvtpZ-K0G_g","efMDfLm2k7LY6l5sg4t8fQ","XlS51TcH7iak22sKTxel_A","drsXaYveXBMPtlzaiqQXSQ","RTWsMisf73pGnbagf1vmvg","F0Afhy3bwjba8yMTbkkOeg","gVOfUDxDKmlwTefOOCjFmg","INgocgXv94oeTuzyXtjpYw","DOj9NanlJP3xntULCy5Uow","ORtxnAAztSX6L3nFiVOqbg","SMLaa2b2OjPJIivuu2W7iA","05MQACYNxIfW-hdki06WPg","JUT0U3HTSB3kz9Wh7N0GqA","t0dqIc8n-A6Cw0ncwB81KA","SZLVe1ajXVzeivDuUO6Ydg","wXSzeF0XoUm3P9MezcVKtQ","QztT61seGBFWKaOA_QOI9w","uplIHjH3zG53wzsk_jX-WQ","cdgu-ASo4SW3bPwMNIalpw","Cwj8HKxURVXIeKA4fjZjmg","coNDmPtszmHoJIlAJp06xg","qCEXNhAVITIqcUHNjqGwPg","Bi-2ZIxHgWbttZxacF4DqA","3f1-nfcoenmorq13fHue6A","IAa1DD0CNNK7DHvIGAX5kg","rZfbZIyYve4a92-IrXPo5g","DcDrFIW14SEHG43c9vvDdg","gKeaYkbUQc75mSSzduHOww","RUADiQkUCe-qI5C5_IlFOw","Ug5LCaukWq24D4uWlE9eDg","2W3W4DgqY6Kci6828rNLgQ","KDmcphTiqgvm849La5mL9g","2pYpzJQQCz2KwVJ_uaJNQA","V0c-AS2FFCeSaV-3JfG5vA","C9c5Tmjv3goElw7k-bGLPQ","9I-kXfb7-1iAQFvHplk1PA","NYFIq76r5C4clvCRi1GWOQ","OGCz7ARF72aiNeCEdgGNJg","dQmhK--dmemdV5Fh2gPiDA","9M3gY85BdlzFidhQyA5o9A","6GMqKwnDXJiPZcWmn4KkxQ","7lNOYdIYWxHP5ODLh9K4Xw","sTHHm8sQmqo0T7Od-fpZxQ","V12HIIwQU-dYEQZBxEQTPg","HHEXgBRDdkFSiDu1gDSdKg","E_GAXhVA1_lVC2aFpMQElA","PnWOiZQAoqF-XUzfG1chOA","F99yaMakIQKBMufxaxA_4Q","Gp1gpAo6SXPQEryfafVuYQ","mX0G6QCiAutXL6FEJYxZLg","CwBh8Fmr07jFYBKZ2p6Mqg","-cNJnEvBiUSogiHfPoksGw","Acka3hNbW7REIh5q-1hvjA","3qiSdEk2qBkqNtOjWZ1CxA","CU_DPfQobM1SvwHxVWyIqg","sFsOmTDxSeZ065o2HOSUhw","vTyGgnFUZbP7KFza8BS1hw","5JLeLnGeTmUQiIYW5UWGLQ","UOBEjJLyeRVru8pRzpBVDA","9CnmnN_6EjoOnHaivFxGPg","ucPktDwlaKBb6ngkooFtRw","ylqsuJfz7SN5jG0HIsQ2kQ","LaPGm-qCvNJO8UUQP4jDWQ","UNIpWTKu1-pZh-vxIuMUYw","ZKv4UlWRKWWtZCr5f6wYKw","fEhDyM1UWzzplDr6azyVvA","BhORHB7OIq1oo597Ie1k9A","wyKKY0EGZYra98H_XMPwsg","UMmlqReuQ9nQRlj0QIadLA","nk7QfO3UISKGvs3xGFIvsQ","BV9925KFD6KWxPpkSNN0dQ","56GKRNsSjtxDoDkxt7hzfw","iYXltCQvOWKRIKAC4mFg7Q","tG5s3vgVpHun0unatapjMg","nKD00v01LghQGuy0Jc4BhA","KkISMdrGNLfaiv1HP7U4Dw","0pwHUIXiCS1dz2oMqiIzsg","pOuZqLgCjGWUWHIGpZxG4A","KtBuwem0LLrseTbXudqgVQ","LfTczq6bwH82ce5DvRmnUQ","x4Ekzrr7WVp04aPoLsgy0w","XElEE5jSRnylj8gTC4ECyg","XXDgvskDimCG3u95nglKBw","Kv1cjS6t-5fDNbd77Xej4Q","-yuIG9_jl6n31g7ldit-Pg","K0MCIIwZLkME9EzlVaRNIg","tLmwZI-S_yaZ3G8WsrgRcg","EXLFF7M-DprDtE9PIwX_wQ","3LC2sKfvz_nWuJquUDsNnw","lfCXtbZ7II76aO1w5PIOag","fUMQEH-fxTvFQkkR-n_A4A","zeitMTuYFY-5f5ZWqts0cQ","Oe_3rh8p-R8t1vkm9hOBGQ","TIVYeTd35zSqjUZn7EIbGg","8teQ4Zc9jpl_ffaPJUn6Ew","ISJ860z59OPGcuBbo-kjXg","ANkth6ICfYjQ5Utdxg64jQ","6aUflviDH40NS0OxUuG_Iw","b8Uf0KezcwL8RtzYHIvXvg"],"useful":56,"funny":24,"cool":9,"fans":31,"elite":["2017","2008","2013","2015","2016","2009","2011","2012","2014","2010"],"average_stars":3.95,"compliment_hot":34,"compliment_more":3,"compliment_profile":2,"compliment_cute":2,"compliment_list":2,"compliment_note":28,"compliment_plain":45,"compliment_cool":54,"compliment_funny":54,"compliment_writer":34,"compliment_photos":4,"type":"user"}}
