{"review_id":"aEOuosexV0EfbgdxCGwYdw","user_id":"IRFVVAdnV9xdKzXHF0c8Kw","business_id":"61wUpoim2yzSMPKxg58ReQ","stars":5,"date":"2014-03-19","text":"Excellent new <coffee> place on Monona Dr. Multiple plug ins, great <coffee>, excellent food and bakery items. Spacious updated seating areas as well. Come here to study or have business meetings/lunches... You won't be disappointed.","useful":3,"funny":0,"cool":0,"type":"review","restaurant":{"name":"Rosie's Coffee Bar & Bakery","neighborhood":"Lake Edge","address":"4604 Monona Dr","city":"Madison","state":"WI","postal_code":"53716","latitude":43.0698651234,"longitude":-89.3257421745,"stars":4.0,"review_count":70,"is_open":1,"attributes":["Alcohol: none","Ambience: {'romantic': False, 'intimate': False, 'classy': False, 'hipster': False, 'divey': False, 'touristy': False, 'trendy': False, 'upscale': False, 'casual': True}","BikeParking: True","BusinessAcceptsCreditCards: True","BusinessParking: {'garage': False, 'street': False, 'validated': False, 'lot': True, 'valet': False}","Caters: True","GoodForKids: True","GoodForMeal: {'dessert': False, 'latenight': False, 'lunch': False, 'dinner': False, 'breakfast': True, 'brunch': True}","HasTV: False","NoiseLevel: quiet","OutdoorSeating: False","RestaurantsAttire: casual","RestaurantsDelivery: False","RestaurantsGoodForGroups: True","RestaurantsPriceRange2: 1","RestaurantsReservations: False","RestaurantsTableService: True","RestaurantsTakeOut: True","WiFi: free"],"categories":["Coffee & Tea","Food","Restaurants","Breakfast & Brunch","Bakeries"],"hours":["Monday 6:30-16:0","Tuesday 6:30-16:0","Wednesday 6:30-16:0","Thursday 6:30-16:0","Friday 6:30-16:0","Saturday 7:0-15:0","Sunday 8:30-13:30"],"type":"business"},"user":{"name":"Patrick","review_count":14,"yelping_since":"2012-10-12","friends":["RWXY_PAOtVS3nbWVdjt7oA","Xxxz-X-FrTD527f5Mad-fg","MxRG1KIbgAQZfzEoJ0GxhA","0uKqLTPwF1sj-yvG5-OQdA","eGVdnMHlHcRqM6-naPXv0w","MyQcdElx2UMZk3WaEe6Q3w","6pn0x9-47diUBo5E82CiWg","Srk7cCrK-azJ28ZkRHcAEg","LQQaXPUEDXvR7qa2uaqn1w","xxN1TfEfetomG0aQrAwjlA","eRpdaog3axi1_RCpymeHDQ"],"useful":0,"funny":0,"cool":0,"fans":0,"elite":["None"],"average_stars":4.21,"compliment_hot":0,"compliment_more":0,"compliment_profile":0,"compliment_cute":0,"compliment_list":0,"compliment_note":2,"compliment_plain":0,"compliment_cool":0,"compliment_funny":0,"compliment_writer":0,"compliment_photos":0,"type":"user"}}
