{"review_id":"T5Jni_JMLeFbjozalNmOPA","user_id":"SrAHkJhN603_QB9M-Q5KMQ","business_id":"K75oPh837az2upKWPS2LUQ","stars":5,"date":"2013-08-04","text":"My first experience was with the Original <Pel'meni's> in Madison. Ever since I walked in I have loved these <dumplings>. \n\nThe food has been classed up. organic and Locally-sourced ingredients. it's a bit more pricey than the 5 dollars I paid in 2006., but the food is better. \n\nI order them with the works. The chili sauce isn't super spicey, and the sour cream helps cut the heat. The only thing missing is the <rye bread>, which they are working on. \n\nI was advised that they aren't as good when delivered or carried out, and that is partially true. the fresh <dumplings> tend to clump when they cool. This doesn't make them tasted any worse, mind, but it just means they have to have more seating.\n\nFinally, they aren't open late like their original location. How am I supposed to get my drunk <dumpling> on?","useful":2,"funny":0,"cool":0,"type":"review","restaurant":{"name":"Paul's Pel'meni","neighborhood":"Capitol","address":"203 W Gorham St","city":"Madison","state":"WI","postal_code":"53703","latitude":43.0754154,"longitude":-89.3907979,"stars":4.5,"review_count":273,"is_open":1,"attributes":["Alcohol: none","Ambience: {'romantic': False, 'intimate': False, 'classy': False, 'hipster': False, 'divey': False, 'touristy': False, 'trendy': False, 'upscale': False, 'casual': True}","BikeParking: True","BusinessAcceptsCreditCards: True","BusinessParking: {'garage': False, 'street': True, 'validated': False, 'lot': False, 'valet': False}","Caters: False","GoodForKids: True","GoodForMeal: {'dessert': False, 'latenight': False, 'lunch': True, 'dinner': True, 'breakfast': False, 'brunch': False}","HasTV: False","NoiseLevel: average","OutdoorSeating: False","RestaurantsAttire: casual","RestaurantsDelivery: False","RestaurantsGoodForGroups: False","RestaurantsPriceRange2: 1","RestaurantsReservations: False","RestaurantsTableService: False","RestaurantsTakeOut: True","WiFi: no"],"categories":["Russian","Food","Restaurants"],"hours":["Monday 11:0-23:0","Tuesday 11:0-23:0","Wednesday 11:0-23:0","Thursday 11:0-3:0","Friday 11:0-3:0","Saturday 11:0-3:0","Sunday 11:0-21:0"],"type":"business"},"user":{"name":"Jason","review_count":7,"yelping_since":"2012-12-29","friends":["None"],"useful":1,"funny":0,"cool":0,"fans":0,"elite":["None"],"average_stars":2.71,"compliment_hot":0,"compliment_more":0,"compliment_profile":0,"compliment_cute":0,"compliment_list":0,"compliment_note":2,"compliment_plain":0,"compliment_cool":0,"compliment_funny":0,"compliment_writer":0,"compliment_photos":0,"type":"user"}}
