{"review_id":"T0lJgIAep6ll2dnT08-rKQ","user_id":"K9oP3p_Eq7GK_4_jzmb4hQ","business_id":"-5DifC-lAFioAD_DLVgTMQ","stars":2,"date":"2013-05-16","text":"Update: initially when the new, enthusiastic owner was on-site it was fantastic.  Now, he's likely pulled out to start new franchises or other pursuits.  His absence can't be filled by two hourly disengaged workers.  The result: sick stomach due to meat that had likely been retained too long in an effort to maximize profit through cost reduction.\n\nBummer.  As I said 2 years ago when the owner's presence is no longer a dominant force behind the service and product quality delivery, things will go downhill.  I was right...","useful":0,"funny":0,"cool":0,"type":"review","restaurant":{"name":"Firehouse Subs","neighborhood":"Oakbridge Community","address":"7854 Mineral Point Rd.","city":"Madison","state":"WI","postal_code":"53717","latitude":43.0605835,"longitude":-89.5193733,"stars":4.0,"review_count":24,"is_open":1,"attributes":["Alcohol: none","BikeParking: True","BusinessAcceptsCreditCards: True","BusinessParking: {'garage': False, 'street': False, 'validated': False, 'lot': True, 'valet': False}","Caters: True","DriveThru: False","GoodForKids: True","GoodForMeal: {'dessert': False, 'latenight': False, 'lunch': True, 'dinner': True, 'breakfast': False, 'brunch': False}","HasTV: True","NoiseLevel: average","OutdoorSeating: True","RestaurantsAttire: casual","RestaurantsDelivery: True","RestaurantsGoodForGroups: True","RestaurantsPriceRange2: 1","RestaurantsReservations: False","RestaurantsTableService: False","RestaurantsTakeOut: True","WiFi: no","Ambience: {'romantic': False, 'intimate': False, 'classy': False, 'hipster': False, 'divey': False, 'touristy': False, 'trendy': False, 'upscale': False, 'casual': True}"],"categories":["Restaurants","Food","Fast Food","Delis","Sandwiches"],"hours":["Monday 10:30-21:0","Tuesday 10:30-21:0","Wednesday 10:30-21:0","Thursday 10:30-21:0","Friday 10:30-21:0","Saturday 10:30-21:0","Sunday 10:30-21:0"],"type":"business"},"user":{"name":"Danica","review_count":82,"yelping_since":"2011-10-13","friends":["-VEiLqeeLphUMUkuglK0cQ","VNPgU_5h8tFFYj7vsmSkrg","1VvPf92etFrWaRsfQHT7zA","rc4USKiO676ehEqj2vESBA","iLjMdZi0Tm7DQxX1C1_2dg","SxSeTYznS0YKSISgs5hj_Q","wHn07Kr2Y3LKQUNySgzfag","_KgFK6LJVPjUntl79avvPQ","W5d92YQQMRListUHKEaoxg","oMi1avn233TZ0kxnwG8f4w","XOSpgbzbQve5MNQ6os43kA","U8_GcTd4v1UPHZfYa7KnTA","p1sg5nYGm17GZ1ULHKcDvg","evRwCG9m-lwfL5TeCwrAhg","cZ1ZFiSEKe1ECgDRo96_Gw","YcSEynKM10_oFS4jxdJ6vA","iKXOjA-_b-z5Tgc8XEFOUA","yK3weJTE_hfFC2_E9HjJ3g","4mDJjL6or5jeKJBxrUxTTw","ryVndG007rye_AdW79nb1A"],"useful":23,"funny":2,"cool":1,"fans":1,"elite":["None"],"average_stars":3.4,"compliment_hot":0,"compliment_more":1,"compliment_profile":0,"compliment_cute":0,"compliment_list":0,"compliment_note":0,"compliment_plain":2,"compliment_cool":0,"compliment_funny":0,"compliment_writer":1,"compliment_photos":0,"type":"user"}}
