{"review_id":"U9ODNIyNra_fY61ZLNSY9g","user_id":"TwmKzXxFxMnfqFrQjpy1zA","business_id":"paNjgpMDRhNzBj6xzhHPVQ","stars":4,"date":"2016-02-28","text":"They have good <burritos>, better than qudoba I think.  It's about the same price and the <burritos> are huge!  I had the chicken and it tastes great!","useful":0,"funny":0,"cool":0,"type":"review","restaurant":{"name":"Habanero's Mexican Grill","neighborhood":"","address":"2229 S Stoughton Rd","city":"Madison","state":"WI","postal_code":"53714","latitude":43.0651865,"longitude":-89.3083494,"stars":4.0,"review_count":108,"is_open":1,"attributes":["Alcohol: beer_and_wine","Ambience: {'romantic': False, 'intimate': False, 'classy': False, 'hipster': False, 'divey': False, 'touristy': False, 'trendy': False, 'upscale': False, 'casual': True}","BusinessAcceptsCreditCards: True","BusinessParking: {'garage': False, 'street': False, 'validated': False, 'lot': True, 'valet': False}","Caters: False","GoodForKids: True","HasTV: True","NoiseLevel: average","OutdoorSeating: False","RestaurantsAttire: casual","RestaurantsDelivery: False","RestaurantsGoodForGroups: True","RestaurantsPriceRange2: 1","RestaurantsReservations: False","RestaurantsTableService: False","RestaurantsTakeOut: True","WheelchairAccessible: True","WiFi: no","GoodForMeal: {'dessert': False, 'latenight': False, 'lunch': True, 'dinner': True, 'breakfast': False, 'brunch': False}","BikeParking: False"],"categories":["Mexican","Restaurants"],"hours":["Monday 10:0-22:0","Tuesday 10:0-22:0","Wednesday 10:0-22:0","Thursday 10:0-22:0","Friday 10:0-22:0","Saturday 10:0-22:0","Sunday 10:0-22:0"],"type":"business"},"user":{"name":"Ben","review_count":20,"yelping_since":"2015-01-31","friends":["None"],"useful":0,"funny":0,"cool":0,"fans":0,"elite":["None"],"average_stars":3.6,"compliment_hot":0,"compliment_more":0,"compliment_profile":0,"compliment_cute":0,"compliment_list":0,"compliment_note":0,"compliment_plain":1,"compliment_cool":0,"compliment_funny":0,"compliment_writer":0,"compliment_photos":0,"type":"user"}}
