{"review_id":"U686X4o7T7OUfHdC0vjSyw","user_id":"BhmUhtCgEQCtidEF0kr2BA","business_id":"aRbUf7je5wv5ihTrB4vDhA","stars":4,"date":"2014-07-29","text":"Overall, this is a nice place for upscale peruvian food. Sensible portions packed with a lot of flavor. The <ceviche> is a must. It tastes very fresh and balanced. \n\nFor <dessert>, both the <lucuma mousse> and <tres leche cake> hit the spot.","useful":0,"funny":0,"cool":0,"type":"review","restaurant":{"name":"Inka Heritage","neighborhood":"Greenbush","address":"602 S Park St","city":"Madison","state":"WI","postal_code":"53715","latitude":43.0608425,"longitude":-89.4009947,"stars":4.0,"review_count":158,"is_open":0,"attributes":["Alcohol: full_bar","Ambience: {'romantic': False, 'intimate': False, 'classy': False, 'hipster': False, 'divey': False, 'touristy': False, 'trendy': False, 'upscale': False, 'casual': True}","BYOB: False","BYOBCorkage: yes_corkage","BikeParking: True","BusinessAcceptsCreditCards: True","BusinessParking: {'garage': False, 'street': True, 'validated': False, 'lot': False, 'valet': False}","Caters: True","Corkage: True","DogsAllowed: False","GoodForKids: True","GoodForMeal: {'dessert': False, 'latenight': False, 'lunch': False, 'dinner': True, 'breakfast': False, 'brunch': False}","HasTV: False","NoiseLevel: quiet","OutdoorSeating: False","RestaurantsAttire: casual","RestaurantsDelivery: False","RestaurantsGoodForGroups: True","RestaurantsPriceRange2: 2","RestaurantsReservations: True","RestaurantsTableService: True","RestaurantsTakeOut: True","WheelchairAccessible: True","WiFi: free"],"categories":["Peruvian","Restaurants","Latin American","Seafood"],"hours":["Monday 11:0-14:30","Tuesday 11:0-14:30","Wednesday 11:0-14:30","Thursday 11:0-14:30","Thursday 17:0-21:0","Friday 11:0-14:30","Friday 17:0-22:0","Saturday 12:0-22:0","Sunday 12:0-20:0"],"type":"business"},"user":{"name":"Emily","review_count":6,"yelping_since":"2014-07-16","friends":["-einO2qtoKikngG6JvU8jg","5V7hxNtidprr1nRg2RX3Gw","Znn3drgPbwSAa4hVNlKnww","nt0-pT4xAKoiOgZB1zb6uQ","0plkofNRjn29JJvGSB9z3Q","pxLOfonUxubAazfy-jckVg","JrUMklO7BynlflRInhu2zQ","3Qf07mWaWf8dh4OPJ4ggyg","OhylMpHS6p4r2fmjfV6QDw","mq--YNqsMPLpuK8fqaO8IQ","Ep4gK9Vs0IxRAwsCKLXqQQ","L8DDvdW-pD54cYm6cy1kAQ","1G00LcyqMW0Fu2qkFKSEnQ","8_M8XJU5Gr0Ae9EZ96IlkA","-OwQZP-EDhYef1BgmMMcBQ","LWMFoJfKyJodKLQVCnHGFw","DY8QIbOjbpr8TQuIHNDzoQ","I-SIKfAd00jgfomD3AISXA","B5tfdnyoGSLgujpXf1XGYQ"],"useful":0,"funny":1,"cool":0,"fans":0,"elite":["None"],"average_stars":3.0,"compliment_hot":0,"compliment_more":0,"compliment_profile":0,"compliment_cute":0,"compliment_list":0,"compliment_note":0,"compliment_plain":0,"compliment_cool":0,"compliment_funny":0,"compliment_writer":0,"compliment_photos":0,"type":"user"}}
