{"review_id":"JCNhsuTvlvi-98z0Z2Ka4g","user_id":"vTC-gw1JOA0fjQYI2u8ueg","business_id":"zjwdU1OdlbKTGjm-IfD4TQ","stars":4,"date":"2015-07-12","text":"Fun restaurant with average, but authentic, German food. Good beer on tap, outside deck, live music, sand volleyball court outside, ample parking. Nice touch is the complentary basket of warm <pretzels> served with two dips: <hot mustard> and a <sauerkraut/sour cream/horseradish> combo. Lots of college kids. (Duh, this is Madison!) passing the boot of beer around. Nice, inexpensive evening!","useful":0,"funny":0,"cool":0,"type":"review","restaurant":{"name":"Essen Haus","neighborhood":"Capitol","address":"514 E Wilson St","city":"Madison","state":"WI","postal_code":"53703","latitude":43.0762215,"longitude":-89.3765301,"stars":3.5,"review_count":174,"is_open":1,"attributes":["Alcohol: full_bar","Ambience: {'romantic': False, 'intimate': False, 'classy': False, 'hipster': False, 'divey': False, 'touristy': False, 'trendy': False, 'upscale': False, 'casual': True}","BestNights: {'monday': False, 'tuesday': False, 'friday': True, 'wednesday': False, 'thursday': True, 'sunday': False, 'saturday': True}","BikeParking: True","BusinessAcceptsBitcoin: False","BusinessAcceptsCreditCards: True","BusinessParking: {'garage': False, 'street': False, 'validated': False, 'lot': True, 'valet': False}","Caters: True","CoatCheck: False","DogsAllowed: False","GoodForDancing: True","GoodForKids: True","GoodForMeal: {'dessert': False, 'latenight': True, 'lunch': False, 'dinner': False, 'breakfast': False, 'brunch': False}","HappyHour: True","HasTV: False","Music: {'dj': False, 'background_music': False, 'no_music': False, 'karaoke': False, 'live': True, 'video': False, 'jukebox': False}","OutdoorSeating: True","RestaurantsAttire: casual","RestaurantsDelivery: False","RestaurantsGoodForGroups: True","RestaurantsPriceRange2: 2","RestaurantsReservations: True","RestaurantsTableService: True","RestaurantsTakeOut: True","Smoking: outdoor","WheelchairAccessible: True","WiFi: free","NoiseLevel: loud"],"categories":["German","Nightlife","Bars","Restaurants","Music Venues","Arts & Entertainment"],"hours":["Tuesday 15:0-0:0","Wednesday 15:0-0:30","Thursday 15:0-2:0","Friday 15:0-2:30","Saturday 15:0-2:30","Sunday 15:0-0:0"],"type":"business"},"user":{"name":"Jackie","review_count":54,"yelping_since":"2012-02-21","friends":["flIQeX6qSMX_dUCeFun-9w","CxHVjxE57obYQxHuHhZWHw","AQagNqMakYSZXeb6CJAzVg","GRvv1_clD6w3krfLvxqWrw","faFALhfFENWKenRlL36WRw","6aSlIOAkhNLBIZS0HtbQ9Q","XVm54PrYVCJK_VqFVW3yTA"],"useful":0,"funny":0,"cool":0,"fans":1,"elite":["None"],"average_stars":3.73,"compliment_hot":0,"compliment_more":0,"compliment_profile":0,"compliment_cute":0,"compliment_list":0,"compliment_note":0,"compliment_plain":0,"compliment_cool":0,"compliment_funny":0,"compliment_writer":0,"compliment_photos":0,"type":"user"}}
