{"review_id":"n18FL-hXNfjPzEzUvIiTgg","user_id":"g42wi9bOD_WAZsro7VW6rA","business_id":"O3tT9S9vZixg1iwiKeWfuw","stars":3,"date":"2015-07-14","text":"Not sure how the food is, but the <beer> is not too bad! We sat out on the patio on a Sunday night... and were the only people out there.\n\nThe service was pretty good. The guy was talkative and helpful when we were deciding on which <beers> to try.\n\nOne of the biggest problems, though, were the mosquitos. I don't generally get bitten too much in Madison, but they were out in full force in that particular location! Perhaps having a bottle of Off! or some citronella candles would help.","useful":0,"funny":0,"cool":0,"type":"review","restaurant":{"name":"Karben4 Brewing","neighborhood":"","address":"3698 Kinsman Blvd","city":"Madison","state":"WI","postal_code":"53704","latitude":43.126006,"longitude":-89.325671,"stars":4.0,"review_count":104,"is_open":1,"attributes":["BikeParking: True","BusinessAcceptsBitcoin: False","BusinessAcceptsCreditCards: True","BusinessParking: {'garage': False, 'street': False, 'validated': False, 'lot': True, 'valet': False}","RestaurantsPriceRange2: 2","RestaurantsTakeOut: True","WheelchairAccessible: True"],"categories":["Food","Gastropubs","Local Flavor","Breweries","Restaurants"],"hours":["Monday 11:0-22:0","Tuesday 11:0-22:0","Wednesday 11:0-22:0","Thursday 11:0-22:0","Friday 11:0-22:0","Saturday 11:0-22:0","Sunday 11:0-22:0"],"type":"business"},"user":{"name":"Helen","review_count":253,"yelping_since":"2007-01-24","friends":["5v8D3YsyhsImEq7s-DrIAQ","qVc8ODYU5SZjKXVBgXdI7w","i_qtvR1d6nD7jTQ_Yg2Zng","A1RQM9nVQ1HM-1vz1e4bxg","F2_XXG8RVs9Z3qq5nkl05w","xbfFwxIVFLSKAgDZ-JIIuQ","BdAB1yosGmxU6IwV37sPmw","XCfGOzgsN9CruRzoUVul2A","38AzEHJmjem0GS8c-QRglw","MpOMfaq4ikuhmFqj2tJx1g","XgwrgoqAWE8cbUS8-T6p6A","GGzn2UH7sTlRCoDY7bYcig","om5ZiponkpRqUNa3pVPiRg","QSvpkvK_ab7gMMeJFlFdDA","LetC38oMJj4mtQ16ogeT3A","3zxy3LVBV3ttxoYbY4rQ8A","CQUDh80m48xnzUkx-X5NAw","KPaElaC9IbCO1y-nNQMPEA","lswHPbLHAZtCwlaKO3kDXw","Zrjo-x7l2J-l2x7X09oTLg","5N3vTkVPocwDkxJKkMDL-w","d5WLqmTMvmL7-RmUDVKqqQ","6TyKTFH-xWIQ_r-Qt51TGw","rsWkS4UMk9uVAx2F2T7y8g","_LmoHlJEOJXcFD7UnymIVw","VlYd7Ys6DWGLYwmO64F6Yg","krDR0sZQF5uJZB3Ar2AULw","jrMxBHW3SlUGVGYWvPsHWA","8tOZuLz_1t7NABOOa2OUlg","OdwiKdlpeXUoHwrGVT_POQ","f6ucPlHsL9u3HIA7RfG_VQ","wI07EVllm7xg2NeyTwAhXQ","SdXxLZQQnQNUEL1rGMOQ6w","bedHX3cLMlXza6aKOVbYtA","hY-C5hrYGYfdZQiX4P87vQ","DvunDIXqlNcY455oVngMNg","wd3xoNaDLib8dhQ7BxUl6g","sDGwhNAQIubV36t_fex6VA","HNycc5PctOiR2PXb-TFCIQ","gjhzKWsqCIrpEd9pevbKZw","0knWwZUxBM2jfC-zOXi2NQ","ApN5I4iGtDvsOXPCZbKZpw","-BQr7xM30g1ocAVrIttjfg","nJm0FoEIPlNCbyjtpmjfOQ","y-QgRNU8Qf0lkTKvr06v0Q","YxibKZjaBKSfBHgOOsnQ_A","aHiLmgQMMwZR0B49t8ek0w","dxOaeBctWwRENfggJhOfIg","i9wWIBS3up8wrbHnZDKFwA","3nBqOP8--mEcGn93xh4l3A","PhA1ulUsy1CkMzBIDjGKpQ","8teQ4Zc9jpl_ffaPJUn6Ew","9mUnhtoo4frpmjNsrvbjWg","mj7nr4MWGXSaJCytA6V-ew","wY-zDQAk449VKfXia27L1Q","JZIGloF6c1I8q3TDzXflWg","uvWBd1022bQfqjXAEPbHJQ","ISdg81JcyYMHVAksZatGeA","_5S1COiCMlShezxuwp0fjA","tyqyhE5mpoxnvOCH6nZX4Q","Cuk2vdOMwTz71NjBuCF0Mg","X3S5AhlmLhyiTlaiTF7NyA"],"useful":132,"funny":21,"cool":54,"fans":17,"elite":["2008","2017","2009","2015","2016","2010","2011"],"average_stars":3.5,"compliment_hot":21,"compliment_more":5,"compliment_profile":0,"compliment_cute":1,"compliment_list":1,"compliment_note":27,"compliment_plain":9,"compliment_cool":32,"compliment_funny":32,"compliment_writer":8,"compliment_photos":1,"type":"user"}}
