{"review_id":"5n_gYHpopyBtnQGp9ratjg","user_id":"8HaCjUr7cRw80K0u0ZSUjg","business_id":"C63sF-wG4f1doMIMv2qvOg","stars":5,"date":"2011-04-22","text":"Great <Pizza>!! Great <Wine>!! \n\nWalked passed their doors and the amazing aroma forced me in. I couldn't resist. I came back twice more the same week with friends.\n\nHighly recommended! Great place to hang out and eat with friends.","useful":1,"funny":0,"cool":0,"type":"review","restaurant":{"name":"Cafe Porta Alba","neighborhood":"","address":"Hilldale Mall, 558 N Midvale Blvd","city":"Madison","state":"WI","postal_code":"53705","latitude":43.0721304,"longitude":-89.4512861,"stars":4.0,"review_count":133,"is_open":1,"attributes":["Alcohol: beer_and_wine","Ambience: {'romantic': False, 'intimate': False, 'classy': False, 'hipster': False, 'divey': False, 'touristy': False, 'trendy': False, 'upscale': False, 'casual': True}","BikeParking: True","BusinessAcceptsCreditCards: True","BusinessParking: {'garage': True, 'street': True, 'validated': False, 'lot': False, 'valet': False}","Caters: False","GoodForKids: True","GoodForMeal: {'dessert': False, 'latenight': False, 'lunch': False, 'dinner': True, 'breakfast': False, 'brunch': False}","HasTV: False","NoiseLevel: average","OutdoorSeating: True","RestaurantsAttire: casual","RestaurantsDelivery: False","RestaurantsGoodForGroups: True","RestaurantsPriceRange2: 2","RestaurantsReservations: False","RestaurantsTableService: True","RestaurantsTakeOut: True","WheelchairAccessible: True","WiFi: no"],"categories":["Restaurants","Italian","Pizza"],"hours":["Monday 11:0-22:0","Tuesday 11:0-22:0","Wednesday 11:0-22:0","Thursday 11:0-22:0","Friday 11:0-22:0","Saturday 11:0-22:0","Sunday 11:0-20:0"],"type":"business"},"user":{"name":"Jake","review_count":3,"yelping_since":"2010-06-26","friends":["None"],"useful":1,"funny":0,"cool":0,"fans":0,"elite":["None"],"average_stars":3.67,"compliment_hot":0,"compliment_more":0,"compliment_profile":0,"compliment_cute":0,"compliment_list":0,"compliment_note":0,"compliment_plain":0,"compliment_cool":0,"compliment_funny":0,"compliment_writer":0,"compliment_photos":0,"type":"user"}}
