{"review_id":"hx1QoqB49VKdee-8AHIdSg","user_id":"lmlScTpU2zJI32uQ0wVlKA","business_id":"sXYkjcuGhtaYP8yeQPaHgA","stars":3,"date":"2013-10-26","text":"We had our first Heritage experience last night and it was decidedly mixed. \n\nPositives: Five star server (Kevin). <Craft cocktails> (<Paramore>, <Manhattan>). Dessert (<Chocolate Tart>). Ambiance (mostly great build-out and vibe).\n\nNot all positive: Food. My wife and my opinions differed to a great extent. I found most of my food overcooked and, strangely, lacking \"pop\" on the flavor side. Trotters in <Trotters & Escargots> were overfried, dry and tasteless. <Escargot> were completely lost in this dish. <Grilled Octopus> were tough, tasteless and, again, this dish had nothing to define it. My <pork chop>, to be cooked medium rare, was overdone. No matter the source of the pork, if it's overdone, the quality will not save it. Same here. \n\nMy wife had the <Peanut Oil Whitefish>.  She loved it. I gave it an OK. She also found the <trotters> and <octopus> good.\n\nWe agreed the sheer number of ingredients in each dish is way overkill. This certainly contributed to the lack of definition and focus.  Also, we had 7:45 reservation on a very busy Friday night. Service was prompt but it seemed the kitchen must have been pushing really hard to get these creative and unnecessarily complex compositions out.\n\nThe (really) bad: Despite making reservations more than 24 hours in advance, we were seated at a two-top table that sits open in the midst of the main (side) dining room. I believe there are 3 of theses tables and they should definitely be saved only for walk-ins if not removed altogether. They are isolated from the ambiance while at the same time being smack in the middle of the traffic patterns. Ugh. Fortunately, Kevin was able to move us to a far better table a couple steps away. Host was completely indifferent to our dissatisfaction. Heritage may have eked 2 stars out of me if we had been forced into what would have been a very abbreviated dinner at that table. \n\nTIP: if you have read the menus online, be sure to READ YOUR MENU at the restaurant because your dinner menu will appear the same but will be different. Neither good nor bad.  Just be aware.\n\nOf course Heritage is a great addition to Madison dining. I am sure it will have a long and improving run. We will be back soon, likely not on a weekend, to check on the food. And PLEASE, not those tables for us!","useful":0,"funny":0,"cool":0,"type":"review","restaurant":{"name":"Heritage Tavern","neighborhood":"Capitol","address":"131 E Mifflin St","city":"Madison","state":"WI","postal_code":"53703","latitude":43.0768340202,"longitude":-89.3832337316,"stars":4.5,"review_count":250,"is_open":1,"attributes":["Alcohol: full_bar","Ambience: {'romantic': False, 'intimate': False, 'classy': True, 'hipster': False, 'divey': False, 'touristy': False, 'trendy': False, 'upscale': False, 'casual': False}","BikeParking: True","BusinessAcceptsCreditCards: True","BusinessParking: {'garage': False, 'street': True, 'validated': False, 'lot': False, 'valet': False}","Caters: True","GoodForKids: False","GoodForMeal: {'dessert': False, 'latenight': False, 'lunch': False, 'dinner': True, 'breakfast': False, 'brunch': False}","HasTV: False","NoiseLevel: average","OutdoorSeating: True","RestaurantsAttire: casual","RestaurantsDelivery: False","RestaurantsGoodForGroups: True","RestaurantsPriceRange2: 3","RestaurantsReservations: True","RestaurantsTableService: True","RestaurantsTakeOut: False","WiFi: free"],"categories":["American (New)","Restaurants","Gastropubs"],"hours":["Monday 16:0-0:0","Tuesday 16:0-0:0","Wednesday 16:0-0:0","Thursday 16:0-0:0","Friday 16:0-1:0","Saturday 17:0-1:0","Sunday 9:30-14:0"],"type":"business"},"user":{"name":"Kenneth","review_count":9,"yelping_since":"2009-08-29","friends":["qT_rhxA4TSaYAXLX0PwYkg"],"useful":2,"funny":2,"cool":2,"fans":0,"elite":["None"],"average_stars":2.89,"compliment_hot":0,"compliment_more":0,"compliment_profile":0,"compliment_cute":0,"compliment_list":0,"compliment_note":1,"compliment_plain":0,"compliment_cool":0,"compliment_funny":0,"compliment_writer":0,"compliment_photos":0,"type":"user"}}
