{"review_id":"AoDELG3EtGkYem0VChILNA","user_id":"nmlPgFvx1i39ckxb9n5xZQ","business_id":"ues2rFe_hbRC7s232PX5QA","stars":4,"date":"2014-10-01","text":"This place is excellent. My wife absolutely loves the <pineapple martinis>, they soak pineapple in vodka for like a week, it tastes like candy even though its straight vodka. The atmosphere is great too, it really feels like a legit irish bar in the middle of Madison. They also have an exceptional <whiskey> list, with a number of good <scotches>. They have a half off <scotch> promotion 10pm to close too, which is pretty amazing. Last thing to mention is the <Dublin City Burger>. Definitely one of the top burgers in the city. The <guinness stout sauce> is incredible, and the <burger> itself is juicy and delicious. Definitely get it if you have the chance.","useful":0,"funny":0,"cool":0,"type":"review","restaurant":{"name":"Brocach","neighborhood":"Capitol","address":"7 W Main St","city":"Madison","state":"WI","postal_code":"53703","latitude":43.0734677463,"longitude":-89.3833705601,"stars":3.5,"review_count":211,"is_open":1,"attributes":["Alcohol: full_bar","Ambience: {'romantic': False, 'intimate': False, 'classy': False, 'hipster': False, 'divey': False, 'touristy': False, 'trendy': False, 'upscale': False, 'casual': True}","BYOB: False","BYOBCorkage: yes_free","BestNights: {'monday': False, 'tuesday': False, 'friday': True, 'wednesday': True, 'thursday': False, 'sunday': True, 'saturday': False}","BikeParking: True","BusinessAcceptsCreditCards: True","BusinessParking: {'garage': False, 'street': True, 'validated': False, 'lot': False, 'valet': False}","Caters: False","CoatCheck: False","Corkage: False","GoodForDancing: False","GoodForKids: False","GoodForMeal: {'dessert': False, 'latenight': False, 'lunch': False, 'dinner': True, 'breakfast': False, 'brunch': False}","HappyHour: True","HasTV: True","Music: {'dj': False, 'background_music': False, 'no_music': False, 'karaoke': False, 'live': True, 'video': False, 'jukebox': False}","NoiseLevel: average","OutdoorSeating: True","RestaurantsAttire: casual","RestaurantsDelivery: False","RestaurantsGoodForGroups: True","RestaurantsPriceRange2: 2","RestaurantsReservations: True","RestaurantsTableService: True","RestaurantsTakeOut: True","Smoking: no","WheelchairAccessible: True","WiFi: free"],"categories":["Irish","Pubs","Restaurants","Nightlife","Bars"],"hours":["Monday 11:0-23:0","Tuesday 11:0-23:0","Wednesday 11:0-23:0","Thursday 11:0-0:0","Friday 11:0-2:0","Saturday 10:0-2:0","Sunday 10:0-23:0"],"type":"business"},"user":{"name":"Isaac","review_count":16,"yelping_since":"2013-03-22","friends":["Z9HPOER3iNMLkXQQmLDdLA","Ieh-Swex83RqQvdmehLStQ","IpM6tzEHRiljryU23i9kTA","0-hLXGyNNts_8lvISn3Iaw","aQcV02mHP1cryM1F20Argw","jyWr4OMR8eVRcqhIOYZcDg","bfmPsAZgtOJSE9n36OJFXg","ue7JF3bNE_rwt3_R-2Vjfg","nE3-4y_4ibx014leoyhNGA","9tr5BFvlD9WMDQ_86Jp7hg","BPPkoryOHInNQSdFJmiB2g","DWukmJw0-WkuogWNmy3uqQ","HqAsTK5chBV29zTV4XhI4g","58RcAf7M91I6BZ2dUDrOGQ","mfCtTH4SsOHEWNjWWKrgRw","dFvPOIcWjaMJA_ty8I0wkw","5K41ecTEE9YmI4jo81J8dA","IC7lfS_GpSKd6Dn6nQgcdA","UPg42Rjo1LyH6jZV4J6X3Q","Eley1QX5aaQoM3qnXbgkkw","TKbZZHgkUhSRPpTvQFMZ3A","SXAoTMtI6SEwndm0IN2eiw"],"useful":0,"funny":0,"cool":0,"fans":0,"elite":["None"],"average_stars":4.38,"compliment_hot":2,"compliment_more":0,"compliment_profile":0,"compliment_cute":0,"compliment_list":0,"compliment_note":0,"compliment_plain":0,"compliment_cool":2,"compliment_funny":2,"compliment_writer":3,"compliment_photos":0,"type":"user"}}
