{"review_id":"JiN--lebptvWJCzE4e9pcg","user_id":"tPhuFT1IcJmMJfjaMZJQHw","business_id":"7Tp53xZh1ypd2wbudP6Qcw","stars":5,"date":"2014-04-19","text":"You won't be disappointed if you enjoy authentic Thai food! This was my first visit to Rising Sons Deli, but won't be my last! The service was fast & friendly and the <chicken pad Thai> was awesome! Very reasonable prices, too!!","useful":0,"funny":0,"cool":0,"type":"review","restaurant":{"name":"Rising Sons Deli","neighborhood":"Capitol","address":"617 State St","city":"Madison","state":"WI","postal_code":"53703","latitude":43.0748716,"longitude":-89.3962559,"stars":3.5,"review_count":71,"is_open":1,"attributes":["Alcohol: none","Ambience: {'romantic': False, 'intimate': False, 'classy': False, 'hipster': False, 'divey': False, 'touristy': False, 'trendy': False, 'upscale': False, 'casual': True}","BikeParking: True","BusinessAcceptsCreditCards: False","BusinessParking: {'garage': True, 'street': False, 'validated': False, 'lot': False, 'valet': False}","Caters: False","GoodForKids: True","HasTV: True","NoiseLevel: average","RestaurantsAttire: casual","RestaurantsDelivery: False","RestaurantsGoodForGroups: True","RestaurantsPriceRange2: 1","RestaurantsReservations: False","RestaurantsTableService: True","RestaurantsTakeOut: True","WheelchairAccessible: True","WiFi: no","GoodForMeal: {'dessert': False, 'latenight': False, 'lunch': True, 'dinner': True, 'breakfast': False, 'brunch': False}","OutdoorSeating: False"],"categories":["Thai","Restaurants"],"hours":["Monday 11:0-21:0","Tuesday 11:0-21:0","Wednesday 11:0-21:0","Thursday 11:0-21:0","Friday 11:0-21:0","Saturday 11:0-21:0","Sunday 11:0-21:0"],"type":"business"},"user":{"name":"Billy","review_count":39,"yelping_since":"2010-12-25","friends":["None"],"useful":0,"funny":0,"cool":0,"fans":0,"elite":["None"],"average_stars":4.28,"compliment_hot":0,"compliment_more":0,"compliment_profile":0,"compliment_cute":0,"compliment_list":0,"compliment_note":0,"compliment_plain":0,"compliment_cool":1,"compliment_funny":1,"compliment_writer":0,"compliment_photos":0,"type":"user"}}
