{"review_id":"aKGsoZFN9kgMw8FLw5y65A","user_id":"cAl0Xqh_PFiMJl10ZlcDIg","business_id":"oSrTdvRGrJ24ofcquIFoPA","stars":3,"date":"2012-12-31","text":"Standard <sushi> place.  Perhaps a little above average for the middle of Wisconsin,  but a little below average in my book.  I'll be back though!","useful":0,"funny":2,"cool":0,"type":"review","restaurant":{"name":"Takumi Japanese Restaurant","neighborhood":"","address":"4222 E Towne Blvd","city":"Madison","state":"WI","postal_code":"53704","latitude":43.124856371,"longitude":-89.3101472672,"stars":4.0,"review_count":183,"is_open":1,"attributes":["Alcohol: full_bar","Ambience: {'romantic': False, 'intimate': False, 'classy': False, 'hipster': False, 'divey': False, 'touristy': False, 'trendy': False, 'upscale': False, 'casual': True}","BYOB: False","BYOBCorkage: no","BikeParking: True","BusinessAcceptsCreditCards: True","BusinessParking: {'garage': False, 'street': False, 'validated': False, 'lot': True, 'valet': False}","Caters: False","GoodForKids: True","GoodForMeal: {'dessert': False, 'latenight': False, 'lunch': True, 'dinner': True, 'breakfast': False, 'brunch': False}","HasTV: False","NoiseLevel: average","Open24Hours: False","OutdoorSeating: False","RestaurantsAttire: casual","RestaurantsDelivery: False","RestaurantsGoodForGroups: True","RestaurantsPriceRange2: 2","RestaurantsReservations: True","RestaurantsTableService: True","RestaurantsTakeOut: True","WheelchairAccessible: True","WiFi: no"],"categories":["Japanese","Restaurants","Sushi Bars"],"hours":["Monday 11:0-14:30","Monday 16:30-22:0","Tuesday 11:0-14:30","Tuesday 16:30-22:0","Wednesday 11:0-14:30","Wednesday 16:30-22:0","Thursday 11:0-14:30","Thursday 16:30-22:0","Friday 11:0-14:30","Friday 16:30-22:30","Saturday 11:0-14:30","Saturday 16:30-22:30","Sunday 13:0-22:0"],"type":"business"},"user":{"name":"Virginia","review_count":587,"yelping_since":"2006-12-03","friends":["FRwqX1-2TVl_5aiKkT9f7w","QEM-iB41GL_W4a8H0IW5Zw","LJC1DsXRBbvxOA6BtYG9-g","qA_8SkGk6ub8nTjoY1q6Cw","0DmnELS5lUYSG_vB82YkjA","9KGIILA15P-mA17eA5rZ3w","5wHGkNsaKO6P7iS2mtiBoQ","Vxc7n-OZhvhmi-GTqbN3mg","RrR07AX0xWE6zRrV-kVt4g","5OFVq6LA4g33FbzQtutl_w","hpAXuOvnd8OGpIbpCUtTlg","bOzsdIkTveA6glHOOMPpkg","A5QzkPvELM4O2G9h6zMn0g","M6n5Nz-qvksROZLkVrbloA","dJKKlEbWq2g9JX4vvWdVeQ","RGmsaZIOx8mb8HS8bP4tYQ","C-DfyTJjLP6PDP4P__TsBw","sqKTifCKentkB37wBVamvw","s5-drKtQ7Vk8CKDXrzV-og","y9jLbWxIqjV2yScST0IaAQ","Gi_tb58OsPo4H7dzUsMDUw","OV2QAFVRbm123awDPQsFkQ","347Kn7E_DokKwhkOTIAQSg","slRaeE4myundP0ODwUKfVw","TI7MfUfu4tKhO1LqQmhjIQ","F8mq3LlJlFJpQgaoz_oa6g","gjli8K_qKxWyJ5T8Yg-Pdw","bJKxI4uayyAoFC34Kh4j2A","8MNRu0mPO6b0hyrtMYIPzg","kNhiKGwRnfWsWn4lMOVPkQ","1hxscYjCqys1W69jWhTCQQ","7YpeovWwaYjiKO71bk1Mbw","4YNpDaFPHRt03_rWfBTHlA","_-oTR-yaPtsgm5OGFFzr_g","JEwHlMaL0Q8vFSws-gATLA","9VjFv1V_0ymbVzh820Hl2g","SQsvdEqz_47p0ebDOrUyUQ","AGaEe0Pr_I18gdKu7VlRag","-QazNlS7g8Hl42xjOTO7qw","Tg52ai5VA3z6985VOPr9Fw","rjgctgZfWPkzoGY7PqqcbA","q_9ZjRr5-4B89HBIoRpP3Q","--Xpfjo1U_oGVZeboKgcEg","T-edZsNCw2QhOtQIohzm4w","zsq0Kysl5OVkLTUSEiEcbA","othtFZlccycEzRxYN68zzQ","qSrMhNxTd5i9OhucLOj95Q","2gSOYHBWOfQbAOo9nBuM-Q","Xs-tD_zeL29nZbKxF1Ql5Q","eD7gLEDalCVQSLIhP8G56g","uGEkZcaaYTaBurzMrvhNzg","PrtryqQz4JoPloXpr3_EWg","iN4GKTFP3tfyVgoH3rbeUA","axbRO79f-MNnHZms9sr2SQ","vvf97uh5AWW2uCTqXzrmAw","fl4tuZ9sw9vwdo8OOX7ldg","6TrHhqsu8nlzOBew137AnQ","98RF76YmONnSgrZ-IPJryw","B8N8perjs95RkzhxDovKEw","o1uo5nxWJKxcBtAu0ubHuQ","JlNjUnEnot1m-I3tPe1Vag","sKt3pjq2q0LLzT29p-pF0w","HFu9R9NqVnicZr2chkFpTg","Wj-Alz8uVFLFOrzSyPY7FQ","nDS68-Z9x21817kgKECNcQ","Er0RIAsx6gVEyILSCCOthA","Ytwr05aoztISadJxvuEB4w","6aXN_JkEy6yw3JqJRG14JA","tsxly8I47PlT3b2ShfMOkQ","uc4zfAbNeh7buXTLGijU0w","4vArZP-pEZ9VNfEC2Wd9xA","PWMRXCXdOG6B_FXe-Lj-JA","6fC9xginAulcRlnmPU9qrQ","Fz7xEgjZorvscBPhBbNWxw","vTrprKefOlmyZvXzotvaRA","jSsfrwExthTRNBwnm4X8dg","Wp64GwykwZ-9cnYHb3bwEg","yR6Y6PIGwzBy2qFoL6O3BA","NkVYcoaThHjOfTTgq6OdHQ","ycXDvH-nE4SbKOr5hyTVkQ","woZhhAj9QrzMYBJ8M7uJFA","B0BLHE782q1Bt9BsiReX-g","p_fYLL5AeCj9G-Gv3p-2wQ","dUxCnqDGP_Ww3ZanlFHlvA","L0q6L3X0NApi1wpHmV-Byg","jwbcs_eQ2QznrOyMuqz1LQ","XvbpXVYMvuhIXllJLS6uHQ","5Y5KbsI5buMcNh2hTFaRpA","Ea-mIwoZkdd6wXqCzEWRBQ","q2vt96WEQ7_pnCmMYbSzjg","VH3gMmzbd7gC1gyaqTZa2w","F_S2ld2--g0RTAelIN0rEw","HbtDu8f3fxT6A3xubLYfGQ","fIfKT5J7OWnr_sNP7VKkAw","P6OBUNnwvMqRr3dFwjDHTQ","rrPHr5YQ77Qwq-728WsoEw","xfVMpG-zJ-i9y4GfEfesVw","SQ0d9rWc9qCiOV9Zl8n_RA","m0pMZ3eAJwflVNgWXXHXQA","MQBaWA2Q6jaT14l5AlX6Rw","Tro960h5_5mB2wFurwia8A","lRNxYoD-bq4XVJTvmc_esw","h0nCbVVU25DcHarFtiu6Gg","AfYYHLV2J1GmZ7LL-tYuSg","uZWmyJfwfPPn_8ZnxN8gHg","hZRDW7lFIO3ZRMIxLtvtoA","WVITzFgCjgD1Zr1GkbuzIA","chuM6TBkFHtTwJ6z96Hj1A","GBqCVQup28CA4pUlZOFLJQ","e3EMLRn4x-n5qFnjxk8QgQ","6X4O6VsS2Mm9dOGoSf_JCQ","BPC0TlWD8-0aKb50fsp7Kw","5MCBLBxr10NLUKZ4AboAMg","rO8q9s_vRkVLCOizBUppVA","-DLE8HkH-pBFxuEYqiN-aA","84yIm_RgMD-9R4Bj2msz3g","IB3lH_9Fu4DsRLp8W5EHug","wMfUCRARcMbn3cqQnzOO2Q","gTVs4EfnukRUfTScjVch2A","wZR7_KGroD2X5WlgTDWEvg","wUwMzoiDXPwfB2gCP0ugiA","eOkOfsaOCkUg-k3mvcnqvQ","o0p-iTC5yTBV5Yab_7es4g","7NCaxJXWAh_u5IdalPvS_Q","wM9RFY6H9MQQYfSUzdsIkQ","YV7XbZ2wp9PFi9lOWQ--Vw","EXQ2hbKOpqRHWE92uoEFnA","EaLa0pbI-nTwu27uNJH3jw","pEb2Gx5IMdDfZXHe-coXMQ","dnR9jB_uBNcWvRgyUeXDdA","URtzJmcY57i7ChiXG60Q0w","BRtRAj5tO6_mlNYYYXj9Lg","-L9aYfl891vnGG-PNjdFmg","yaXYMSLrkimIoe4eOZ2qCQ","QsLy4uzI5DvCr61RWeBkvg","S6AbOX3mxAl0kimWLbtI9w","wb2y2lusjp9kppaKRc3Hcw","zXLpk8UQBY60Zf8f-XJqlg","fhQeU5soibbqN2OgHjo-pw","UrrLmsigm5nDTeXD-Racwg","1dZ-ncwKph9TRcnY5ei-hA","4BUe9FnM7gv0cdIba435-g","wee7VU68bJlKSN06LMBRQA","YfFbrMgjS1cOm1O6SzyhhA","fyvQVAU3_KugFJgqhA6beQ","4Y81J2Tdq5XAnkeYmCZ2ow","Rdrk5ajjb0SRnk76TYxZWw","GjffErD7quHR3njOR2FtOw","PrHmzGliTJDuVrO8ZxwMRA","Yg9vyf1hDAcTEp1vog9cYQ","47iiqGmXi6UtE0wd8bRWpQ","Pq9HkRaVjx7L095fWHzpRw","fnFDRO7PjKLNNHhI_cUAtg","uRJ-IARyzkatNTPBBuusuA","fNRFVr2VfZRdSHhJ0bAuIg","joPxFPaT_fLTe3-4KnDNEg","UmguudGrlVEEaRajHgdprA","KDewJBJknfWvQyHHFNbfdg","cuSmkXTkb5vVSrT6Jc3jQQ","VbNMQwizyLjSGeS8u70XIQ","nT9TdWPDy7vAu13CetfNYg","jAxLmNxw9wm4fZsUBv-kZw","8-U6FgqWxNmXz80JhJQXZg","PH4_RB0zzdh_GR3FfEwTgQ","-v3K7ZqktQIy-NUbEopxJQ","QjslceHUb2_JitdU-eFKZA","0_KeW2c3xkwFo7PTBMq2oA","Qi7iyRncKvwh_UTdA3mJew","pdESTzbnzLd6WqTXqgg1Bw","U0xGfiR67p5fgV_7bPrBtg","1PNHTwe1r_lbFXAWT5PTXg","47PYRuKLmxf9E5Qw4_-i8w","x-PNHnhP3rdG1AdDOMTDJw","2FHhRBoOTJF40pel10j7vQ","EiMaydGgNzj82ef8Hzb1kQ","itmb9uAolzQnmEBDlV24qQ","PSG1x2bQQ-sZbYjCDyhM8A","GlJANkiGQ9HjrZPjLFlEYg","dkyZQuSESACH900hMRhypA","OnyAGZ5LNiY2wntVkccotQ","uw10eHJRxz5UGbUe_RJcVA","Lu8y2ayxVlAzuJEVfVcH4w","vOyyDaJ2TL5x18ojmJ4jLw","VO06uBE3U5cZYmprHI2gTg","WotMLxZOPB275oQZU0fU7g","XolT2lrqS7qepJNv412LIw","YPHoyCF4PtYJO6YqiQSBeQ","Ep8tXaDTFJs1c46FdS6P3w","WEE707sbhuKlgJqgILHRJg","A4z_D0VZ8Yqt4pYaYyx1Kw"],"useful":427,"funny":292,"cool":159,"fans":30,"elite":["2014","2013","2012","2010","2011","2008"],"average_stars":3.92,"compliment_hot":22,"compliment_more":13,"compliment_profile":0,"compliment_cute":2,"compliment_list":2,"compliment_note":25,"compliment_plain":57,"compliment_cool":32,"compliment_funny":32,"compliment_writer":11,"compliment_photos":7,"type":"user"}}
