{"review_id":"JFmgDQymvDLZ7g65-7dEdA","user_id":"XQERLfFxb4pejvKC4JlGbQ","business_id":"G099MT9cwtwgdsR71JLp6w","stars":5,"date":"2015-03-05","text":"What can I say that has not already been said?  Osteria Papavero (Pronounced Pah-PAH-vro, or someone will correct you embarrassingly when your Spanish kicks in and you call it 'Pa-pa-VEH-ro')  This place is consistently wonderful.  Classy, quaint and sweet, but not overdressed and stuffy in atmosphere.\n\nGenerally it is not too overcrowded. Though their space is small, it is cozy rather than cramped. On occasion they do become overwhelmed during peak hours, like everywhere else downtown. I believe they do not accept reservations, though once they did apparently set up a table for our larger group when we called ahead to make sure we were not being jerks by walking in with 12 people. If we had come later in the evening, yes, we would have been jerks to do that.\n\nService is attentive, though I often feel bad for the servers who have written down about 20 things that they have to tell you about for specials, in great detail. I love hearing the specials, but then I cringe when someone at the end of the table asks them to \"repeat that, I didn't catch what you said about the duck\" after a 12 minute long specials list. But what this means is that their menu is specials-heavy, focusing on what is fresh, seasonal and exceptional at the moment. \n\nFood is well presented, the charcuterie boards varied and delights to behold. You could easily make a meal of shared appetizers. Of course their entrees are delicious as well. My favorite was the <black truffle> and <sausage pasta>, but everything I've sampled was superb. Except the <okra>. There's nothing that you can do to okra to make it good.  Except throw it in the garbage. Or don't pick it in the first place. Let the okra live! \n\nBut I digress. \nGet that <butterscotch pudding>. I, too, was skeptical of how good something like <butterscotch pudding> can be.   It's insane. Get one, eat it, and order another to go. They have good to-go packaging for the pudding. Then eat the second one when you get home and put on your sweatpants. That's how pudding should be eaten, after all.","useful":5,"funny":3,"cool":1,"type":"review","restaurant":{"name":"Osteria Papavero","neighborhood":"Capitol","address":"128 E Wilson St","city":"Madison","state":"WI","postal_code":"53703","latitude":43.0741386458,"longitude":-89.379345444,"stars":4.0,"review_count":129,"is_open":1,"attributes":["Alcohol: full_bar","Ambience: {'romantic': True, 'intimate': True, 'classy': False, 'hipster': False, 'divey': False, 'touristy': False, 'trendy': False, 'upscale': False, 'casual': False}","BikeParking: True","BusinessAcceptsCreditCards: True","BusinessParking: {'garage': False, 'street': True, 'validated': False, 'lot': False, 'valet': False}","Caters: False","GoodForKids: False","GoodForMeal: {'dessert': False, 'latenight': False, 'lunch': True, 'dinner': True, 'breakfast': False, 'brunch': False}","HasTV: False","NoiseLevel: average","OutdoorSeating: True","RestaurantsAttire: casual","RestaurantsDelivery: False","RestaurantsGoodForGroups: True","RestaurantsPriceRange2: 2","RestaurantsReservations: False","RestaurantsTableService: True","RestaurantsTakeOut: False","WheelchairAccessible: True","WiFi: no"],"categories":["Italian","Restaurants"],"hours":["Monday 11:0-14:0","Monday 17:0-22:0","Tuesday 11:0-14:0","Tuesday 17:0-22:0","Wednesday 11:0-14:0","Wednesday 17:0-22:0","Thursday 11:0-14:0","Thursday 17:0-22:0","Friday 11:0-14:0","Friday 17:0-22:0","Saturday 17:0-22:0"],"type":"business"},"user":{"name":"Jess","review_count":37,"yelping_since":"2010-06-18","friends":["I-6lrzlesBLp2xggOyIFwQ","fqz6TBmIdWR8sQOOIyzB7g","EU-bkNyB6er1rEB1aG3R4Q","JYisoGZE1TFYzqU04hZoCA","cZLiwqbWqPDNSlcdZxGETA","ODS89cEI66iJLsiThlPIdw","XZkPf2_HZZ0r_ZuKTFdGFw","P0bzuqtZifKYmNcckwAYGQ","6cqLINP03KQi9-dETvHBbg","RdpTBqPl60uatcl9QxDXzQ","TqKg5XonFWPAacSLpUNIVQ","v6OpqvXW7nQK9XLdzqj0PA","Ry2t3MCZEH6WjP5BiLHeOA","fBLCFQFquJOxNkySurCrwA","zM9VkMoWpFxzt7lupWEdKQ","eYC8DtP1aV3Rd2TD2_ZLJg","4YK7KNQ-Am_z_DE0vU5sHw","HedglA9Q0XNBNUpfKbaNaA","jqMy7iiCHGs567IX7hvZqA","gdnqPX4s46RwTu88FefRbg","l6h8zwKOknRu2ZCPiIa98w","xj7Zh5q5PZKZ25chSqeoHQ","k6wBQ8OqaH9is1O8elz9RA","nlfUK6cVsC7FEwy3rFcztA","FVs1o0LkfSMmqKsgXc7vMQ","aAhBLssgSXHgGSUI-2Sb8g","rPjTneFLqr9Gilmv35EejQ","XEgJvWC-RaP2Z3BaUmDn_g","7-oSEHv1kTlcSGRSf7yh-A","HNycc5PctOiR2PXb-TFCIQ","EADWLsy0PSR4GWXWERZ7rg","nfXvPHQHBGTi3iizbP4jaw","L4OQ6NE9lYX0qYr5v76NLg","2soBqxd2ifz0TfVaQ2uJhw","5aRYlIChJKoT2_FMS-ZGVw","6N1YX7lsp6b1eCClTW_ZUQ","q48-QYJ-Y4aOPzbwqUjVWA","ykJtycuU8tvHXtMleFdGrw","aHrC3wjlpfVOn4vUA3HAKg","6DC0wklyCCirKpglOOCyow","un8S1ZFE9ALf3mZnrKt2Gw","TWBg0IkS_s9H8Oed_In0Ug","OFNwyJQbRe5DvgO3uFBUFw","t1viIZO9T1jHN4niufd8nw","4X9e3BzAXfmIvQUURTVSJQ","nNdW5oIppvEMfwbkAG-_iA","JUT0U3HTSB3kz9Wh7N0GqA","wd3xoNaDLib8dhQ7BxUl6g","aBX3ZPv8a1H2EVOjM3yCZw","_UrgR8x-enYzt-XgnjJ3wQ","YlHcE9-NGKeOQfds0UF4Ag","l6VtuKuhAvMuon4LGM_1cg","N3fG15ny9NNj84IZblsqeA","UJTiOcy-WtwwIV3FoXg3iQ","WGAsC-8la0-t3dpVfPDipg","9QcsN9u4_FjC5dAvG-oRsw","Nwk09Vh-ciqYxn-rEm7KCw","X93mYRaDxQrauNSP1ZPMpQ","zZccvFVlEcfYY-Ta466Fbw","fJ_qSZH_akvWzHUPMqab1g","kvyiX5-eK1VIjlJ4U9232A","FKclATu5-fmK6lsAUuHp7w","LUfRr8utrlJU6I-eZAZsVQ","_XKDBn39nK5mb4u8cis0LA","gNyQ8VrJbRhJ9Iiiqi5wqQ","cDhs0eRMGtVVXzr5eiGiIQ","pkMjuJQNL_UMHhfpmvo5Hw","bUPwA4VA5lfQpIcB0CuZNQ","h5b1MibQZgjeq2ZEdDxOGg","jlXLXdWqx-KCsHLr9sE7Ow","ACP7CyxfItBr-MaRBbGs9Q","VsiM8LyebCQcRv80nnSg8g","to8qZMOMiRF7iOezR6OcOQ"],"useful":42,"funny":7,"cool":17,"fans":5,"elite":["2015","2014"],"average_stars":3.83,"compliment_hot":15,"compliment_more":5,"compliment_profile":1,"compliment_cute":0,"compliment_list":0,"compliment_note":6,"compliment_plain":7,"compliment_cool":16,"compliment_funny":16,"compliment_writer":11,"compliment_photos":2,"type":"user"}}
