{"review_id":"2eWZAnSlk54IvDzPRUSRBg","user_id":"aQXwvE9GXXNuc4WM1gPwpQ","business_id":"ERXnerHflh86VOYKAopLMw","stars":5,"date":"2013-12-28","text":"I love Thai Basil! Their <evil jungle noodle> is super good! And I love that they actually make the food mild in request. Some other places seem to make it even hotter when you order mild but Thai Basil is spot on!","useful":2,"funny":0,"cool":0,"type":"review","restaurant":{"name":"Thai Basil","neighborhood":"","address":"6714 Raymond Rd","city":"Madison","state":"WI","postal_code":"53719","latitude":43.0322241,"longitude":-89.4979918,"stars":4.0,"review_count":71,"is_open":1,"attributes":["Alcohol: none","Ambience: {'romantic': False, 'intimate': False, 'classy': False, 'hipster': False, 'divey': False, 'touristy': False, 'trendy': False, 'upscale': False, 'casual': False}","BikeParking: True","BusinessAcceptsCreditCards: True","BusinessParking: {'garage': False, 'street': False, 'validated': False, 'lot': True, 'valet': False}","Caters: True","GoodForKids: True","GoodForMeal: {'dessert': False, 'latenight': False, 'lunch': True, 'dinner': True, 'breakfast': False, 'brunch': False}","HasTV: False","NoiseLevel: quiet","OutdoorSeating: False","RestaurantsAttire: casual","RestaurantsDelivery: True","RestaurantsGoodForGroups: False","RestaurantsPriceRange2: 2","RestaurantsReservations: False","RestaurantsTableService: False","RestaurantsTakeOut: True","WiFi: no"],"categories":["Restaurants","Thai"],"hours":["Monday 11:0-21:0","Tuesday 11:0-21:0","Wednesday 11:0-21:0","Thursday 11:0-21:0","Friday 11:0-21:0","Saturday 12:0-21:0","Sunday 12:0-21:0"],"type":"business"},"user":{"name":"Ann","review_count":33,"yelping_since":"2013-10-06","friends":["facUecdZ2BJou6LghDYYfg","v7iuBctlCPG9rAGY6j4DJA","ImIVYGdPxGA8zA3A8nsZoQ","tRNK-QuzlOsvQbYpYQasGA","6-YwcBUKHWP8PbYiSWZ1Vw","y03TBACbCjqi5LsgOMCvZg","V3EFiyCoeTKaqG1PwY67rw","WE5EyIwcQH6BnuEnm6x44Q","uFPaY_m8jBwKlTql_hxEDw","H8--KsI4PEmegLEOJGuJtQ","hj3583yh0wEl0eoKjtvoyw","Vuk9GcjFyRqSo8UfLFyvjw","tcuCZm8wvYTuvnEeCB8caQ","5BQYz48HYjXKKGVwL1uxow","dWzU2tRjKiCMMftZEucuPQ","4p0vRbwCEirSk7OWhKkMHQ","Drh_mCfdJKq_G5VH8sGZdg","MeHlEsOpGW_RIFqXzsPNjg","RwlLZJK9EtQWx59gz76BRA","z40f6W0vXfQk9yuaQ6YOLA","2IoP32pGgyjSbqUBw8OiCA","zVEB33rFaY3FPYSqt7gEdA","ZV1Tq0j_9-8-WL5LyGpwYw","89TQZbfxRasqyigTWpnl0Q","6iOP3i3wvn4EGv5FKuLjgw","OiKGVbnqXytz4n1J1Kp8Lg","hLj01rqh1ytOsici0HYnww","WbOIGG0R64ZhWh740MeVuw","Bkkl-njgGkO-Hvhd1zweOw","lps9zDndyfWpe96XbWt7fQ","EZouoSITxC5v5CFva3Xyeg","ibFnhpgR86zxM8mAdb4KEg","5kWjBj87-bFIkaaZKs_99A","f64RefAOyQkWyQjMnhYejA","4smgvN8bSCHdsn_GV26mLw","5-GwE5xEo8X0-Du8W04hMw","JUT0U3HTSB3kz9Wh7N0GqA"],"useful":2,"funny":2,"cool":2,"fans":1,"elite":["None"],"average_stars":3.82,"compliment_hot":0,"compliment_more":0,"compliment_profile":0,"compliment_cute":0,"compliment_list":0,"compliment_note":0,"compliment_plain":1,"compliment_cool":0,"compliment_funny":0,"compliment_writer":2,"compliment_photos":0,"type":"user"}}
