{"review_id":"y14U_7mxLq6eLnuukxftQg","user_id":"d5WLqmTMvmL7-RmUDVKqqQ","business_id":"Hty6oLQ1_FSRW5XgZtWrXw","stars":3,"date":"2015-08-24","text":"Our group of four ordered the <Basil Fried Rice>, the <Green Papaya Salad with Fried Chicken and sticky rice>, <Drunken Noodle with Beef>, and <Curry Squash>, 4 <egg rolls>, three <beers> for a total of $79 with tip.\n\nThe <egg rolls> appeared to be your standard, Chinese take-out yellow-wrapper <egg roll>,but the filing were anything but, came with shitake mushrooms, vermicelli noodles and shredded cabbages and carrots. The <fried rice> was well done with a large portion of <rice> and evenly hints of basil. The <Papaya Salad and Fried chicken> dish was a perfect balance of sweet and salty unripened green papayas with the crisp, bone in, juicy chicken. The <sticky rice> was enjoyed by all. The <Drunken Noodle> fell short, arrived with over cooked, soggy noodles, which drowned what was suppose to be a stir fry noodle dish into a stewop; somewhere between a stew and soup. The upside of this dish was it did arrive with a variety of vegetables, more so than your typical <Drunken Noodles> at other restaurants. The <Curry Squash> was another let down, ordered with a level 3 heat which was missing, was watery, no curry-like consistency. The squash could have been a little more tender. The chicken that accompanied the dish was bland and tough, almost as if it was blanched then added to the curry after the fact.\n\nOur server was fantastic, even though we stayed 15 minutes past their 10 pm closing time. No one glared at us or rushed dinner service.\n\nOur friends believe the <curries> and <noodle dishes> are more *Americanized* than other entrees on the menu. If we return, I'll definitely stick to the House Specialties or Entrees side of the menu.","useful":1,"funny":1,"cool":2,"type":"review","restaurant":{"name":"Lao Laan-Xang","neighborhood":"Williamson - Marquette","address":"2098 Atwood Ave","city":"Madison","state":"WI","postal_code":"53704","latitude":43.0928326884,"longitude":-89.3519827939,"stars":3.5,"review_count":90,"is_open":1,"attributes":["Alcohol: full_bar","Ambience: {'romantic': False, 'intimate': False, 'classy': False, 'hipster': False, 'divey': False, 'touristy': False, 'trendy': False, 'upscale': False, 'casual': True}","BikeParking: True","BusinessAcceptsCreditCards: True","BusinessParking: {'garage': False, 'street': True, 'validated': False, 'lot': False, 'valet': False}","Caters: True","DogsAllowed: False","GoodForKids: True","GoodForMeal: {'dessert': False, 'latenight': False, 'lunch': True, 'dinner': True, 'breakfast': False, 'brunch': False}","HasTV: False","NoiseLevel: average","OutdoorSeating: True","RestaurantsAttire: casual","RestaurantsCounterService: True","RestaurantsDelivery: True","RestaurantsGoodForGroups: True","RestaurantsPriceRange2: 2","RestaurantsTableService: True","RestaurantsTakeOut: True","WheelchairAccessible: True","WiFi: free"],"categories":["Thai","Laotian","Restaurants"],"hours":["Monday 17:0-21:0","Tuesday 17:0-21:0","Wednesday 17:0-21:0","Thursday 17:0-21:0","Friday 17:0-22:0","Saturday 17:0-22:0","Sunday 11:30-15:0","Sunday 17:0-22:0"],"type":"business"},"user":{"name":"Chy","review_count":408,"yelping_since":"2011-12-20","friends":["xkialxbpc7_VxPwjjB2zsA","BxyNLzAMZRl33FIIRa8A5A","B7gzCq2UHfNyHwjUkZUUzA","CiuZhF8WUmz2dAW4ojbvIg","krK3nPLQ27BdQ2q4mZm0HA","BERcAxAZJc1mwc7_3StvAw","zsm4IEB14VSsfDeWh_3y0Q","Ry1Rctmgp2jfBxtmc0NQyg","d-lzusSagnkDuiyLlfF5pw","OeNf8Mj6OAc_yHHkNHej7Q","XPTWylut2jKDx2jCmMMjeQ","FsXf6ucWlaVZCTzEaBw0NA","Zwj8T7RPoOpSJ5JcqPh4bg","GbnbFgJ1tKHJpGQO_lrOEg","U4INQZOPSUaj8hMjLlZ3KA","-W144jEq6ME5jGEgxQeA1g","rNTEsL8GxdtAao8T5UeSvA","5UDpc2CMOgbf3GePS6SGVA","d54DqrhqH4kUW6DJ1qn8uQ","UiGjeRQyDE8rxgE-0hisaw","Mcv9FTzlu4sSSPmJgSDOLw","bRfrhuW89cqEJcEjkH7Rcg","NtiYjQvbwiSRYSWUrmneFg","-UN6Lr1JAle-vYh5lQJVuQ","VPLu7DF2ZT45yUr9EyDfdw","4Cl9fWN-ZBsZ2XnpfOHGfg","qJ2TDKoWXDqNjtWhoZyxMA","eH034FAZ5xfMFl21yKnhcA","yDgBhl1QH-z7UMb6i98SOA","8ZLAklUl3vS9cnlwpv3v5g","QEkgYrrUEPJJbiUCLqf0fg","1phzsrzdfHi84bwxBCpu_A","TYGhXRbfMXN0HhBk2O6DDw","srFZ0_Q7ktL5USL63yzrHQ","-W6xtdIAXOvnxb1FbLsOJw","Y-rRZqS-46HnBJxrj-Im_g","Z1PtHHd5XP9kGpknC7Q26w","KQJadAAWioqQj02mujVkIg","9M3gY85BdlzFidhQyA5o9A","jL1TI1E0Yc0y-yQKCh307A","ejDNowFH7T8N7EfJZIPq6A","6Ph_x7aMz-HNQ9bPc0_x1A","4TcvKrUfYkqoZ6ejnqVY5w","lUPSEbFRd3jDOM5agGnjWQ","xdVBdvv7AagOrY1BnPkPpQ","JPJcwgmyqChDOG0i_nzhvg","yS7BcTGJkPuQIW8J3LX_9Q","nHOR3AMPzoNCxr7pHnlPXA","hGB2k9KIlJIMdpJZbBGA_A","W6eCwJposL5fN6DK_RewUw","niuSuIKt6XCiTwh0hLbbUg","rSarkkY0J4YhUGf2EOHmuw","XtKwxbdNIHjEM3ajUoX9OQ","lrgq-Gr-l8m0v5WEmVXP6g","yMiikE7cpVyVLDnJRClLfg","PgrCdD3iPgYzXxO8QsMnew","hv-anClX4QClDLyWvJ8b-g","ZNIn9PC0sHumZ0r5PG8tLQ","rof9DyrMxiWY1NyQHtjeDA","2-RlTk9dJNpj85MR2B46Cg","vkxKfc-S4X7AvlMSL64ngw","OadALCzb6X7FKtFxuUQHbw","jlatTIi2Mqc1I46DvjBFJw","UaDEWe0g5X3xzNSOS_2yIg","FORV4i-kZxBF0xRuZ6wjsA","HRh2fKHU1ku8qROKzx-GjQ","uvRVutQ_Gu-OivL6ox0ouQ","wtNopFY2ybprzk4FuEbWJQ","XBkGQOSDZrNKsv5KGiec1A","ElVmlTeE51pzZX9XRONiRA","Lu-wzfCqRp2lvvw7QC8O3g","2iOHDk79OerTEEWP-sOqmw","sNTwACdjA_0K0_dHIHoSzA","jQm82m8ksCpZLiNDJr-05g","OOFugtIPzCPi5bC8Fs1fGQ","jA1XJqh5UHdDXQstCOFfRA","yu3vMi8XbG3w7iVWStdCTA","ZBUqJPDeiVcnLj87Lra7mg","dxjehLpGgh08vby2BksV6g","hE2IjTuN1AKC-3QpTEfYjQ","uzQxsgonssCSoLwmSkodqg","z4UI-LzOFp-fPIKfQxrwAw","PFhGejjJ-IHzM8XeZIXgIw","iK_6pf-8NRd_UO2WMhnyoQ","LBGVtPFlxkzAWJPW5KhPNA","9Whz5AGTTAXn1ID9SmbxHw","WD9u3H-FqVONaEtxgBvjAQ","evnGPTzArsbLFNnrsddkkA","I-FmdvI28N7OIIt4JZOgIg","9HGR8sU_zm15sI109H-SGQ","Ntxf8sFCWM3_RRVS_EQ04Q","ottOuy7FZtUV2HnBfhVk0w","bZi9s2DRn-JgMyNENwVfNQ","xQ6Vc9YHh6JU2JltPZcEiA","B6_yLo5OIBcuuNCQHXhuqQ","s5cPcXcI0-3qBuPp8VPXsg","aZdsBvIJR03Vm99mKYBiew","S0c4QulNjuSr_toPuO7ANw","boLGreuzOXfreFivRIsbPg","fQgU69ynEkfpaUhSTeh25A","RebcFk7_1qmniMClGWMlNw","V12HIIwQU-dYEQZBxEQTPg","mSw98n1gt8bCmSs0fznfQg","caICV2psm7OABEkikMx2vw","ai57zt7xeWoTvXSezvAJtA","4khC-30PGkKHDlygNsPSKQ","HVu5_nXtY36OLjnBFk2HGA","5Is05P670CZK7yEml29kyA","2daYFot2hTbBdayKPrv-aA","x7IDQcevwR2Aw9ArOJoM0Q","8uGKIj1HqjugIf00BTUbFQ","VJddVu5LqKWPIMxLhwFFVQ","aQrwPtxuRxk_fhWFyLzETA","XIA5S-U1TwxyGQJvz_1eEA","xXdVsYfUszzqGRE_vAmcTw","Ofj4dQb8FOA1ukRbDjITmw","LWwmuZJjI4jeB95fQGbG0Q","awP6uIbiTgTqEdhNhfCa9g","PbmtoKdQ_Td9Ez_WwlEZig","b4icxY2z4TrtFJnROBM05Q","rCTVWx_Tws2jWi-K89iEyw","qKqs3sgcsuG9OC1gjPvv6Q","nT-sNbcZDDo_9cWBPQSMQA","wMBV9-km-9oYT1ozmyO8PQ","PyXfKIHx-2xsZ930FYs6OA","Bv3Zt8seTtqks7PoriKvSw","Mdkuwout__U_XQFuh30fuw","rpEgDgfPbjzhHfQ3l1r8Wg","e6awMCpyP6y6tt-Orua2hQ","EiMaydGgNzj82ef8Hzb1kQ","-KRhwdZu2dQmv0QiwurtZg","Gsd8iShe0T_hi7sAm6uq5g","SdyeR1Li7j-MIluiBTD7Og","8wQIoFapkegkC5fcVYg_Iw","VtiE3eXNYtH-tb0aFCF1Pw","Ryxj0u0AW3mRsRypdYli2A","BsdMr3hnc44zZcD8PxgeSA","lXX6uDphs_ZKqT3OuebjYQ","jeiONXFe5pNRmMpfuvgHOQ","EHmmS9rFXf3faIEIzJCygg","8VcH6yUrFc-OAHytjQweIg","GWf0oDFCwx-bNS6LhL75gA","FcVw4TicZhfTGtlGpuriWg","k_3v1L2tuVqHB6LnSZqMfA","xxwVbJIHfeGyMOp0PbK7MQ","mSyINFt6TtXX9OHbwJfN5Q","lYoUU3ByBIzDRU-c_0LX1A","r-jqH0mM_NEEabh9fak6tA","7KkRgHVeJ7N4HuWojrqULw","H0r5UfPsofy7PXmVEplRpA","JjXuiru1_ONzDkYVrHN0aw","A21q3ZenowJP27kOgnUsGQ","2DGl8Kvgo0WAgYgrscWdBA","oRFa3bx6JkVxBkvDDe2JeA","y6To06jltp9_C0SHy48sSw","cynJeGho1spyXikHubXIoQ","Rl7LRgWJAcwX1LJ8RRojWQ","rr5zzVWVu0u-P5P1rHIV-Q","NC2hfg6p-gcRUWE5iqSSnw","eRMUTE9K3gbOHYdV0P_kdw","Bo4ICHP7ahfZmtbYOo04yg","Vn923yPKfI3QI_YAtd31KA","aY1pbwrDLHHElTW-uU00_g","wm61ALFiZ-7BCbX57evHPw","tQehZuPAbVb8y5d7w2NtCw","eujtZMdyJFxCbBoAZhcrEQ","UVjV-Ie6Hx66p04lZusVfw","UpKyMVk02grOEJDPPsbZjQ","_SW65mmuHNhwXM7Q3mTh1g","I9PpxV1JrGATW-u3gew3Ew","8drMKNHWavs2g6uf0pLtvg","xl_kRGsUWEXJAGuxQFBKDg","aHrC3wjlpfVOn4vUA3HAKg","6HQj0W3ixAS4gyUQXJcCMA","Dfv5SgDJQZ_LB_oqVW9OzQ","vHdgOsGEJyMGJJULp_jQ4w","02DVIocyyDQAc03oU07m1A","Gm_JQaYXmUdOjfC4wM7PTw","ecyiv6zAAocMc5BhVfCSMg","hDLdCWSEGddIUDntpKtqVg","F1_WWxCjdHhMKBjPS9ljvQ","mphvb6MRmPgnIT8pmU-x0w","Wxyap96qOzRODLQZZr_C0w","62TPDA37iXppqA0xXJrSPQ","SauxuByNVq3GJiasxAjHFA","-FfpqCzuw2p6tlAL7WYN4g","YttDgOC9AlM4HcAlDsbB2A","sQblfI5c5HBfbE8Nmf7Eqg","NqkluSJPu4wB_3onW7WKnQ","OGLkivfkMESvh-2Fkg3bjw","iYeLvhAGiUgKeNkZV19_IQ","dAdmWvykaBvtzHMaQTUomQ","HNycc5PctOiR2PXb-TFCIQ","sdpIz4-s15T239CZ4Bd6Ag","Ra81C6AhGsAPKe30x8t5Sg","_906LXcXYGZdipHhKY3E5g","NkIKambntMDnWgi04DGHrw","07gdGKMkho4maba0lQyoQQ","nNP-yeS4VtniF1tDkFvtdA","q93KSB8PtxchdgcY17bH8Q","4HwS2oCVQ1-f_kzHCv5X3A","rBYkDNESKXorIlc5j_TSbg","0RFENBQbRp_RBuQ5pSoPoQ","oOwtFHP_78Yv8K6eKQQHbg","qsMJW2nWPqAx9jqvSJIeyQ","qgXcgfdrk5tzmLBq4_h6mQ","uX9O_f9HxeMky2GqVQ_Sew","Txa_sNMUSHfNzHwaV034fQ","hOwNzTU0g0UzNLNQhhuHEQ","TX4RFDBXKEEEMMQXoihInA","O0nRH4chsw89vW-zuT9Emw","2d4aS2LMnYn-bsB32runmQ","YY21y0_Evj3rXiR-MS2Scg","4AYfs8d7M2H4TBEiHhHTdQ","A0UtIwTkkH2GHcVePPBgtQ","Fo4OnPLHmWMPWF9-geKzaQ","oaco3RCaavxwo0YsAewO_Q","9WVbALK52-wRt_C5vt3IrA","h_c7PjnpUnF_-LAegBv7CA","dJ8UNl_5pGiAp4IXou1owA","l6IgOwIQOV-bOC7_Oh4QJA","kzz4lKJl5b-Kqs6f_H7u3w","gHqvZEGi64TlLmOXQMyjKA","31RqCEMUG_wAal4Izm3c5g","U7sj7oS-rotdKQiwrWYeSw","a85qPvr6L63PF0v9Zs8ZAg","pBnEvjCc5vL41Wqrm6XaXg","U1yQycG3kZwMpd1pWx-Jnw","UkLiM2r9UcVXdx81JPGZyg","VUhZCfChpTSiO8TkmSn18g","SdXxLZQQnQNUEL1rGMOQ6w","mUHJuirfyq3EsgNbhTkj2A","DwaaafwryFbW7C4E1gU1AA","5re8RQ-2-Mkz7LC4ftYfHw","dKKvpFh7QrplB3e0EEh8Rg","-MUlkZydqw3_-ODWuZR-KQ","tocMP89CMjSRMVdlaaug6g","HtkbJkNled0-FOBAiZyHlg","hycd4A-nZHyFzdwBO5oqyg","SdbWRxgI1JDa3ca-2Y7kkg","p3X4_d_u10uiLbwwzQL2Zw","dYEHTYJeDJ4v8AUiExaVsw","PU6D8d-JaNfeYDjuaxrRTA","JS4FVqOWbfhonFnegx5cPA","JM9jODLEp8_AZeF3TwftXg","FqNT4NXpauSXVzP9TXHkMg","IrygqP-BDOy2Fr4KWVHmgg","-WYbVngIGDQ81MY12UtwnA","uaFOvyGPRvSETSS6Lk8-5A","87hUJn_sfJ3LlkgaF4dPlg","XjrLnxoD8_OC9nnKg5H2_Q","hM7nJ08KgsA6NERjrPGfUA","2UzwZ4oYvqVThpK4So8aQg","s-GHMqCTPFIBNYElU7Yxpw","m6OZG66JPXVIZRkqm6reDg","fZ_9Na3EuwqN1I9x24vcSg","IxaXwNmReJ31-wv8JAfmAw","Jn-SVa6sqsOKNoxUTzcWjQ","cDhs0eRMGtVVXzr5eiGiIQ","u-lPzJNjkHrcJ_GHhuS73w","kS0J0v7cAKUmgfYIxPZEpw","1E3ZPU2sfCpjuE3mmkUwTg","SEZVQUIxNukcowUAR14VUQ","adtOywpRnG5-4mjQMQE1FA","gloomUKd75JoXuMVnSXmjw","ACP7CyxfItBr-MaRBbGs9Q","WZ6U1hdngRnSc_MgXf1JMg","CGvW-cf-XITAS13Z4gp6MQ","XP4LO2s6tEWM_VM2FTws9Q","AEgYsg7EHi-Z6j8R3vd06w","ZuVIbvRKwpL0d2DIHVAs3w","4Cyt6XBvze4c8U65fqbJ5A","F6XHUMEGf71QLtzNELJZJA","QDzMM2YcB0LDLJVHDqrz3g","Vede1jBvtZp4kNUhQ9_JBQ","D5WdAZCUv0ABEzH40ZlDUA","WHrPawNxWmMo-zpq_ToiZw","FtTUcQhsOwSEUXGEiMidtg","awB0KEeF9mq_eb-l6tvEKw","iqq1yl2u8D3Pe0PNTOU6hw","1Dj1VmFzA-t9fT8d4ExJAA","zLyYZ5xy_frDrldmfa2goQ","T9K0ubhGhcWxXnA1qwKtMA","Zxi1uZbS40s38yHWotcgaA","iJQtNnEcrxdpaD132v26nQ","sW-CNHEKz3Qy1L8c1EkaOA","rqb5abV146wcU-Z7JxfEIQ","h8Aag36PH_36FjG2aTqvUQ","3S7cA5U-pGl1mC_9J0nTcw","8EipJXehR14DD9x9N7RSSw","6XRavd6UBlIZb3vXyRBvJQ","fVoInJ-1ofo0c8d2EZzpFw","398qTQtuq1iay4iZS8LoPQ","UqkrP5O2ToeXRcYbp7okIA","-nXCoZSUuNZBOou-DYnk4g","cImvLb3Wvd5EZ8SRjKAPsw","WSYK4dwUGbBz2ww_-raRJQ","K8byELF3mfZxbVA_FPVo9w","pU6GoRTcl1rIOi6zMynjog","M4GSd91ppP50re3osYQr9w","TNYM6vmcp1Nxibt7vsbx3g","pgqoh3R5RqP18Er-Ieo17g","dHxvSPU6PZqX1LQRXajGDQ","0G-QF457q_0Z_jKqh6xWiA","vE53efZrzPlLLjYGtw5MOQ","7MYYnLIgeVE1LRQKkNezmA","fhbElvoN6fsSEqpE5ntacA","88QSMYCrl89yu6kdaMc-xQ","ub5yA93d2pWc0VMPE8Dn1A","f7Emr9Q4H5r_jO_DW3QuIQ","aIJ-2R1q5G7oqzBSgK_Vvw","cTA0xNt7i6bTAR8geI8m_w","4ZPKNYke1POscDLJ2vpAsA","5V-CwktC66Z1P_oHc3MEkg","RTWsMisf73pGnbagf1vmvg","AHRrG3T1gJpHvtpZ-K0G_g","QnIrewrXxFnssw_gG1gF-Q","pspekVQ_RZVmFm54MPKWfQ","LoPukvaiiG01I6STvU2fYA","ytQqW4xFMAYu7i8bAR1zzA","yKkb2x_MMOzWPy5Nclgm_w","SbJ7iiOb6Sj3gaREn-JUZA","WzFSlyPO-kARif92D_u_dQ","8TXEMMBb6niCC6wEPtwQiA","1nWwwKZ3dBKdyH0V2weWOw","BIXJX0k6OaE5DRTrOrhjSA","1bb3rNgoETjUB76vBn1h2w","7z97KgyMvlD2qNrX7io3Lw","EifuViqvl2ZNpRSvI-uu0w","sxhoJ3Y1zwU2BaomQEQ38w","ZngF2uBYrqyFjXd6LvuluQ","Tk6WbRgdwWGh_yRczYNJIw","LRi2DFvZjvry-DiQkUeD2Q","msFB1YRk3DVpYuqaxAj5fA","xFTwjBMXHJwp8MSTUD-rlQ","aHiLmgQMMwZR0B49t8ek0w","bLbSNkLggFnqwNNzzq-Ijw","svg_vZv5aRaMzulEwW11GA","G74dirzGh8lnoTTgEV23KA","j488o61SaX28yvCdEW7Czw","oumfoZhlZkHDdLTgLBiXqw","S8udwfSqpQMXk1_IxNrxJA","VHoz-_mf_jFQCINNkBMKSw","KEb0izPFikTbMGQdxokUpg","UgygXfSXt-siIXQUlq550A","bf2Twxnea_9NhIs-2lvK8g","BmDcEz51l-SO3cSnHEEZEA","tBZ8UAQFooesK_kst774ug","hktKtcE3eZ42rM2_42IhFw","Ao2VYIw9AMKOTiCUwe_T9A","Q1IENmNc6bdDruACmhy4mg","wurAOktmUxvpOeOhkkg_Bw","yn6vAUd0VhugVDDvHFp1dg","r-zUIQPaHzvIyL93wQaoiQ","Y9Y9ZGOL9jDF1YNamxoAHQ","NozUVjNR1qMZuUS8zayuqw","yJP-54fC6lpYXXl5X0JyJw","jv2BU3enZQkk4x8MleuBxw","Ka04Zm9hoy-vfYEzlRIcHw","jjhupnS_i7y6IUY_7l7x-A","eHtvxIiga_BgddCqLgyV0g","88q6XILHHatszjxxR8CGjA","LRy3JGI2EaksnC4N5Z6ifg","FwUZLVpOx7_2uWP4xh-wJA","hcGgZ4PbKcM3K1clw7tEGA","ZONVheoNuMls2b_5qR9kYw","gteHjytNuIQZTTjRyqGTyQ","if3b1CBDBDJYnGo_hXtHDg","PkNs-Rw6MHQfu6j5pBZMMw","NwPUMpHKZ18x3Y7hIz4I_A","jlXLXdWqx-KCsHLr9sE7Ow","2pDWLhRkZa67GvNu0DWQtA","i5A7O6yM_qkjpAHHPMntJg","1uYygtl6SRdAtj2NR7nV8Q","clYdXYi6uQxyFXw2r5jUDA","p3b-smCoDD4WgIF2upcIoQ","Yk7uDMZfOBFqMYe4rXg3fg","2n_e4WeIjLxCT01Drmmjmg","DgUNDrInnborzQjj3i3mAg","_xVip6XWA1pz4FVwqyuToA","pTfYqd5MaTTIRHyoUZbu1Q","Y1IWQWJuv2iQVyNxggxfww","82ZVkjJrZatQNuye2rt6ug","btwW4jGa1zFCBu5q5cCnEg","_V8VERvbwS2eh5iYPEXp8g","qDTwrRBQiW8ls2Xd2kXY2g","Wt8Naat13FOHfl0yuJtM8g","ci3at33o7SIL6RYVc_dglw","M9puGD3VU5FuhE60HklCvg","bslnssb5O8XQnNZSY8YY6w","Jnx8GE372nbzljZ5VqZcGA","aR7F6JaHjsYW_j5Biih0rQ","MuKK7Kiv_zUZ0EdHjH9ypQ","QuwyvLUAOjz0v0418njWLg","JQhOnIgDALdsXQkUwk7Z0A","CY9iLsE2z_yLhLqJdD1WGw","s4BgZ9tRRPKxjUcOJcyomA","2-9eAwWcTS_tnFhE0cTHhQ","us9GHCf3hipfSrusbEMuJA","eBWwsjzz8lGCkdKGb8QuGg","Nmrfk7jTdWW2tGP0I8AUbQ","pogm29tYzibyomQqN96eow","h7jpFoGLgBtCUHpSt6QOrA","ucjiayTcI7l4HCAj2UJFTg","z57wXuYlFS50sFhbZg5WDA","aPmPeu9fRC_e7Wqdik8ETA","63rsfkJ6ptD9jU_Rf96iBg","q91tQNboB-0HWtM8cXRjdg","ReMo9uw-JVfoxtqpYYFUng","BVHZ6w_YgA1lt8Rnq4NSCg","tshGUZl2IlzoifJVRwchYw","m-51DLsu3JwJfBJNaEtAZg","zgFpxIm2_I86lhtHOdmjsQ","-24Yo5J2MvjL685lPpQWjw","a1nJTZd_QSdJpes7RWaP3w","Ef-ZmzDJ7J-_H-FwnP8k0A","LS_Nm9z03BK8wn3DBngMKw","HveWFVvoMU4F-O7pWgrfXg","INxvh4Rixsdfzh6PcWc_pw","WPlsWSyxpEKbe7GHnnLfdw","eElrvnBme9B9IeiQEL-jTQ","JUT0U3HTSB3kz9Wh7N0GqA","gwlsDF0rvBH-xTQZXVsAQQ","uG35h72BAMutvXAWdRpqCQ","VXu1NgFrCbXnxfeoh6_7og","LkP5uU4ncr5MgNp8ercSCA","uf1UdKswKWOqFLUvRvvbzA","mmUsLiQDb--7BBAxA6wKrA","UAlZb-ZsAOL8MvEbcSUHSQ","TUCCAPo-ZSvsruoBuI_q7Q","PWerrsk0iVcjCGsQ6Uuy6g","CgaxrZFHnfdXT8goelBTaA","NRMlDBUoGJdgoXTUllZpuA","s_Dg0gNZmh-Vc6yLQ34_lw","hQ7GCAaeLAu6LSgGGUMNvA","o2v7WaF3B9U_ri67FU83dA","Gfxb_D1k8tueAoGn4cseoA","fqz6TBmIdWR8sQOOIyzB7g","6sheMoVcv6xrs1E7-bNPZQ","NfO21X8Cx8nx3_K7f6kTDA","DGQEY6I7zNc85D51Nqp2uQ","woZhhAj9QrzMYBJ8M7uJFA","tcb5MEPMxHrMP38r1NG6yw","kj2RjYMbbsQy_TkTAIfUNw","scBeiuKfz9bwPbu4zDSkXQ","nT3tLANzGy0a7DuB_GIQjA","r_C9dbTsrHx4bJTUSmfPZw","1WpYGy2ByT25RlXMhe29XQ","voJVY9eC9MXKfk-7igUCJA","o_Ulw-xdw-skOC1Vlni1NA","RKUz3QKVucEVZOjh-m4XVA","R-zH-BH_4Az7pPtlE31Z8Q","WxogLmy3rS6qUSpAHRaEkg","BWkLftkjB-q444Vd-Cv2AA","mxgvPN_gfBM4C0jRmJAXpw","M1UrTf3PH-st3Q6u8VovTQ","xEbli9JJjCpi57YmflOlOQ","FVRAb6vqzkPfr1DyM-8kGA","9OKuyZvLn7dHEwLpLdLciQ","7M_y7-E3r8kgUrazHCmL1Q","hoNVYpCr9-AoZMmq_wG_lw","L3D5k7jR3IfxTIoaIkuAVg","hYWwocw-J4KdyGLrUlOYXA","SdJK6bOLkGL894WKy9h-Mw","M_UuEwc_HoqPhqgEzkjPrg","CH9VC7aLLsV8NFdaoU_uog","CDvhiRiczAq0M5pktyiyog","9753eOrBVUepAl3hUoHpiw","aD263WOD4RShoqgvVhcKqQ","WHYEB4CMdM_0OWz5EyvsDw","XFGqNlqKAaaNFxrpkyMN5g","eOIMO2wT_WbNqmavhnCRxw","sMxVWK285Ug081pIKB719g","Ozp9AQ9EOaw3ZQnVE6TDFA","MAatw6IQHYCqeATbHHMz1w","PI51J_fKhEfZKhi-MjWBpg","2oz4z-puG0VOeEbpts2XAA","qheBZdYr6mF5zhncFpZmgQ","FIKTMne1DsA3UsGQ1OoVwQ","fCExFIeu2BT35FSx2Yz2aA","WpuS4-OHZ62MMtEoJYm0og","LhZh4IxnJasSLVfSH-x1Hw","PUmwhbJzH8kH4tWHUJKJZw","U6R-n5zggivw6AKPzbu0sA","pSYjXb62QotWzt4RKt56pw","KBQZc5CdQaYIpgEJXM5sBQ","Exj0GsiV_QcdTsurU4PT4A","9hUpn81zGwaYo9gBZG087A","9_3lOj1Cko24yy37hDd84Q","k4qx0yGRfwjtnIYJDoiQfA","aLttBVQXDtaUzawaR0mTig","Ggx8iUdJ7lsQSqXRuclXtg","yXMfAkIbnu24eDQRY9dEnA","x5HdiDWlDYtLXTniNJx9rA","e9bVxMuG-1NIJWqT_pDEmQ","PvuiiLCaFyknQTioj1OzjA","v5XB5qsu65-GdU8GhlbEjg","tbycp0aRhRsiAVYUAVR_uQ","ObSXluQeEYiOP9l9muFlGQ","TX_xJwWd06k5Ft9l-q8ncw","AQRqMBHwZd_hDBxnTshmKA","8teQ4Zc9jpl_ffaPJUn6Ew","ULYgBCBncLoroB0MqOY2iA","8lEywHSvti2UjFP8ODbnHg","GVuU1qYR_pWFEVezVjm8hQ","XaMwHlRaUfsSjBewVAbiQw","j4BMT5Oyrt15-pwK3cRSZw","cgDZVtYICeiK5t1rkesamg","ISJ860z59OPGcuBbo-kjXg","Cn_ji9xHGa_kYee73_FqbQ","55Hphx_uynxCdtT_zyyDDw","-m3ngEB9Sl5_rdYSklbt7w","sPbKpor4w91rp5Dw2EhIbw","I2OXWsGgBpmSAgeU43nuDQ","BssQd5w-zGAyDHgzWEHJ7w","AN9y_ctlxODtNOhwk2mx-Q","ZyHgojTt55cSQHtOLSqrlg","bFZ5-XzleKKvC-asRuWIFg","Oh3wgIhvhyi0BsPeEKMpAg","lzmuDdCxM2_ERbxzZNikXg","fKCBJTa3stnLxGR0OWeGaQ","m4EDAa4BN_Hmy25_iQCovg","zVtvREV0wT-cM5Y2Qbcm8A","JOd9BEaOuPRGEc5LOFB6MQ","Jtq_pKd7GVbXvFY8YU8kmw","MZ1udjuWRMRypY1UScgNzg","ACqKE_vdpkpD16uG5LiEsQ","6xi9tBoZ6r_v41u_XFsSnA","dXQEsl64zvgDVbxU-jDNzA","kzRq4H_nSf4b3F_sdymWSw","wZMS_PogmM77_9gpUtPL7g","ZQXX2szpfyxsabExDim14g","nx8QESCsqg_wxHR77ZTFmQ","7O1_x_3IlgjpY9BkiZ16xQ","RVGxGRTnVOeCLMPT4JAYuw","KgD3iTsY7iOHrQ77uSP-Jw","HU8VxUn-hDsKBGKzie9TvQ","Lr-B-r-KF80yFy-2u336bw","c9EYHHrNlvuHgtJGbpVvIQ","-PTtMZYVawqKC6-vIds9lQ","7gNtYzygF7dB8e7k1mWdjA","8p5eUPPkGEm4b86g5n7uDw","Ak9b_afOhPFOCApDaeqlrg","v1KY9k-a8Bfxz9szI1be_Q","0_etPVpebZpYbJP2B8QUbQ","0SD7SOeeIOZzr2NkFO6KQg","RGATmGT0fGc-CKxYAI2_1w","TzoUV6DmBErQ2ICSigmHug","M0mONsg1ZJIKA30ad1qE1w","2EuPAGalYnP7eSxPgFCNDg","KImDfKRpLV1vv7in15gehg","xhhE0txKwQtRzgQVVdKkvg","cGHF_MdiYxPvrcFJSzeiGg","UW9L6MIaSEzTQp6_WYFeDg","76vIFZcC7owykCBjMfGVXg","L_VtS7bG90Eml8DcqyBICA","i_DR3vdE73nVm2GlMbGpGA","Ov2nQOBdmRMJsQVYXJAJZQ","QqIDHcG_1MHfKKbt5zlQHA","nQAM59y5RCiqerT3thcr6g","fEhDyM1UWzzplDr6azyVvA","XwGMIpTo98AEd2vh88kxvg","Dqb34bnL4dzwZvySx--qqQ","5OllWsrKJsYo3XQK6siRKA","gzE5dfmxNYj5y0fIJBVblQ","C__1BHWTGBNA5s2ZPH289g","3mNz5nQFTIBQm0oU5mBR0w","8HLZTMjLK4ILflTuqQR96g","LbeHQ0frxP6sJew2fKZ8fw","-NbeVN5tnwdyYAvdNkKMjw","UvYOj_ISNZ_5QaX0NIIecQ","_F428gAdyz-jZbq-egclIg","NX1t5NRud1Yap5weWRlQuA","dELj_kRE0g0rMHQe04eExA","k-6M_-MM-fmzHwihJ1Gtyw","-xDW3gYiYaoeVASXywTPgw","wd3xoNaDLib8dhQ7BxUl6g","rGyxhmfO0lvOHswUndr0xQ","864nL0po2ldN8TPgbSiwOQ","HRNysSGlkeq-Fjud0k0Y4Q","_UrgR8x-enYzt-XgnjJ3wQ","RD-f1At-TwojTfXFuyN5ag","KPV9GoVb6iN9ZcWBppFDig","5JHfi_9U4l4fWc7-6OQzgA","to5QXyxyI84QCR9JJMXrSw","pb-Fw9SjbDULRRO9LOP8gg","HW06Q4D-TQ4KpFn-VTpo-Q","qtOCfMTrozmUSHWIcohc6Q","PQvYSF0JEK1bKnVkUk6ZxA","CazMh1-W0D4_stJ4kL_u8A","3LC2sKfvz_nWuJquUDsNnw","I_OsOPyJl-gKvidnhE1znA","qKrh9siGoVxKMX5QMEdXog","WdoQnM-S8W3-IsU7a6CDDg","Q58Dk9jLWLCr2m6Ip08T0w","qp-z1copnYQq7NPubYlNLw","7IP8KOkPNncenRib2QVsLA","hCzMNVI91XwodmhwaXQccA","1RRaKXM5WefQfmUwTccBfg","UGHhqtP6d1DG9KHJDOx72g","fculb8vYYR-85rYS-d10Xg","3nDUQBjKyVor5wV0reJChg","g42wi9bOD_WAZsro7VW6rA","vVYXQ3Eb5pJ7MM-g2Fbw8g","a1cF0D4wG4h9QF37OEBdSw","quDu_Z0-i9TCYvdHRnULEw","FpB44ccQnPntnZQmWTTKDA","llsbSKHnzAUPByQwzOybIA","cHpXABKFJ9oWZwE4IK-Z8Q","zIPDNcRNS6AjyO7NQ6yEig","hgGFrVLFaovOfhUzmSqVzA","cGNNrG2fXcT1BT8c4CIbuQ","cuibvcjSjFjdx-fBF19H1w","oDftpTXngPupJl4HuVX29g","aO8eJNNWOwDhV9Nw0dPBXw","UVxY0iyPaqY7s4BSFtt-xA","QeZ6aucM_RIbt7j0REnixA","mEmqE0UVXrl8dgCl1Pb3jg","G_bJdUPCnL1x6dvRhyHNyw","F_5_UNX-wrAFCXuAkBZRDw","mkE46rNAMteqMIF-CEDP4A","tQkPxpGJBfGW8qU4mpnSWw","mhrMIkK4Ag8RaNiqHf0mFQ","S15xlPJpL057M1pSa6lwrw","GmYe7X1js7ArVjFWP6-sQA","RPz2UfXMJxRHZNH9sPV_fQ","S5Eld1fZx6D8d9i5YbFOaA","P6OBUNnwvMqRr3dFwjDHTQ","WBuSjBM_nNePS8radyofoA","V0Iwp3upcEzqOuD9aawh4A","dplh43OlE_Rime4bFXLT6A","kIFja02Dxs7KdUHj_rY0nQ","Nwb9CPnmRJFBzQsXkCq7-w","Ma_gwnVShENgTuhHNpAvyQ","kTbg9kOkO0-C1H1TD--CgQ","LFiLbQ6rNNjHS3mWwDmKEA","FkOmPLXOIhb6994LD389Rw","UkghkbS2BxYge7haDMf7Lg","KieBdz-8GwVymKyvTb1j_w","ZOMvkRB1DZriaJW6OHBztg","h2hN3_GXP5Gv83Ii_3xaew","oMNJOR5OB2AjgZikfb1Amw","FKclATu5-fmK6lsAUuHp7w","l0jejmRcICSPYudZ8wEYmQ","UE8n2Lo-_ePnD2LfQ-uyiw","_OXIvAByHnnc9_T9_1u7iQ","chG58EhXagCSvub2-a73RA","fJ_qSZH_akvWzHUPMqab1g","VZpzm3HG_YXPHvY97m05qg","mkY1J2MQ3ZDR5QLgxPvvtA","F28n26ynklEioZDInyK__A","NwXV_WofVAmhZjfQvu6y0w","LENDZzM6fVUZuXUdR6j6ww","XIREd1dRK3RPht9JR4oH3g","4q02ALXu_6i7-GWZAW9ctQ","tOMfTEKuz21M9bNPJMH9JQ","5Th9zs60z2V8eZFnk3lF3A","M-5YzsN4jTqCW7kxN2z6DA","RL2fV7JSCkRJyFUUz1qqsw","EXKDLuYoZUKUNNNYA7TlGQ","kd-t09g47HTd3fQtceZvfg","_Y6ZaPznERiM1YMiYik0Gw","BjlsPdxSpEXLKdj5vU_Thg","vk1qxhb7biknD1G_9B5t7w","Ce6yeOwV6mAcoToEVjrKcg","wxuVZTfo1pThbqfzz97uLg","vdiCh44bufPzAIHE8xdYkQ","NLyNvJ9LGG0DFAvUph97wQ","yXbttyvQOsYA7Yje19GK4Q","nODk_1cOo7Y6ceMyPN1iZw","GjWA_G4gW1qz2c6zji_iAg","wAlAveVkfM3dxsHRdjqzxg","rl64kysIAlSg7zwCvGzjzw","RAho-DtvY-mqWFJyFpS__A","KK2Dj6jW81MINyT7WUuHuw","V7Q6GjezXk1GanE__2DeSg","Rvedsi64_OHZpvLCyFy45g","1dQiuUvvK8427TBmqj_4Vg","FUWSTZPujy_Ra8VNapjJyQ","ADJuhbDAaGSYf_julEwCuw","sLIn9oBM0aw9q2R9G1oCew"],"useful":1715,"funny":78,"cool":787,"fans":44,"elite":["2017","2016","2015"],"average_stars":3.72,"compliment_hot":48,"compliment_more":2,"compliment_profile":0,"compliment_cute":0,"compliment_list":0,"compliment_note":36,"compliment_plain":65,"compliment_cool":101,"compliment_funny":101,"compliment_writer":62,"compliment_photos":25,"type":"user"}}
