{"review_id":"LFwx7cI5D_LA4FwrbYRAqw","user_id":"GrQzEG9PlNx9DkgBvgWfaw","business_id":"JEoi9ITPZM58EnZBAubijA","stars":5,"date":"2013-01-22","text":"This is probably a sacrilege but I'm not a huge fan of <beer>. That being said, their <scotch ale> was really good. It was oddly light and had notes of caramel with a clean finish. Their <stout> was waaay bitter and devoid of the coffee notes you'd normally expect from a <stout>, but would pair well with a dessert, I think. \n\nAnyway, as far as the food goes, I was floored. They have this menu item called <Irish Nachos>. It's thick, crispy potato slices with bacon, ranch, and herbs on top (and probably other stuff but I'm drawing a blank). Srsly, it's phenomenal. I also had their <\"locavore\" burger> option, the <Home Grown Burger>. Local, grass-fed beef with white cheddar, apple slices, arugula, and an apple cider reduction sauce with a side of black pepper aoli. Oh yeah--I asked for it done medium, and it was cooked perfectly. I'm pretty sure the clouds parted and I heard singing when I took my first bite. Then I ate until I wanted to die...and I would have died happy.\n\nAlso, I had this near-cathartic food experience while warming up by their fireplace and watching some bizarre, dated, bawdy Britcom/musical on the television. All in all, an excellent experience.","useful":3,"funny":3,"cool":2,"type":"review","restaurant":{"name":"Vintage Brewing Co.","neighborhood":"","address":"674 S Whitney Way","city":"Madison","state":"WI","postal_code":"53719","latitude":43.0509492,"longitude":-89.4739301,"stars":3.5,"review_count":232,"is_open":1,"attributes":["Alcohol: full_bar","Ambience: {'romantic': False, 'intimate': False, 'classy': False, 'hipster': False, 'divey': False, 'touristy': False, 'trendy': False, 'upscale': False, 'casual': True}","BestNights: {'monday': False, 'tuesday': False, 'friday': True, 'wednesday': False, 'thursday': True, 'sunday': False, 'saturday': True}","BikeParking: True","BusinessAcceptsCreditCards: True","BusinessParking: {'garage': False, 'street': False, 'validated': False, 'lot': True, 'valet': False}","ByAppointmentOnly: False","Caters: True","CoatCheck: False","GoodForDancing: False","GoodForKids: True","GoodForMeal: {'dessert': False, 'latenight': True, 'lunch': True, 'dinner': True, 'breakfast': False, 'brunch': False}","HappyHour: True","HasTV: True","Music: {'dj': False, 'background_music': False, 'no_music': False, 'karaoke': False, 'live': False, 'video': False, 'jukebox': False}","NoiseLevel: average","OutdoorSeating: True","RestaurantsAttire: casual","RestaurantsDelivery: False","RestaurantsGoodForGroups: True","RestaurantsPriceRange2: 2","RestaurantsReservations: True","RestaurantsTableService: True","RestaurantsTakeOut: True","Smoking: no","WheelchairAccessible: True","WiFi: free"],"categories":["American (Traditional)","Bars","Nightlife","Food","Breweries","Restaurants"],"hours":["Monday 11:0-2:0","Tuesday 11:0-2:0","Wednesday 11:0-2:0","Thursday 11:0-2:0","Friday 11:0-2:0","Saturday 11:0-2:0","Sunday 11:0-2:0"],"type":"business"},"user":{"name":"Samantha","review_count":67,"yelping_since":"2012-09-19","friends":["P2YCALYhCRPGutuzQvYJeg","fJ_qSZH_akvWzHUPMqab1g","wd3xoNaDLib8dhQ7BxUl6g","MQYPAF9QCBHVbZnp2Yc-wA","ISJ860z59OPGcuBbo-kjXg","wDpz4nmwywnBz3OQq59-xQ","LRzgwZiWyFhT4NMDDZ2lhQ","jvFYKmBB80FDql8euBtl4A","5BJZI4x50ni34pbHrPOlDA","BS3qOK1iRLcWtoV9KnwyXg","RTWsMisf73pGnbagf1vmvg","pSYjXb62QotWzt4RKt56pw","cDhs0eRMGtVVXzr5eiGiIQ","iD7HFt90AyDEAIBVPg93og","-FTUBSOFcZuSWIlel8JhAw","JUT0U3HTSB3kz9Wh7N0GqA","HM2OSV5x8n6xD-ZUWNoh3g"],"useful":20,"funny":4,"cool":9,"fans":2,"elite":["2013"],"average_stars":4.39,"compliment_hot":8,"compliment_more":3,"compliment_profile":1,"compliment_cute":0,"compliment_list":0,"compliment_note":7,"compliment_plain":3,"compliment_cool":3,"compliment_funny":3,"compliment_writer":5,"compliment_photos":1,"type":"user"}}
