{"review_id":"lN7amnm5OnvL6Nr-mcaVPg","user_id":"Jc2z7iFZlsGD1XtjoW64lg","business_id":"DQMaUSbKsRtB5lJD3egqxQ","stars":4,"date":"2007-10-14","text":"Wah Kee rises above your standard Chinese restaurant with outstanding <noodles> and <soups>.  According to the menu, the restaurant makes its own <noodles> and the quality is apparent when you take a first bite.  I usually come here for the <soups>, which are very filling and top off at about $8 or so.  You can choose from a variety of noodles, meats, and dumplings.  People who appreciate heaping portions of <soup> and anyone who enjoys <Japanese-style ramen> will find Wah Kee to fit the bill.","useful":0,"funny":0,"cool":0,"type":"review","restaurant":{"name":"Wah Kee Wonton Noodle","neighborhood":"Williamson - Marquette","address":"600 Williamson St, Ste E","city":"Madison","state":"WI","postal_code":"53703","latitude":43.0769499,"longitude":-89.3745611,"stars":3.5,"review_count":123,"is_open":1,"attributes":["Alcohol: beer_and_wine","Ambience: {'romantic': False, 'intimate': False, 'classy': False, 'hipster': False, 'divey': False, 'touristy': False, 'trendy': False, 'upscale': False, 'casual': True}","BikeParking: True","BusinessAcceptsCreditCards: True","BusinessParking: {'garage': False, 'street': False, 'validated': False, 'lot': True, 'valet': False}","Caters: False","GoodForKids: True","GoodForMeal: {'dessert': False, 'latenight': False, 'lunch': True, 'dinner': True, 'breakfast': False, 'brunch': False}","HasTV: True","NoiseLevel: average","OutdoorSeating: False","RestaurantsAttire: casual","RestaurantsDelivery: True","RestaurantsGoodForGroups: True","RestaurantsPriceRange2: 1","RestaurantsReservations: False","RestaurantsTableService: True","RestaurantsTakeOut: True","WheelchairAccessible: True","WiFi: no"],"categories":["Chinese","Noodles","Restaurants","Cantonese"],"hours":["Monday 11:0-14:30","Monday 16:30-21:30","Tuesday 11:0-14:30","Tuesday 16:30-21:30","Wednesday 11:0-14:30","Wednesday 16:30-21:30","Thursday 11:0-14:30","Thursday 16:30-21:30","Friday 11:0-14:30","Friday 16:30-22:0","Saturday 11:0-22:0","Sunday 12:0-21:0"],"type":"business"},"user":{"name":"Oski","review_count":40,"yelping_since":"2007-04-07","friends":["fuoYjsuU7qy1RlCMEZ0xfA","UVxY0iyPaqY7s4BSFtt-xA"],"useful":5,"funny":1,"cool":0,"fans":2,"elite":["None"],"average_stars":3.43,"compliment_hot":0,"compliment_more":0,"compliment_profile":1,"compliment_cute":0,"compliment_list":0,"compliment_note":0,"compliment_plain":1,"compliment_cool":1,"compliment_funny":1,"compliment_writer":0,"compliment_photos":0,"type":"user"}}
