{"review_id":"qDCrVFxGKGB7DXiYdvgj-A","user_id":"4Pul16GLEZbPsLcOTrUSmQ","business_id":"uMZxxZrbM441LnnfqR1WOQ","stars":5,"date":"2015-05-05","text":"The Big Daddy Burger is simply the best <burger> around. Period. Very laid back, casual place. With other places competing with each other who is \"cooler\"...Village Green just is without trying. An American and Wisconsin classic. Hope this place sticks around forever.","useful":0,"funny":0,"cool":0,"type":"review","restaurant":{"name":"The Village Green","neighborhood":"","address":"7508 Hubbard Ave","city":"Middleton","state":"WI","postal_code":"53562","latitude":43.095724,"longitude":-89.5120419,"stars":4.0,"review_count":62,"is_open":1,"attributes":["Alcohol: full_bar","Ambience: {'romantic': False, 'intimate': False, 'classy': False, 'hipster': False, 'divey': False, 'touristy': False, 'trendy': False, 'upscale': False, 'casual': True}","BestNights: {'monday': False, 'tuesday': False, 'friday': True, 'wednesday': False, 'thursday': True, 'sunday': False, 'saturday': True}","BikeParking: True","BusinessAcceptsCreditCards: True","BusinessParking: {'garage': False, 'street': True, 'validated': False, 'lot': False, 'valet': False}","Caters: False","CoatCheck: False","DogsAllowed: True","GoodForDancing: False","GoodForKids: True","HappyHour: True","HasTV: True","Music: {'dj': False, 'background_music': False, 'no_music': False, 'karaoke': False, 'live': False, 'video': False, 'jukebox': False}","NoiseLevel: average","OutdoorSeating: True","RestaurantsAttire: casual","RestaurantsDelivery: False","RestaurantsGoodForGroups: True","RestaurantsPriceRange2: 1","RestaurantsReservations: False","RestaurantsTableService: True","RestaurantsTakeOut: True","Smoking: outdoor","WheelchairAccessible: True","WiFi: free","GoodForMeal: {'dessert': False, 'latenight': False, 'lunch': True, 'dinner': True, 'breakfast': False, 'brunch': False}","DriveThru: False"],"categories":["American (Traditional)","Nightlife","Restaurants","Burgers","Pubs","Bars"],"hours":["Monday 10:30-0:0","Tuesday 10:30-0:0","Wednesday 10:30-0:0","Thursday 10:30-0:0","Friday 10:30-0:0","Saturday 10:30-0:0","Sunday 0:0-0:0"],"type":"business"},"user":{"name":"Dimitri","review_count":14,"yelping_since":"2015-04-09","friends":["d_7n8I0_NHerxrLB6wtjgQ"],"useful":7,"funny":1,"cool":0,"fans":0,"elite":["None"],"average_stars":4.6,"compliment_hot":0,"compliment_more":0,"compliment_profile":0,"compliment_cute":0,"compliment_list":0,"compliment_note":0,"compliment_plain":0,"compliment_cool":0,"compliment_funny":0,"compliment_writer":0,"compliment_photos":0,"type":"user"}}
