{"review_id":"_TBW_x93BCabiZFd9gTZ4w","user_id":"AqhyIfnvJhXEkR4jIC8cHw","business_id":"wvCU61bSTtO8Cj7dhyrfMw","stars":1,"date":"2015-05-15","text":"I like the mission statement as stated on there website.  I believe and follow similar practices.  For a business that strives for healthy food, consider taking iceberg lettuce off your over all <salads> and sodas as a beverage option.  Observed service style of Starbucks, rushing people to hurry up and order.  Observed managers people skills.  Was not positive, especially with employees.  Manager lacked the skill to have positive attitude.  I'm aware it's still a new business here in Madison WI.    For this reason I gave it one star.  Will not be coming back and recommend others to stay away.","useful":0,"funny":0,"cool":0,"type":"review","restaurant":{"name":"Freshii","neighborhood":"","address":"422 Gammon Pl","city":"Madison","state":"WI","postal_code":"53719","latitude":43.0594023,"longitude":-89.5013001,"stars":3.5,"review_count":78,"is_open":1,"attributes":["Alcohol: none","Ambience: {'romantic': False, 'intimate': False, 'classy': False, 'hipster': False, 'divey': False, 'touristy': False, 'trendy': False, 'upscale': False, 'casual': True}","BikeParking: True","BusinessAcceptsCreditCards: True","BusinessParking: {'garage': False, 'street': False, 'validated': False, 'lot': True, 'valet': False}","Caters: True","GoodForKids: True","GoodForMeal: {'dessert': False, 'latenight': False, 'lunch': True, 'dinner': False, 'breakfast': True, 'brunch': False}","HasTV: False","NoiseLevel: average","OutdoorSeating: False","RestaurantsAttire: casual","RestaurantsDelivery: True","RestaurantsGoodForGroups: True","RestaurantsPriceRange2: 1","RestaurantsReservations: False","RestaurantsTableService: False","RestaurantsTakeOut: True","WiFi: no"],"categories":["Restaurants","Vegetarian","Salad","Food","Juice Bars & Smoothies"],"hours":["Monday 7:0-20:0","Tuesday 7:0-20:0","Wednesday 7:0-20:0","Thursday 7:0-20:0","Friday 7:0-20:0","Saturday 7:0-20:0"],"type":"business"},"user":{"name":"Franci","review_count":6,"yelping_since":"2011-12-12","friends":["None"],"useful":4,"funny":0,"cool":0,"fans":0,"elite":["None"],"average_stars":2.14,"compliment_hot":0,"compliment_more":0,"compliment_profile":0,"compliment_cute":0,"compliment_list":0,"compliment_note":1,"compliment_plain":0,"compliment_cool":0,"compliment_funny":0,"compliment_writer":0,"compliment_photos":0,"type":"user"}}
