{"review_id":"eS5Y0k76zaEi0FxwuU1bdw","user_id":"JSBJe5tBAjUji3SDDT7lDw","business_id":"YLwXQbMN-4NvUs_U8brP-w","stars":2,"date":"2012-01-31","text":"Positive:  The food was prepared quickly.  We ordered the food over the phone and it was ready in 15 minutes.\n\nNegatives:  It is not cheap.  I like a bit more wasabi and ginger and it was all an extra charge.  There was not very much included with our dinner.  \n\nOrdered <Miso soup> and it was in a large container, but was shocked to see that it was a quarter full.  I was really disappointed and felt a little cheated.","useful":0,"funny":0,"cool":0,"type":"review","restaurant":{"name":"Sushi Box","neighborhood":"Regent","address":"2433 University Ave","city":"Madison","state":"WI","postal_code":"53726","latitude":43.071852,"longitude":-89.42842,"stars":4.0,"review_count":57,"is_open":1,"attributes":["Alcohol: beer_and_wine","Ambience: {'romantic': False, 'intimate': False, 'classy': False, 'hipster': False, 'divey': False, 'touristy': False, 'trendy': False, 'upscale': False, 'casual': True}","BikeParking: True","BusinessAcceptsCreditCards: True","BusinessParking: {'garage': False, 'street': True, 'validated': False, 'lot': True, 'valet': False}","GoodForKids: True","GoodForMeal: {'dessert': False, 'latenight': False, 'lunch': True, 'dinner': True, 'breakfast': False, 'brunch': False}","HasTV: True","NoiseLevel: quiet","OutdoorSeating: False","RestaurantsAttire: casual","RestaurantsDelivery: False","RestaurantsGoodForGroups: False","RestaurantsPriceRange2: 2","RestaurantsReservations: False","RestaurantsTableService: False","RestaurantsTakeOut: True","WiFi: no"],"categories":["Restaurants","Sushi Bars","Asian Fusion","Japanese"],"hours":["Monday 11:0-20:30","Tuesday 11:0-20:30","Wednesday 11:0-20:30","Thursday 11:0-20:30","Friday 11:0-20:30","Saturday 11:0-20:30"],"type":"business"},"user":{"name":"Barb","review_count":7,"yelping_since":"2012-01-31","friends":["None"],"useful":8,"funny":0,"cool":0,"fans":0,"elite":["None"],"average_stars":3.86,"compliment_hot":0,"compliment_more":0,"compliment_profile":0,"compliment_cute":0,"compliment_list":0,"compliment_note":0,"compliment_plain":0,"compliment_cool":0,"compliment_funny":0,"compliment_writer":0,"compliment_photos":0,"type":"user"}}
