{"review_id":"6RJXbESjtatJnMCQhCytGA","user_id":"L88XyWqpOk9itPeCj8jVjg","business_id":"npqc1DO90A5TzavGmYyGhA","stars":4,"date":"2015-01-29","text":"food is very good.  <hot dogs> have crunch, delicious toppings.  place is really only for those who live close.  no parking, long walk.","useful":0,"funny":0,"cool":0,"type":"review","restaurant":{"name":"OSS","neighborhood":"South Campus","address":"910 Regent St","city":"Madison","state":"WI","postal_code":"53715","latitude":43.0676801,"longitude":-89.4015806,"stars":4.5,"review_count":134,"is_open":1,"attributes":["Alcohol: full_bar","Ambience: {'romantic': False, 'intimate': False, 'classy': False, 'hipster': True, 'divey': False, 'touristy': False, 'trendy': False, 'upscale': False, 'casual': True}","BestNights: {'monday': False, 'tuesday': False, 'friday': True, 'wednesday': False, 'thursday': False, 'sunday': True, 'saturday': True}","BikeParking: True","BusinessAcceptsBitcoin: False","BusinessAcceptsCreditCards: True","BusinessParking: {'garage': False, 'street': True, 'validated': False, 'lot': False, 'valet': False}","Caters: True","CoatCheck: False","DogsAllowed: False","GoodForDancing: False","GoodForKids: True","GoodForMeal: {'dessert': False, 'latenight': False, 'lunch': True, 'dinner': True, 'breakfast': False, 'brunch': False}","HappyHour: False","HasTV: True","Music: {'dj': False, 'background_music': False, 'no_music': False, 'karaoke': False, 'live': False, 'video': False, 'jukebox': False}","NoiseLevel: average","OutdoorSeating: True","RestaurantsAttire: casual","RestaurantsDelivery: True","RestaurantsGoodForGroups: True","RestaurantsPriceRange2: 1","RestaurantsReservations: False","RestaurantsTableService: False","RestaurantsTakeOut: True","Smoking: outdoor","WheelchairAccessible: True","WiFi: no"],"categories":["Restaurants","Hot Dogs","Comfort Food","American (New)","Beer Gardens","Nightlife","Bars","Beer Bar"],"hours":["Tuesday 11:0-21:0","Wednesday 11:0-21:0","Thursday 11:0-21:0","Friday 11:0-23:0","Saturday 11:0-23:0","Sunday 11:0-21:0"],"type":"business"},"user":{"name":"G","review_count":6,"yelping_since":"2015-01-25","friends":["None"],"useful":1,"funny":0,"cool":0,"fans":0,"elite":["None"],"average_stars":3.33,"compliment_hot":0,"compliment_more":0,"compliment_profile":0,"compliment_cute":0,"compliment_list":0,"compliment_note":1,"compliment_plain":0,"compliment_cool":0,"compliment_funny":0,"compliment_writer":0,"compliment_photos":0,"type":"user"}}
