{"review_id":"FeDvseA4zoUgXMaqWFMnPQ","user_id":"Ks0ud0xocKxl0_wRi6YwTA","business_id":"i60v66vwf1A13YqcIqGD_A","stars":5,"date":"2013-04-03","text":"Visited with my family for first time. I have vegan diet and they don't, but we ALL enjoyed our meals. Will be back!","useful":0,"funny":0,"cool":0,"type":"review","restaurant":{"name":"Monty's Blue Plate Diner","neighborhood":"Williamson - Marquette","address":"2089 Atwood Ave","city":"Madison","state":"WI","postal_code":"53704","latitude":43.09242,"longitude":-89.3518969,"stars":4.0,"review_count":401,"is_open":1,"attributes":["Alcohol: full_bar","Ambience: {'romantic': False, 'intimate': False, 'classy': False, 'hipster': False, 'divey': False, 'touristy': False, 'trendy': False, 'upscale': False, 'casual': True}","BYOBCorkage: yes_corkage","BikeParking: True","BusinessAcceptsCreditCards: True","BusinessParking: {'garage': False, 'street': True, 'validated': False, 'lot': True, 'valet': False}","Caters: True","Corkage: True","DogsAllowed: True","GoodForKids: True","GoodForMeal: {'dessert': False, 'latenight': False, 'lunch': True, 'dinner': False, 'breakfast': True, 'brunch': False}","HasTV: False","NoiseLevel: average","OutdoorSeating: True","RestaurantsAttire: casual","RestaurantsDelivery: False","RestaurantsGoodForGroups: True","RestaurantsPriceRange2: 1","RestaurantsReservations: False","RestaurantsTableService: True","RestaurantsTakeOut: True","WheelchairAccessible: True","WiFi: no"],"categories":["Diners","Restaurants","American (Traditional)"],"hours":["Monday 7:0-21:0","Tuesday 7:0-21:0","Wednesday 7:0-21:0","Thursday 7:0-21:0","Friday 7:0-22:0","Saturday 7:30-22:0","Sunday 7:30-21:0"],"type":"business"},"user":{"name":"denise","review_count":22,"yelping_since":"2010-12-15","friends":["None"],"useful":1,"funny":0,"cool":0,"fans":0,"elite":["None"],"average_stars":4.32,"compliment_hot":0,"compliment_more":0,"compliment_profile":0,"compliment_cute":0,"compliment_list":0,"compliment_note":0,"compliment_plain":0,"compliment_cool":0,"compliment_funny":0,"compliment_writer":0,"compliment_photos":0,"type":"user"}}
