{"review_id":"SC1mdJ4YUkeIv2P2dS-evg","user_id":"Jtq_pKd7GVbXvFY8YU8kmw","business_id":"eJYvivWUp4Hdc9Tc8SaZPA","stars":4,"date":"2010-01-28","text":"No menu is posted outside (wish there was), but we took the plunge and headed downstairs to check it out.  The menu was fun to peruse, and I was pleased because there were several vegetarian options to choose from.  Entrees were served on either <rice> or <ethiopian bread> and were moderately sized and served with a <side salad>.  Several <African beers> were offered, which were fun to try.  Our waitress was not overly friendly, but attentive enough to be fine with me.  The main room seems to offer a bit more ambiance than the back room, which felt a little lacking in that department.  I'm not sure if it was the overhead lighting or the chairs, which felt a little rec room-like.  \n\nBOTTOM LINE:  Fair prices and several veg-friendly options.  I was glad we tried it and it was enjoyable enough for me to recommend.","useful":1,"funny":0,"cool":0,"type":"review","restaurant":{"name":"Buraka Restaurant","neighborhood":"Capitol","address":"543 State St","city":"Madison","state":"WI","postal_code":"53703","latitude":43.0748002,"longitude":-89.3952993,"stars":3.5,"review_count":79,"is_open":0,"attributes":["Alcohol: full_bar","Ambience: {'romantic': False, 'intimate': False, 'classy': False, 'hipster': False, 'divey': False, 'touristy': False, 'trendy': False, 'upscale': False, 'casual': True}","BusinessAcceptsCreditCards: True","BusinessParking: {'garage': True, 'street': False, 'validated': False, 'lot': False, 'valet': False}","DogsAllowed: False","GoodForKids: True","GoodForMeal: {'dessert': False, 'latenight': False, 'lunch': False, 'dinner': True, 'breakfast': False, 'brunch': False}","NoiseLevel: quiet","OutdoorSeating: True","RestaurantsAttire: casual","RestaurantsDelivery: False","RestaurantsGoodForGroups: True","RestaurantsPriceRange2: 2","RestaurantsReservations: True","RestaurantsTableService: True","RestaurantsTakeOut: True","WheelchairAccessible: False","WiFi: free","HasTV: True"],"categories":["Restaurants","Vegan","Ethiopian","African"],"hours":["Monday 11:0-22:0","Tuesday 11:0-22:0","Wednesday 11:0-22:0","Thursday 11:0-22:0","Friday 11:0-23:0","Saturday 11:0-23:0","Sunday 11:0-21:0"],"type":"business"},"user":{"name":"Marissa","review_count":357,"yelping_since":"2007-07-25","friends":["ZzC6NozMvG-LYQ7aYCvDFg","W-OZPeKh4R0GlywUsl09PA","NtiYjQvbwiSRYSWUrmneFg","NvVfF0fkCbDbuBJa6_9Xpg","OzdqM7BbvL27AnrTZ27g-w","-Sj6-WOLqOge7jjOoMmboQ","uvRVutQ_Gu-OivL6ox0ouQ","gOBemMfKRfpvJkz9OIw6aw","A-vOjTPWJK_J080b6ruJcw","-m_M9ALcsqQfhL_G3QE8IQ","CKgsvMxnFVoph6IluQevWg","YAa17nSISrMFYPQv6QUFww","t4gS5xEtSswHXJcogB-vgA","mNm0IK3tyvbn6PxI4UX3zQ","yFSQY8qmWnNhktrEp6mBdg","jL1TI1E0Yc0y-yQKCh307A","cFhrT_zH8Wr875ivgjphmQ","yIj3DxyTtNr9gV-g--9oqw","QEkgYrrUEPJJbiUCLqf0fg","vHq9mUTIMvONnkyaL9F4tA","TvGYywkW3Nbr1hDBZGy-5Q","IYWl48Nr0mX6qCAMSAABxw","ZS_SiPpiLocKfYNjRZTeww","_FVcO-MzwH2gztfnM2RG7Q","OMzQAdzm9cJusfLvJi-htg","8ifOe57JHVEIzmTRt-0VuQ","e9bVxMuG-1NIJWqT_pDEmQ","a62H_CpY8L821JdNlIBpMQ","VvH4c4BbGVFiBGsez-5MZQ","3Yw2Y0ZbUvfjsrivTx_ovg","zlXlvI_IKONWpzOXugfwbA","vn7eoL9jEF9kCu2eUdMWfQ","UcrIoZ71lwg0dsu-FHAHVw","kQgWZ2Zd115tVzWze3qlxg","uf1UdKswKWOqFLUvRvvbzA","94V9crp2DKB1auu8M9whBQ","YkOiLuObaZG8OD99f4hmbA","Um0oYx118CWVLSgISYaR5g","i5o9heILJtx3Yrwm-BdviQ","izXT4DpJ4-6xd23R3KSDzQ","0SD7SOeeIOZzr2NkFO6KQg","7-0NeZduznxpevUvLhm7PQ","BXuxdO-lBL4tdg1-AthsaQ","OPXYczOJBIN3K4WNBpBQGw","FNi8aCDgjO8BF-nIU8ab8Q","wd3xoNaDLib8dhQ7BxUl6g","1BtdXzG0VMfcgCZ1wnaWNA","AzqvL77NPDbu1CPe1AKwDw","_UrgR8x-enYzt-XgnjJ3wQ","SOL4bqWn1ZK9aaaP3FFYJw","I2OXWsGgBpmSAgeU43nuDQ","n1dc_5VQwPf-OBy19DIIuA","4q02ALXu_6i7-GWZAW9ctQ","bWvWVWDh59_CouuBuhtZ1g","cl_A6z5H8QgIVhYkatVAtw","tOMfTEKuz21M9bNPJMH9JQ","aHiLmgQMMwZR0B49t8ek0w","JUT0U3HTSB3kz9Wh7N0GqA","W0uBNn91xWRIge_gJDM8hg","f7Emr9Q4H5r_jO_DW3QuIQ","d5WLqmTMvmL7-RmUDVKqqQ","jUPDBfJICDJBl4i7JOhgJQ","kW2dk1CWihmh3g7k9N2G8A","lGj7s42BJx_Xg7ZgaO_dmA","Xhoi6p1NO7ywJZK4UvAtsA","L04VqVNLyv75rgxLD96IYQ","mcEz2vB4InVN_fkSUEUQIw","yby_UCRLPqCocyQLqc7jag","adtOywpRnG5-4mjQMQE1FA","lA-xURY_RxhBEJj18nja8Q","5MCBLBxr10NLUKZ4AboAMg","HdlwaDK_i2VSki8UnDARbg","Sndz5pnHkoCRsxS7vRkMNw","Nwb9CPnmRJFBzQsXkCq7-w","VfOfCCKCci9xlLpItuNnhg","Ich3hTAdQktJ4B41eHvCzA","3Gyy-Qtw6VsmDozjmu3IFA","XQsOfX0Xwk6C7aolDS7-Ww","7JpPvfDAE_14vA1xgFOFjw","pXpyu8n_dqFVqH6oj1cA7A","JQhOnIgDALdsXQkUwk7Z0A","CY9iLsE2z_yLhLqJdD1WGw","GDFKi7MKJS75W04Hj7GV8Q","3S7cA5U-pGl1mC_9J0nTcw","nFR19N3mU4gNFjaz4AVR8g","qVc8ODYU5SZjKXVBgXdI7w","6CUlHRXWx7Gnq0LFLS8p4A","JsxNx9wYljhwfLcycPqjWQ","s-TufArQMQOPaKu7uGvtyg","ZR5MAhroQhTIIS8nAm5tJw","rMliZWNst2aRUvzuIdUnyw","fCY0_HFB5QjEP4HHSRPAjQ","CH9VC7aLLsV8NFdaoU_uog","KtoDNNgtr37k2mWIpU8R4g","FKclATu5-fmK6lsAUuHp7w","dYEHTYJeDJ4v8AUiExaVsw","B02L7SmQLeGGWR6DJo7I_w","fJ_qSZH_akvWzHUPMqab1g","vjnVPGmsYTKTTVdkYXO3cQ","-ed9XBlSgLbm_Ps4r7Jxqg","l3wUyNp03dbf-xD8XmQUBA","UyjOsdvAPTqwUvy581k8Tw","pgqoh3R5RqP18Er-Ieo17g","enTwU3ATaMsDF_EfSWOe9Q","EXKDLuYoZUKUNNNYA7TlGQ","nODk_1cOo7Y6ceMyPN1iZw","DguaDYs1oQ9RQjqbJDhVDQ","HWjwfxhEzrYQ6qA0uN4d7A","Mdkuwout__U_XQFuh30fuw","EfeACojcnqOEPne51xfNSw","yYBTAecMSd6vyr6F8EpiOQ","55MKoGW2UKpgBmq6w5DFXQ","HNycc5PctOiR2PXb-TFCIQ","UsXqCXRZwSCSw0AT7y1uBg","GPKYStqHcKtNYVLy2PvgoQ","yLfIkQRSWLfIAVwsBOVTxA","NDfcFPPzHqvnCu9rEg2GfA"],"useful":429,"funny":174,"cool":380,"fans":25,"elite":["2011","2013","2016","2017","2014","2009","2015","2007","2008","2010"],"average_stars":3.89,"compliment_hot":44,"compliment_more":9,"compliment_profile":1,"compliment_cute":4,"compliment_list":8,"compliment_note":33,"compliment_plain":55,"compliment_cool":51,"compliment_funny":51,"compliment_writer":29,"compliment_photos":3,"type":"user"}}
