{"review_id":"dGhrn-ZgfkaVge3f6seiLw","user_id":"JrDGI2QljFvWqO-Sl6J62A","business_id":"uivpqxLmLXhuargU1f6uGQ","stars":5,"date":"2016-05-10","text":"Fast comfort food. I did not know that there are so many ways to make <macaroni and cheese> but this place has a delightful menu of palate pleasing variations. Service is always friendly and quick.","useful":0,"funny":0,"cool":1,"type":"review","restaurant":{"name":"MACS","neighborhood":"","address":"2804 Prairie Lakes Dr, Ste 106","city":"Sun Prairie","state":"WI","postal_code":"53590","latitude":43.1665880375,"longitude":-89.2706137266,"stars":4.0,"review_count":94,"is_open":1,"attributes":["Alcohol: none","Ambience: {'romantic': False, 'intimate': False, 'classy': False, 'hipster': False, 'divey': False, 'touristy': False, 'trendy': False, 'upscale': False, 'casual': True}","BikeParking: True","BusinessAcceptsCreditCards: True","BusinessParking: {'garage': False, 'street': False, 'validated': False, 'lot': True, 'valet': False}","Caters: True","GoodForKids: True","GoodForMeal: {'dessert': False, 'latenight': False, 'lunch': True, 'dinner': True, 'breakfast': False, 'brunch': False}","HasTV: False","NoiseLevel: average","OutdoorSeating: True","RestaurantsAttire: casual","RestaurantsDelivery: False","RestaurantsGoodForGroups: True","RestaurantsPriceRange2: 1","RestaurantsReservations: False","RestaurantsTableService: False","RestaurantsTakeOut: True","WiFi: no"],"categories":["Restaurants","Comfort Food","American (New)"],"hours":["Monday 10:30-21:0","Tuesday 10:30-21:0","Wednesday 10:30-21:0","Thursday 10:30-21:0","Friday 10:30-21:0","Saturday 10:30-21:0","Sunday 10:30-21:0"],"type":"business"},"user":{"name":"Roger","review_count":5,"yelping_since":"2016-02-24","friends":["O-_Ce4IdgNgZySwdUh5h_g","7OkR4D4WXfllXITDhDNAgg","BSB-29LMDYjC8H48w3QHiw","Ab_J_idBrDeqwtyBZtgXHg","ysx8J-r7Q_G93IrRw2EbYw","h2jcJ8LAXa7vgwnffWrIVA"],"useful":0,"funny":0,"cool":0,"fans":0,"elite":["None"],"average_stars":4.2,"compliment_hot":0,"compliment_more":0,"compliment_profile":0,"compliment_cute":0,"compliment_list":0,"compliment_note":2,"compliment_plain":0,"compliment_cool":0,"compliment_funny":0,"compliment_writer":0,"compliment_photos":0,"type":"user"}}
