{"review_id":"OkALWxDyxtVf1sBA3MOgag","user_id":"G5BqF32PyIQ5IvplDvpKnA","business_id":"IpBSMcheF7xfyHWErn59tw","stars":4,"date":"2011-10-19","text":"Well I have been going to this particular location for a while, it was fantastic when it came about. It is in a fantastic location for a couple of reason 1. It is a great place to grab a quick lunch that isn't flash heated and during work, 2. For the same reasons, it is a great place to stop afterwork for some nice <soup> or <sandwiches>. Their <coffee> is pretty good as well add their <lemonade>. You really can't go wrong with Panera and finally the Fitchburg Location is a great addition to the arsenal.","useful":0,"funny":0,"cool":0,"type":"review","restaurant":{"name":"Panera Bread","neighborhood":"","address":"2960 Cahill Main","city":"Fitchburg","state":"WI","postal_code":"53711","latitude":43.016974,"longitude":-89.42269,"stars":2.5,"review_count":32,"is_open":1,"attributes":["Alcohol: none","Ambience: {'romantic': False, 'intimate': False, 'classy': False, 'hipster': False, 'divey': False, 'touristy': False, 'trendy': False, 'upscale': False, 'casual': True}","BikeParking: True","BusinessAcceptsCreditCards: True","BusinessParking: {'garage': False, 'street': False, 'validated': False, 'lot': True, 'valet': False}","Caters: True","GoodForKids: True","HasTV: False","NoiseLevel: average","OutdoorSeating: True","RestaurantsAttire: casual","RestaurantsDelivery: False","RestaurantsGoodForGroups: True","RestaurantsPriceRange2: 1","RestaurantsReservations: False","RestaurantsTableService: False","RestaurantsTakeOut: True","WheelchairAccessible: True","WiFi: free","GoodForMeal: {'dessert': False, 'latenight': False, 'lunch': True, 'dinner': False, 'breakfast': True, 'brunch': False}"],"categories":["Salad","Soup","Restaurants","Breakfast & Brunch","Food","Bagels","Sandwiches"],"hours":["Monday 6:0-21:0","Tuesday 6:0-21:0","Wednesday 6:0-21:0","Thursday 6:0-21:0","Friday 6:0-21:0","Saturday 6:0-21:0","Sunday 7:0-21:0"],"type":"business"},"user":{"name":"Colin","review_count":229,"yelping_since":"2010-03-06","friends":["8ZLAklUl3vS9cnlwpv3v5g","LRzgwZiWyFhT4NMDDZ2lhQ","dtUeyves0Gul3VnOBSs9vQ","AEgYsg7EHi-Z6j8R3vd06w","zoX6jZUMc0NbfIwVKdV30g","pgtmyoOTawgKjSvzjztNag","_Thnvw6dXtng4l1zp5N45w","MfDGBpOHbWdy0KFRe9Y8yQ","-x-SQuuscDROX7t5KwnsLA","MMf0LhEk5tGa1LvN7zcDnA","-B9h9P456KrNogBrwv7vXQ","LHiqpbsX5IOIyol0DwjRCQ","fF0rBBH1UjKWzo6iRH-e5Q","jwbcs_eQ2QznrOyMuqz1LQ","Fz7cnnharPpxGY9BkIkq5g","alV9AI_cROac4YSev9ybMQ","e8OEBFurI6rxJN9eACD98Q","e0lV0WyRCYbYs9k6chh8YA","HP0VqtQ21tcmLisoI3gY5w","-XM94NttmJuZZQGXjr_F4g","AX6TWJtUn0UXKROrR7ZdAw","SEZVQUIxNukcowUAR14VUQ","d1YPxRVQeAUecYGjFS21Aw","CbmNBkKa9QKNxPiN_whFUw","zg43wErFuF2BlP5x4GvIcg","9SWtEX1k9AjRg93BAzMCpg","cDhs0eRMGtVVXzr5eiGiIQ","0zxJkVjUiVPgW0TdWxZk2w","JQhOnIgDALdsXQkUwk7Z0A","LIM21uIt985_bvEbhjA9bA","5QmMiy2SZ4wyVaY3m27igQ","JlNWZ_lBYzkBMsQAqBLvCw","WYfhZWqbNU7JEJFVWPHQTQ","f0X2EWZmTzEa3H78M1mAFQ","wd3xoNaDLib8dhQ7BxUl6g","KPTzEkZ0AphMB56Ny3ILfQ","6oF_f8tdMGVlySxXCeIt7g","vPHw6VifooL-_bekgUbtYw","uI_GEh8WnhlW8kkbO1dZXA","e6awMCpyP6y6tt-Orua2hQ","vOyyDaJ2TL5x18ojmJ4jLw","5BJZI4x50ni34pbHrPOlDA","Mgln4doDcJE7qZfP0i1Vaw","HNycc5PctOiR2PXb-TFCIQ","cpEoAl4oakzLHxykMsPx4g","TRzjqicyPQMGqdHGBGkcxQ","NRMlDBUoGJdgoXTUllZpuA","RTWsMisf73pGnbagf1vmvg","JK33W3CV9nzktfuIunB6Ag","2Fb_Q8JRk8cLjMDm-p1Fyw","kmfO1ZlFhXtFAqbgZvroaw","Xm7eFdyUOd4s3ja6ANB5mw","dHKRUzBH7CUTH-ggH_OvSA","CLBhU0yc2OPoJTRRSdqN8Q","JUT0U3HTSB3kz9Wh7N0GqA","J9c0XM-wV_KQmtZYxvIFFQ","his70A8M4gUoR0oexuRtxA"],"useful":27,"funny":18,"cool":13,"fans":10,"elite":["2012","2011","2013","2014"],"average_stars":3.78,"compliment_hot":11,"compliment_more":6,"compliment_profile":2,"compliment_cute":0,"compliment_list":0,"compliment_note":8,"compliment_plain":12,"compliment_cool":28,"compliment_funny":28,"compliment_writer":16,"compliment_photos":0,"type":"user"}}
