{"review_id":"hVY9qc1vVI9e3iznGXHZHg","user_id":"reN-Y7lIjv3VW21I4Z8WHQ","business_id":"RhlGhQt3owSO3-TXfaUoBQ","stars":1,"date":"2007-10-10","text":"I order it for my employees occasionally.  The <pizza> is what you expect, nothing better than OK.  They throw on an extra $1.50 for delivery charge and the drivers tell us that most goes directly to the managers pockets.  That Sucks.","useful":3,"funny":0,"cool":0,"type":"review","restaurant":{"name":"Papa John's Pizza","neighborhood":"","address":"6615 University Ave","city":"Middleton","state":"WI","postal_code":"53562","latitude":43.0956809,"longitude":-89.4945693,"stars":1.5,"review_count":7,"is_open":1,"attributes":["Alcohol: none","BusinessParking: {'garage': False, 'street': False, 'validated': False, 'lot': False, 'valet': False}","RestaurantsGoodForGroups: True","RestaurantsPriceRange2: 2","RestaurantsTakeOut: True","WheelchairAccessible: True"],"categories":["Restaurants","Pizza"],"hours":["Monday 10:0-22:0","Tuesday 10:0-22:0","Wednesday 10:0-22:0","Thursday 10:0-22:0","Friday 10:0-23:0","Saturday 10:0-23:0","Sunday 10:0-22:0"],"type":"business"},"user":{"name":"Dave","review_count":301,"yelping_since":"2007-08-22","friends":["Eiz2yWNI2fAMRa2iW-L_gQ","GArjY1r6GoKU0X8Uaq63EA","9WZTGfO9XA_9EYQaoCADdg","aeib75DoUBMN63i-RjMQEA","MVt4IdCiOYPHhqZs_QeoGw","NRMlDBUoGJdgoXTUllZpuA","e8OEBFurI6rxJN9eACD98Q","ibfw2LUjalN25aZYDY6EuQ","yjUtVmn9QCgu-p0aG0EhgQ","VKRC-O5A7Hj5egFk4WPrKg","9CcXDi6hEOPqQxzlUvRwfQ"],"useful":481,"funny":235,"cool":20,"fans":8,"elite":["None"],"average_stars":3.23,"compliment_hot":0,"compliment_more":0,"compliment_profile":1,"compliment_cute":0,"compliment_list":0,"compliment_note":12,"compliment_plain":3,"compliment_cool":0,"compliment_funny":0,"compliment_writer":4,"compliment_photos":0,"type":"user"}}
