{"review_id":"hhm9zgzaLHTSnG7VVxq4zw","user_id":"ewtuS5t5Cj6ypmTnxAJaYg","business_id":"Dcj69NZJnbJhK-YHP_nULA","stars":4,"date":"2015-07-29","text":"The highlight was the <Truffle Fries> appetizer(enough for three), with the special dipping sauces. <Avocado BLT> paired nicely with the <Sweet Corn Soup> and the <Leffe Blonde>. All around excellent lunch experience.","useful":0,"funny":0,"cool":0,"type":"review","restaurant":{"name":"Brasserie V","neighborhood":"Vilas","address":"1923 Monroe St","city":"Madison","state":"WI","postal_code":"53711","latitude":43.0640503,"longitude":-89.4180168,"stars":4.0,"review_count":263,"is_open":1,"attributes":["Alcohol: beer_and_wine","Ambience: {'romantic': False, 'intimate': False, 'classy': False, 'hipster': False, 'divey': False, 'touristy': False, 'trendy': False, 'upscale': False, 'casual': False}","BYOB: False","BYOBCorkage: no","BikeParking: True","BusinessAcceptsCreditCards: True","BusinessParking: {'garage': False, 'street': True, 'validated': False, 'lot': False, 'valet': False}","Caters: False","GoodForKids: False","GoodForMeal: {'dessert': False, 'latenight': False, 'lunch': False, 'dinner': True, 'breakfast': False, 'brunch': False}","HasTV: False","NoiseLevel: average","OutdoorSeating: False","RestaurantsAttire: casual","RestaurantsDelivery: False","RestaurantsGoodForGroups: True","RestaurantsPriceRange2: 2","RestaurantsReservations: False","RestaurantsTableService: True","RestaurantsTakeOut: False","WheelchairAccessible: True","WiFi: free"],"categories":["Belgian","Brasseries","Restaurants","French"],"hours":["Monday 11:0-23:0","Tuesday 11:0-23:0","Wednesday 11:0-23:0","Thursday 11:0-23:0","Friday 11:0-0:0","Saturday 11:0-0:0","Sunday 16:0-23:0"],"type":"business"},"user":{"name":"Gerald","review_count":7,"yelping_since":"2012-09-22","friends":["ufTznh93pFlQ_m1V9vio6A"],"useful":0,"funny":0,"cool":0,"fans":0,"elite":["None"],"average_stars":3.86,"compliment_hot":0,"compliment_more":0,"compliment_profile":0,"compliment_cute":0,"compliment_list":0,"compliment_note":0,"compliment_plain":0,"compliment_cool":0,"compliment_funny":0,"compliment_writer":0,"compliment_photos":0,"type":"user"}}
