{"review_id":"9_FU04C5M8V2NwcKQ4bOHg","user_id":"WOwtg_adx567YxhAH_e-zg","business_id":"56KQVyOg8eGtwLIgrV51NA","stars":5,"date":"2012-11-10","text":"BEST Thai in the Madison area, hands down. I've tried almost every Thai place around here and this is the clear winner in my eyes. The ingredients are always fresh and it's always excellent. I really don't understand the negative reviews on here. My husband and I eat here about once a week and it never disappoints. It appears to be family owned and operated. They will actually make the food spicy if you ask for it. Level 3 spicy is perfect for me. Can't recommend them enough!","useful":0,"funny":0,"cool":0,"type":"review","restaurant":{"name":"Thai Noodles","neighborhood":"","address":"5957 Mckee Rd, Ste 3","city":"Fitchburg","state":"WI","postal_code":"53719","latitude":43.014973924,"longitude":-89.457883596,"stars":3.5,"review_count":80,"is_open":1,"attributes":["Alcohol: none","Ambience: {'romantic': False, 'intimate': False, 'classy': False, 'hipster': False, 'divey': False, 'touristy': False, 'trendy': False, 'upscale': False, 'casual': True}","BikeParking: True","BusinessAcceptsCreditCards: True","BusinessParking: {'garage': False, 'street': False, 'validated': False, 'lot': True, 'valet': False}","Caters: False","GoodForKids: True","HasTV: True","NoiseLevel: quiet","OutdoorSeating: False","RestaurantsAttire: casual","RestaurantsDelivery: False","RestaurantsGoodForGroups: True","RestaurantsPriceRange2: 2","RestaurantsReservations: False","RestaurantsTableService: True","RestaurantsTakeOut: True","WheelchairAccessible: False","WiFi: no","GoodForMeal: {'dessert': False, 'latenight': False, 'lunch': True, 'dinner': True, 'breakfast': False, 'brunch': False}"],"categories":["Restaurants","Thai","Noodles"],"hours":["Monday 10:0-21:0","Tuesday 10:0-21:0","Wednesday 10:0-21:0","Thursday 10:0-21:0","Friday 10:0-22:0","Saturday 10:0-22:0","Sunday 13:0-21:0"],"type":"business"},"user":{"name":"Tara","review_count":7,"yelping_since":"2007-10-03","friends":["None"],"useful":0,"funny":0,"cool":0,"fans":0,"elite":["None"],"average_stars":4.5,"compliment_hot":0,"compliment_more":0,"compliment_profile":0,"compliment_cute":0,"compliment_list":0,"compliment_note":1,"compliment_plain":1,"compliment_cool":0,"compliment_funny":0,"compliment_writer":0,"compliment_photos":0,"type":"user"}}
