{"review_id":"L6ijwTgeWwhAvNQM3UhcLQ","user_id":"LEwhqQp2ZE3A9AxVRKuTlA","business_id":"naPGOTVEpRZavvn9-sFg8A","stars":3,"date":"2015-02-09","text":"I'm so sad that they changed the <Eggs Diablo>! It's still good, but I'm missing the tomato-softened brioche at the bottom. I don't think I will order it again, as it is now. \nMy favorite part of this restaurant is- surprise- the bread. The <brioche rolls> are incredible; a <brioche roll> and a bowl of <carrot ginger soup> is, in my opinion, one of the best lunches you can put together here. They have some pretty solid <salad> options as well.\n\nIt is usually pretty easy to pull together seating for a big group and you never feel rushed at Madison Sourdough. It is a great place to go with a group if you're hoping to sit a while.","useful":0,"funny":0,"cool":0,"type":"review","restaurant":{"name":"Madison Sourdough","neighborhood":"Williamson - Marquette","address":"916 Williamson St","city":"Madison","state":"WI","postal_code":"53703","latitude":43.080058,"longitude":-89.369407,"stars":4.0,"review_count":183,"is_open":1,"attributes":["Alcohol: beer_and_wine","Ambience: {'romantic': False, 'intimate': False, 'classy': False, 'hipster': False, 'divey': False, 'touristy': False, 'trendy': False, 'upscale': False, 'casual': True}","BikeParking: True","BusinessAcceptsCreditCards: True","BusinessParking: {'garage': False, 'street': False, 'validated': False, 'lot': True, 'valet': False}","Caters: True","GoodForKids: True","GoodForMeal: {'dessert': False, 'latenight': False, 'lunch': True, 'dinner': False, 'breakfast': True, 'brunch': True}","HasTV: False","NoiseLevel: average","OutdoorSeating: True","RestaurantsAttire: casual","RestaurantsDelivery: False","RestaurantsGoodForGroups: True","RestaurantsPriceRange2: 2","RestaurantsReservations: False","RestaurantsTableService: False","RestaurantsTakeOut: True","WheelchairAccessible: True","WiFi: free"],"categories":["Food","Local Flavor","Breakfast & Brunch","Bakeries","Restaurants"],"hours":["Monday 6:30-17:30","Tuesday 6:30-17:30","Wednesday 6:30-17:30","Thursday 6:30-17:30","Friday 6:30-17:30","Saturday 6:30-17:30","Sunday 8:0-16:0"],"type":"business"},"user":{"name":"Leigh","review_count":57,"yelping_since":"2012-11-10","friends":["tSdz6ZkR0psn41cCaaTlYw","3pQN9T13HOdQDkr-n2VBGg","Sa9LUhAblBU2tmA2k5EPXQ","yXEThhugZ2oe-0Q_ye4z3Q","ZPYfSLdah1GJyfQmUMYnbg","ATO_Ky-9m2nEdvaTs5axYA","CHXgbG2kGIPIqhtn5cakcw","mgyBRv8uhGD7fdMobqWTXg","_egwIZabTEP8VHmyJBu4Kg","CfC5MNA1VpFXVTowqcUeyQ","fckYtncR8NIh9FAXP6TkOw","OJ-Psp2nbCUwhYHcpEeepg","zfV0bVMlN2X0RgJoqI1ufw","pTK3ABcW-dVLP5uueQYx9w","7HX_y5urDel7BUCuRqX1AA","iU1eCQtVCuYQpc5Dzlg5uQ","JUT0U3HTSB3kz9Wh7N0GqA","90OEm58z5rwe8OXc7BQ7xA","6qqA3viiQC_aZTJYvOjfwQ","WF4JyWClYmAM0he6ZqxGWQ","czLCNTu5GGEQyI2SMlvG1Q","0UX1311RSu_IiZoSRbTi6A","9QVjZsF2LY5xojHSJ-HKEQ","EYHqEacohnvBTKfSTpDe_Q","5HVWzehWqz1mFpiQUxfx8Q","9X81BdJ1aoZo6ucJoFT2Nw","GF7LrXxZj-EbfFsA5N3MFA","WcS0WYezngjY3rdJugsYGA","ARtVX-DRiL5KpdLCW1ZXuA","rq_RqwHAES782Ub5-qZ5fw","0v7XcFF_SyLjOXa6MzRnkw","PeKuajzRUqjRi9nY14RKWw","fYcULD9bOqUtGuGDHSaVGQ","_UVBQUeeP6KIh2H-TpJQyQ","Nvzgv5WSPDVodHX1yMi69A","Qzt11CoasWP4r1H4d-Iqfg","FI8dBTw2lY6OAiyzlS6axA","5u9JRxl--BuhH1Tnw2iy7A","r1QyFrFSEbehxHIwxabNZQ","ZhjUEORnjhYpcmJQG3wbkA","xMDfCr-MeBo0qCpwaIQsOw","p3cMeqkcaZEPKog-UnX6WQ","i6eTRYjudqhgcaih39uxLQ","fLG0Hxw4m5BORst8S04NAw","psNEnb2JAw0Mj85h4HoUwA","COTHxWySfC73qMkcTbTdbA","aOmIxWh7AGUwCqFMOW7Piw","mtekBJem6HE7KKL_5PmdVA","s2vMRzrb2cvGlHU5r1825A","fVJnKfYJbaT1MAYrbaZdZw","z_3pt_dTBTZnb4-7v55U-Q","59BPS4Arbd2cMrXQzP0LPw","EIcsaBEt16EG0RO2MP1hSw","cc5oSHdqU_PqgeTDsdpwHQ","VdxKMrVZ5AxuDsskBB6fYA","ZR51uNwNvo0NQ_dAMreK7w","SWvK6qDNqgl_Jsqe3dJ3lA","3kjK8w3j21s16G7J-inF0w","3riBgNK0_4YkcUlgmuFRcQ","_6D1zC2oZnWGWVaPbej9Rw","ZJU7d0pEFlgGZYt0ZwbhwQ","nXc0D15rOE6sYooPJKcUjw","nQAM59y5RCiqerT3thcr6g","-9P-8mH0UDNl3oA1xkDC5Q","IdYaLWn1PLJ_IAfoAkze6A","wd3xoNaDLib8dhQ7BxUl6g","6MRqTKKrYFAi6tbC4LeBHw","fJ5VPThz1PVQDNYAafdO_g","JHgH_uJPzxmG29BGVvn1LQ","MuWjS730GX7hJejJLMFmUQ","XuXlGM40v3FsK7iP0ULXfQ","iHOu3MxMMAyN_qFYufc7WQ","wF47Ns0e36T9WpuGMYhFOA","90U9Qgse46LfGRP3dGNOgw","chzlzzocpxR-5eD-fUtHjQ","zB337-0ryCplWpnyknpncg","Zm0dDSS-lOkGSIbGWpqU1g","iz6mg4WrLSfKFKppi7oGKA","7WLZ-hybK-8IfOYpKSRJIA","Vet6K4k1RjpJXjWN3kbfJQ","JmNlThPBc-WWLCQ24rUEkA","PlNK9Kdf46agQ-yfgaeMlw","HuAFRnFYtfJZ-cAmP_x4lA","zrn2RjYifPTfFoGGPHAWlw","Y57eThyiVz7DuGi95a79UQ","if9RioIVZsk-wu6Ack0dlg","VF6YroNaf8XfTiInV0RJvQ","SVrxJ6UHH2hGwx6Atinr0w","hEHdPTh6cG2HSgjmE1ajZg","ETWM2ruinoK9f5LkQsl3GA","yf8EVJw-yhCaLxgZ8PKIwA","-YP54KqnEDndFXSqfJaREg","Qfc1weOcibWDE0dTA2uM8A","dD60WVdcvelHIoG_80yG-w","_ZojUnnK4oBmRSY1ks26Sw","xge3g1VKu4er-d2v1qsoAA","aQYvVIsWr7YE1Otk5LQ2Ow","Ft2BXPglUoaanW80K74C5w","GOLr1T9quqT65o_dS0qNVQ","m9JNs-zw3QDstrx2X_EgIA","mfCtFU3vzECEqZX1yOQ_Tg","mdEj4nKsjSGN6hhZrcf2mw","M_UuEwc_HoqPhqgEzkjPrg","eHum5E5NJ3QN7hCH6QboaQ","mg6mOfC2jc-VojmccEkePg","TI_DK43253bwxawCdQPENw","gPDpKWmBJUSRZ2du6H4jOg","HmzfdA5f2FV5Ktky1nwFXw","3S7cA5U-pGl1mC_9J0nTcw","J-GQ46T8SLMR4QDa2zXrFA","Xfegk_dWb8IfPAC58--SyQ","LgHyvFZ42aNfKCBzPUg67A","hi849kQQ7gCaVs-WziG6Zw","gYDUUBNNJo01LMGrWkYWvA","uDFXGaiYUpBww84URsY_2g","A8QRkLohrXcPNYvrsk0YPw","9UVwD3u3_A1awo0JPusXfg","iZkCcPPy2R_vBqRsKGfZlA","92lg5Wt5lG07BNVyOjw2zw","mUHJuirfyq3EsgNbhTkj2A"],"useful":3,"funny":1,"cool":1,"fans":5,"elite":["2015","2016"],"average_stars":3.89,"compliment_hot":13,"compliment_more":4,"compliment_profile":0,"compliment_cute":0,"compliment_list":0,"compliment_note":3,"compliment_plain":4,"compliment_cool":11,"compliment_funny":11,"compliment_writer":3,"compliment_photos":0,"type":"user"}}
