{"review_id":"khWs5P9YbB1-7jahyflBIg","user_id":"7AAukiE74uGYGEevr9mNUA","business_id":"5p5YW_5bMOSuLIQjkJPO3w","stars":5,"date":"2013-08-07","text":"We had a great night - outstanding food and service as my husband and I celebrated our 30th... Imaginative menu, good <wines>, friendly staff  - we were treated like kings and queens. Looking forward to returning. Thanks Sal!!!!","useful":0,"funny":0,"cool":0,"type":"review","restaurant":{"name":"Naples 15","neighborhood":"Capitol","address":"15 N Butler St","city":"Madison","state":"WI","postal_code":"53703","latitude":43.0771243,"longitude":-89.3815107,"stars":4.0,"review_count":135,"is_open":1,"attributes":["Alcohol: full_bar","Ambience: {'romantic': True, 'intimate': False, 'classy': False, 'hipster': False, 'divey': False, 'touristy': False, 'trendy': False, 'upscale': False, 'casual': False}","BikeParking: True","BusinessAcceptsCreditCards: True","BusinessParking: {'garage': True, 'street': True, 'validated': False, 'lot': True, 'valet': False}","Caters: True","GoodForKids: True","GoodForMeal: {'dessert': False, 'latenight': False, 'lunch': False, 'dinner': True, 'breakfast': False, 'brunch': False}","HasTV: False","NoiseLevel: average","OutdoorSeating: True","RestaurantsAttire: casual","RestaurantsDelivery: False","RestaurantsGoodForGroups: True","RestaurantsPriceRange2: 3","RestaurantsReservations: True","RestaurantsTableService: True","RestaurantsTakeOut: True","WheelchairAccessible: True","WiFi: free"],"categories":["Italian","Restaurants"],"hours":["Monday 17:0-22:0","Tuesday 17:0-22:0","Wednesday 17:0-22:0","Thursday 17:0-22:0","Friday 17:0-23:0","Saturday 17:0-23:0"],"type":"business"},"user":{"name":"Sue","review_count":13,"yelping_since":"2012-07-27","friends":["None"],"useful":0,"funny":0,"cool":0,"fans":0,"elite":["None"],"average_stars":3.85,"compliment_hot":0,"compliment_more":0,"compliment_profile":0,"compliment_cute":0,"compliment_list":0,"compliment_note":0,"compliment_plain":0,"compliment_cool":0,"compliment_funny":0,"compliment_writer":0,"compliment_photos":0,"type":"user"}}
