{"review_id":"UumfCLaYde2oLexe8r1q9A","user_id":"tbycp0aRhRsiAVYUAVR_uQ","business_id":"lbFkq0Ac2nXeeWBCJ0jZRA","stars":3,"date":"2014-03-18","text":"Solid 3 stars.  This is my first time at Dickie's and I might not be a repeat customer.  It was $9.50 for the manager's special of a <pulled pork sandwich>, two sides and a drink.  The special was basically a free drink.  \n\nI could have used more meat on my <sandwich>.  I felt like they proportion of bread to meat was on the low side.  That being said, the meat was good. Not overly greasy and decent flavor.  \n\nNow the sides.  Mixed reviews here.  I ordered the <mac and cheese> and <green beans with bacon>.  The <green beans> were fantastic.  They were a little watery but the flavor was so delicious.  They were seasoned and cooked well.  I could have eaten a whole other side.  Yum.  Unfortunately, the <mac and cheese> was awful.  It was no better than the noodles you get in a frozen dinner.  \n\nYou do get free <ice cream>, so for kids this is a great place to eat.\n\nThe barbecue sauce set up is awful!  There are only three tubs, each holding a different kind of sauce, set-up between the soda and ice cream in the main thoroughfare.  Wow, poor planning.  \n\nThe original sauce is perfect.  The sweet barbecue is good but definitely sweet.  And unfortunately with short people problems, I could not read the spicy sauce to try it otu.","useful":1,"funny":0,"cool":0,"type":"review","restaurant":{"name":"Dickey's Barbecue Pit","neighborhood":"","address":"4833 Annamark Dr, Ste 200","city":"Madison","state":"WI","postal_code":"53704","latitude":43.133103,"longitude":-89.299181,"stars":4.0,"review_count":39,"is_open":1,"attributes":["Alcohol: beer_and_wine","Ambience: {'romantic': False, 'intimate': False, 'classy': False, 'hipster': False, 'divey': False, 'touristy': False, 'trendy': False, 'upscale': False, 'casual': True}","BikeParking: True","BusinessAcceptsCreditCards: True","BusinessParking: {'garage': False, 'street': False, 'validated': False, 'lot': True, 'valet': False}","Caters: True","GoodForKids: True","HasTV: True","NoiseLevel: average","OutdoorSeating: True","RestaurantsAttire: casual","RestaurantsDelivery: False","RestaurantsGoodForGroups: True","RestaurantsPriceRange2: 2","RestaurantsReservations: False","RestaurantsTableService: False","RestaurantsTakeOut: True","WiFi: free","GoodForMeal: {'dessert': False, 'latenight': False, 'lunch': True, 'dinner': True, 'breakfast': False, 'brunch': False}"],"categories":["Restaurants","Barbeque"],"hours":["Monday 11:0-21:0","Tuesday 11:0-21:0","Wednesday 11:0-21:0","Thursday 11:0-21:0","Friday 11:0-21:0","Saturday 11:0-21:0","Sunday 11:0-21:0"],"type":"business"},"user":{"name":"Elizabeth","review_count":524,"yelping_since":"2008-05-20","friends":["m11xEO4XZwlasgK4qZXY5g","3QhEjt7RHDXlw6mE2ZQjNQ","uhRyFDYRMT_8BkyCzdmrXQ","GmsWVXhJtXu6TJDXrwANLA","xqjkdwe-9gTsilPRQre7Og","sEEGucq7vg0_yT25miGmsA","GoeHBmVr2bb395Zb74vU_w","dXSIdjyj8PORAYGIqUMWRw","xD7OY76pYpS-Wt995EHddg","QRS7b5MzyE9oxFOXCLGSpw","8ZLAklUl3vS9cnlwpv3v5g","srFZ0_Q7ktL5USL63yzrHQ","e5g9B3Sj1_SiDMsdovH0Zg","QmibgsmeUV6ikmkIb34dZg","ElVmlTeE51pzZX9XRONiRA","hGB2k9KIlJIMdpJZbBGA_A","lrgq-Gr-l8m0v5WEmVXP6g","1wva0-vG6yKtgEex41RFdQ","Wr9nP6B2Ch9TX6ZqFqw7dQ","tBeEt3o3ismz8fcQL9CosA","q5t7jo7VwU1ErkDWwEqdbg","NwyVDX98sGL4nwikII2BvQ","dxjehLpGgh08vby2BksV6g","9M3gY85BdlzFidhQyA5o9A","jL1TI1E0Yc0y-yQKCh307A","ZWtOokHZZVKiGrrHhrli4Q","2JR76gNAqtMlZb6ZwYoHmA","_896CxWuBqRKzpQYUPcfxw","c78V-rj8NQcQjOI8KP3UEA","OnwS94e18hZmCPbX-S1rJw","EKjpxH__JX8Y2dqhtcUksQ","0DBUSepu0PKLMBU1PNB6wQ","8Me0QYZ6Jm2-JqtwsWmhYQ","Uvy7xw1PgbCNa46_5iS_Jw","-VAzsSWApeuydlNhgywQUQ","SGToaoGhTEOvoBoJkQgWcg","zb_rFENfi6_mbhsKv_jHUA","LBGVtPFlxkzAWJPW5KhPNA","MkkdOeZYRm84bUQ4vu6O2A","jj1yOvVCsygo0ianLpH6sw","sV4nNOT2NhmFHp9cE7iYVQ","UuPPKVJ3Hk6E_ZKR-J2NzA","NbgCRcvxK4d1UKYqAwHzjQ","Ieg1z6bc94U_RfS-OGxQ_A","Wj-Alz8uVFLFOrzSyPY7FQ","NRMlDBUoGJdgoXTUllZpuA","IC7lfS_GpSKd6Dn6nQgcdA","MSGt6RGOuB6VIp3pZBCOEg","o5STsEtfvD1Ig0J7Z-1uxA","ez69JUzQnjrpu6qaqDqIzQ","cBmgI1Br4BPWJwrLClZ0lw","SDIf7E8Yc3SfBVjzFHMW5w","QrSaTXxqnzkN3Vmbzz3CZA","OrnzdwPnSG-H2alQKTeTSA","QUsg4-JnEJOU-PFFVgNi8w","bdenOEWX0Y1Yld5qNQ1QKA","M4uhH1F08sn3rwp_nNJa5Q","fqz6TBmIdWR8sQOOIyzB7g","M_UuEwc_HoqPhqgEzkjPrg","CH9VC7aLLsV8NFdaoU_uog","CLBhU0yc2OPoJTRRSdqN8Q","any3qugPFM1xUekTxI4qrQ","mUHJuirfyq3EsgNbhTkj2A","rdbB0r8AASMWjD47xYg1FQ","uEcTB_dy6V8aDM164gJ6zw","3S7cA5U-pGl1mC_9J0nTcw","Ei0sk6v8rF8xUT_Szp9cbQ","b6P9ShfZzR-PlU9X1z48wQ","q9P69PBiw-oa6TwOj22Wsw","p3X4_d_u10uiLbwwzQL2Zw","aLho2XKQ9ggBp53Jg8kQHA","nT3tLANzGy0a7DuB_GIQjA","AO3JlWzYeSV-c3omx8Wrhg","om5ZiponkpRqUNa3pVPiRg","jAxdxQhVjk2j33lxi5uvZg","z8tSKvUcx0hlnojKLxgSYQ","4kl-nYP2HvdmRmPJYk7Mcw","lLkuiBQb7QH6Nfzmj8EAMg","IJnn2Gvf8pQ-88wznkfN9Q","SomnrLKiMdifBusXjb2_pA","pSYjXb62QotWzt4RKt56pw","vBpJGN7l2Gag5Stc4bH30g","cIGvoZx1jnyWjky_rXJjeA","kzDzdbPupHiglDzs9HD0vA","q3ElT2CD5oTKJk8shnX3kQ","Nwb9CPnmRJFBzQsXkCq7-w","oKzd-2GVCf8fcbNWKlDcew","kR27D7UedKTAow1m3HOM2w","t42EVyliqRcB6_-2pj6P6g","9PVRRm0CZePuJ7v9Nuu-CQ","4yPIhN31GFONZY1bTJxHvg","y7xUwjwVBu44hA7C7rdy7g","Dlo9MJlx6WVPWy_sL9L_XA","5BJZI4x50ni34pbHrPOlDA","EbWzbvLAJRbciBLkZDIC_A","L-wS5YHSP6n619tcWsgkHw","eujtZMdyJFxCbBoAZhcrEQ","s92mO-DcB-NGRv4alRRb3Q","ihxOGQd-kAgUxM3JL1ABAw","6LmdYq-mhsaOXHjGh0lvQg","7KkRgHVeJ7N4HuWojrqULw","xU_Ivtrhg7eUjDUKQvzRew","m6OZG66JPXVIZRkqm6reDg","Rcxb65dtZZlk-HjBaP5DKw","DC8ylHoVLnlBNJ3h_TLZMg","itmb9uAolzQnmEBDlV24qQ","zxXXoCl4uPEl0HdyylNl8A","Qeq51gbgPcdIOmSerrEBTg","-Jipnel1kYuNgvQxG1yLWg","aHrC3wjlpfVOn4vUA3HAKg","RTWsMisf73pGnbagf1vmvg","QnIrewrXxFnssw_gG1gF-Q","4DNr5UYYzS7RTv6Q97GZyA","IROwL17EVWT4bqseVCt5JA","sdpIz4-s15T239CZ4Bd6Ag","cvIMWqae2F6usNYQB5kEcQ","HNycc5PctOiR2PXb-TFCIQ","OxjfUxYP67WMC5gLOALXoA","NFeNXGbZWRCe6qMEppNdRw","aHiLmgQMMwZR0B49t8ek0w","Xb51_hVBQbqv-gcIafvRTg","psNlXwsUPgqNEdPzsg5Mag","uqYvkSXYyOjcRyzk8M7IgA","9MF-l8xgyWN9dm2-r2mF9w","KU3df5IAFrvVsLyuHJyX4g","aBonKO-v8M0O4uL4r4oR8Q","DlLaEjqDlw250sfcVyUTMw","6DC0wklyCCirKpglOOCyow","CsQUq7qxIWueVTaUW-434w","Ldj4n3fusOIe5jexh256aA","Rh1kNCbpuck7x4yvQEu5Rg","QEDizPRhnvyIgPhbdgnX3Q","kn6Npn1KXELOGd7RfJ7jpw","WCRY4CY8cLPawyHmqOtp6Q","UsXqCXRZwSCSw0AT7y1uBg","JUT0U3HTSB3kz9Wh7N0GqA","FTDkdWwfgGRdts4ZuxnSxg","YMlLjZSJthcoJWp1wcw3kA","yMxcK-tnPDq0tDnBAhDDOg","dlQePWQwcDPconG5b2E07g","WOJPuqkjJAj0lcjtoAZpAA","cX8spO1UhcIpihvY5Q3JVg","e9bVxMuG-1NIJWqT_pDEmQ","85GvJdWJd8O7d24qiWoakQ","mHWvrtNGisrC7ww_bfmQkA","DFPN3fLyqQgIlhnJDD1q6g","ISJ860z59OPGcuBbo-kjXg","8teQ4Zc9jpl_ffaPJUn6Ew","YSb8JRyI75M8FkbYWLH4UA","BVHZ6w_YgA1lt8Rnq4NSCg","RINfxMdDWxWHmquTcjM7_g","nvS2W7eZfeMEVRmdLGzf9g","rkdE06BbheP4gEhb3ooH0w","vhWHYLUcbyc0k47ZYDrhrQ","yzcaZM0L4su5z-UVv8CnDQ","uf1UdKswKWOqFLUvRvvbzA","GDVDIzM4vCqbJuNY-8VGLA","GVuU1qYR_pWFEVezVjm8hQ","KzTTS0A0QvSflNtqihA3CA","XkXhvRmzyKzTaqXcmfAsXA","aAkgdSmtodnACuCUPsjOBA","_L3iR8NU_vtkFjoaDlYEGg","0TwGLv5xNW-inWxumdum5w","wd3xoNaDLib8dhQ7BxUl6g","NTsui_RzENp98CapflmlVw","gjYswPtXozBbcbGIcWzkkQ","RlUXygcLzo06jgeuBRdeuA","2h9WDId3wmJDm9wLp3ApQw","Jiif_cQGLmQNyoK6AFWiSg","yQD25vQBauE-5QADHjiJYQ","Kd725S9Nlt-S8jwRXzTSHQ","tMG-LeTT3jX3dLV-BgoZyg","0jqGvKy9ONjocDS7vcDaEA","_UrgR8x-enYzt-XgnjJ3wQ","FR0Q6otI-2aWG3YmyIA0-w","YGFHLafRkUcTOaF_Cp0DmQ","6gSstV99PyeUbMw39VG5LA","3LC2sKfvz_nWuJquUDsNnw","1I20WWKXKHBaafS3n1NYtQ","3euNAo0WdD2rPXDARW1Chw","ZDdFx-SB83Vd0psiXidpUg","C__1BHWTGBNA5s2ZPH289g","38xJajti-nE3hh6PyKCJWw","Ut2p61ojZxdwn3QEH24Lzw","GS6soUeyJFKIfhYl8cwY8g","AqSi3JexzVU8qWR9n96m0g","hCzMNVI91XwodmhwaXQccA","NM0HnT9dpWHMo38uDZUrgA","VHoz-_mf_jFQCINNkBMKSw","5Lk_BxboWoXQvyyY6TAiZg","Pt59z2vfYl3I7bt-tGACKg","5MKqkzDbludCpSqBlZU3Kg","y-Px0wQFLYMvMVQeHzWOSw","AEgYsg7EHi-Z6j8R3vd06w","4q02ALXu_6i7-GWZAW9ctQ","tOMfTEKuz21M9bNPJMH9JQ","_Thnvw6dXtng4l1zp5N45w","vN4ZokOTCjISXu_TNYegTg","7zWKIWrZIfPl9o7BNlMZFg","a1cF0D4wG4h9QF37OEBdSw","30ll_6bTP4W4Gk66wM2gKw","FKclATu5-fmK6lsAUuHp7w","vkhUsWvd9BvrVnb5F2D6OA","Aps1bqH9GL6maObzyJItWw","xPfteyZ7edOM22EAAz0NDw","1pzP58PeWictHQzctMU0nQ","2AU8D-XICjjShVdgqU2REw","fJ_qSZH_akvWzHUPMqab1g","jwbcs_eQ2QznrOyMuqz1LQ","X_DC7Jpi3BXlZF5ijPtQ5w","FDXrRQgtURtqrNeMO-pwNw","GmYe7X1js7ArVjFWP6-sQA","5S4A7Op-JcWvG1dahPAaiQ","LkG6AClpFp0mdVS7EbZSDA","bNfxTKOdzqv7bj4Du_5LZg","LCbLM-bSn7gmJU1Doz9cFA","lJi89hEXpZxdN6U7KjuMoA","D2yFCcW1iPJlQDKC5mCArQ","o_kHEH0lcvETXQjISZrWsw","EXKDLuYoZUKUNNNYA7TlGQ","H5aoX5J-lxYc56ZbCSWnIQ","I-6WiHug5kdQM9SFqlMoZw","GYLIjGosx4F-ZUu7MEl8aw","tXICXCjfBlZejiEYhVY2fQ","NLyNvJ9LGG0DFAvUph97wQ","ahmLZ5_pcXG8_oEJYCUEsw","TqKg5XonFWPAacSLpUNIVQ","F8eVMiCo7q9HqFftlIzX2w","K8B71j8Z1ZQZWVWXwepw2A","CJQyhLcbrUc6UlN2W_EDLw","kS0J0v7cAKUmgfYIxPZEpw","oIQwsu5FKNJ1M90gDq49oA","kG2muG7eit_AzZMcBCMArQ","e4CR0jWsmNNf5EWF4NjvPg","yZ2tIla2ZeBz2AUE23Ya8Q","6CzDXsYJNXLLbmDAaES4tQ","EiGbT41lS7zV0mOQlSNLyQ","UNjK5TrOke1hqRiDaJ959g","cDhs0eRMGtVVXzr5eiGiIQ","CFZi3z6R6gHd32oZT2jWvg","G6k6vTmxjcSqD_M-TUe9UQ","t0DQ2REltSka4nr5aIP0PQ","R44RllbTjxq3rmAX5pUCAQ","ACP7CyxfItBr-MaRBbGs9Q","adtOywpRnG5-4mjQMQE1FA","SEZVQUIxNukcowUAR14VUQ","-WbEjJo6afMjy6jKjdfHig","yJP-54fC6lpYXXl5X0JyJw","eBtITldO-Wh34ym0d-3_NQ","tUgWos0I_DirZauUNv9YTQ","xBO_ClBsdYKYLwWxLJSQDQ","iD7HFt90AyDEAIBVPg93og","r-zUIQPaHzvIyL93wQaoiQ","nGj_MNVcwxa4jTVgaLfulQ","f7Emr9Q4H5r_jO_DW3QuIQ","LAsOaowycjpyCenm1IUi_g","jlXLXdWqx-KCsHLr9sE7Ow","BL6K2ISNGZ9JAQUyuRuh8g","XixGb_9gJtKLX_2HrewMGw","eFfmERAZUMjN1_r7tN9PRQ","sapxQ9r06qyE1e8gJ1ywTQ","BIbih8mwI0gGKk5az-CgWg","SbJ7iiOb6Sj3gaREn-JUZA","9tOdB6wGNkD9txxfwJ3SUA","JQhOnIgDALdsXQkUwk7Z0A","wBbjgHsrKr7BsPBrQwJf2w","CY9iLsE2z_yLhLqJdD1WGw","gNyQ8VrJbRhJ9Iiiqi5wqQ","d5WLqmTMvmL7-RmUDVKqqQ","IcVsTKrlVeD7TCHsSuwoHQ","lkb0LVeumz7wx5of6stDLA","pgqoh3R5RqP18Er-Ieo17g","DJyjfEt5QvqMbzEX0a3cjQ","aR7F6JaHjsYW_j5Biih0rQ","43Ey_G2M82SpIzHfTkthrA","mW_jnHry3uBNYptr4jw9Ww"],"useful":469,"funny":43,"cool":45,"fans":20,"elite":["2012","2015","2017","2014","2013","2016"],"average_stars":3.28,"compliment_hot":31,"compliment_more":5,"compliment_profile":4,"compliment_cute":0,"compliment_list":0,"compliment_note":44,"compliment_plain":34,"compliment_cool":55,"compliment_funny":55,"compliment_writer":29,"compliment_photos":5,"type":"user"}}
