{"review_id":"fLKUpJzPTmAv7IfoiQ3tUQ","user_id":"UAlZb-ZsAOL8MvEbcSUHSQ","business_id":"OoI3WUe4Xl86d53avy3oVA","stars":3,"date":"2015-11-30","text":"We went here on a Saturday, no wait, it must be losing its flare. The vibe is ok, I thought it would be more rustic. The drinks are divine. We had apps and we're going to sit down when I realized that the apps were extremely salty and heavy. There are literally no vegetables on the menu, after thanksgiving weekend I just needed something more green","useful":1,"funny":0,"cool":0,"type":"review","restaurant":{"name":"A Pig In a Fur Coat","neighborhood":"Williamson - Marquette","address":"940 Williamson St","city":"Madison","state":"WI","postal_code":"53703","latitude":43.0805044,"longitude":-89.3685777,"stars":4.5,"review_count":297,"is_open":1,"attributes":["Ambience: {'romantic': False, 'intimate': False, 'classy': False, 'hipster': True, 'divey': False, 'touristy': False, 'trendy': False, 'upscale': False, 'casual': False}","BikeParking: True","BusinessAcceptsCreditCards: True","BusinessParking: {'garage': False, 'street': True, 'validated': False, 'lot': False, 'valet': False}","Caters: False","GoodForKids: False","GoodForMeal: {'dessert': False, 'latenight': False, 'lunch': False, 'dinner': True, 'breakfast': False, 'brunch': False}","HasTV: False","NoiseLevel: average","OutdoorSeating: True","RestaurantsAttire: casual","RestaurantsDelivery: False","RestaurantsGoodForGroups: True","RestaurantsPriceRange2: 3","RestaurantsTableService: True","RestaurantsTakeOut: False","WheelchairAccessible: True","WiFi: no","Alcohol: full_bar","RestaurantsReservations: True"],"categories":["Gastropubs","Restaurants","Tapas Bars","Mediterranean","American (New)"],"hours":["Monday 16:0-22:0","Tuesday 16:0-22:0","Wednesday 16:0-22:0","Thursday 16:0-22:30","Friday 16:0-23:0","Saturday 16:0-23:0"],"type":"business"},"user":{"name":"Erin","review_count":67,"yelping_since":"2011-05-31","friends":["WpuS4-OHZ62MMtEoJYm0og","XmUoErm8KkfP_ti71nXgAg","__MAo57Qds2Fn-phInKRWQ","ZQT2_rulup1yCuDSzKAPtA","xR-oB4c16t8-Hgb3Egx72w","v-aBx941HE98f4A6Q_LQfQ","tcNfkr9GYMXmPYf0DEd-Fw","UpKyMVk02grOEJDPPsbZjQ","JS4FVqOWbfhonFnegx5cPA","wd3xoNaDLib8dhQ7BxUl6g","V0c-AS2FFCeSaV-3JfG5vA","rkdE06BbheP4gEhb3ooH0w","p3b-smCoDD4WgIF2upcIoQ","GVuU1qYR_pWFEVezVjm8hQ","JPk-pbf3lHCCpWnyAVIZeQ","5sNNW-s0Fz83Mf24lDegCQ","bQxvdzxQGFgTfp-kYznOfA","VKWi4ryweFKH4KvlCfFMqw","Gy3QT35nJDpvKPuFCy3uow","d5WLqmTMvmL7-RmUDVKqqQ","PNB90Gp1RoskMrDKYL-BrA","WvkZfnKcyNHrmPK2-8ZyRQ","PrN1trUZDVi2mqehp8MaLA","EgDXGr1Qz65KDlw6VQdmrQ","jL1TI1E0Yc0y-yQKCh307A"],"useful":68,"funny":10,"cool":5,"fans":33,"elite":["2017","2016"],"average_stars":3.36,"compliment_hot":4,"compliment_more":3,"compliment_profile":0,"compliment_cute":0,"compliment_list":0,"compliment_note":1,"compliment_plain":4,"compliment_cool":8,"compliment_funny":8,"compliment_writer":2,"compliment_photos":0,"type":"user"}}
