{"review_id":"6lb-n9RBY9-BVeW1Z6Z5AA","user_id":"SMQeG0lFPsfu4fCiEIS1aQ","business_id":"6keyv1LcbzdD8MCrRaA0nQ","stars":2,"date":"2013-03-25","text":"Very disappointing dinner. Had to ask for silverware when we got our salads.  Our waitress didn't know the menu, had to ask someone about several items on the menu.  They were out if <ribs> and <prime rib>.  I ordered the <sirloin> with <coconut shrimp>, <sweet potato fries> & <garlic mashed potatoes>. The <steak> was cooked medium as ordered but very tough and no seasoning. The <shrimp> and <fries> were the only good things on my plate. My boyfriend ordered <chicken fried steak> but there was barely any <steak>.  The <rice> was very bland. Probably never coming here again.","useful":1,"funny":0,"cool":0,"type":"review","restaurant":{"name":"Outback Steakhouse","neighborhood":"Junction Ridge","address":"279 Junction Rd","city":"Madison","state":"WI","postal_code":"53717","latitude":43.0658817,"longitude":-89.5239683,"stars":2.5,"review_count":35,"is_open":1,"attributes":["Alcohol: full_bar","Ambience: {'romantic': False, 'intimate': False, 'classy': False, 'hipster': False, 'divey': False, 'touristy': False, 'trendy': False, 'upscale': False, 'casual': True}","BikeParking: True","BusinessAcceptsCreditCards: True","BusinessParking: {'garage': False, 'street': False, 'validated': False, 'lot': True, 'valet': False}","Caters: True","GoodForKids: True","GoodForMeal: {'dessert': False, 'latenight': False, 'lunch': False, 'dinner': True, 'breakfast': False, 'brunch': False}","HasTV: True","NoiseLevel: average","OutdoorSeating: True","RestaurantsAttire: casual","RestaurantsDelivery: False","RestaurantsGoodForGroups: True","RestaurantsPriceRange2: 2","RestaurantsReservations: True","RestaurantsTableService: True","RestaurantsTakeOut: True","WheelchairAccessible: True","WiFi: free"],"categories":["Restaurants","Steakhouses"],"hours":["Monday 11:0-22:0","Tuesday 11:0-22:0","Wednesday 11:0-22:0","Thursday 11:0-22:0","Friday 11:0-22:30","Saturday 11:0-22:30","Sunday 11:0-21:0"],"type":"business"},"user":{"name":"Brianne","review_count":4,"yelping_since":"2012-08-10","friends":["lq7Xyd9Uw546RXuAQG20KA","gys8T_b7Bq9pB5FoiqTb3Q"],"useful":0,"funny":0,"cool":0,"fans":0,"elite":["None"],"average_stars":3.0,"compliment_hot":0,"compliment_more":0,"compliment_profile":0,"compliment_cute":0,"compliment_list":0,"compliment_note":0,"compliment_plain":0,"compliment_cool":0,"compliment_funny":0,"compliment_writer":0,"compliment_photos":0,"type":"user"}}
