{"review_id":"D-roYUzVPSpLGXJYQI3z6w","user_id":"oNQI-ZQnalRlLyZxKkJ08A","business_id":"Hty6oLQ1_FSRW5XgZtWrXw","stars":2,"date":"2015-11-30","text":"I'll keep this short and sweet.\n\nPros:\nLots of veggies in their <curry>\nCheap extra <rice>\n\nCons:\n<Veggies> are practically mush\nTofu is chewy\nCurry is bland\n<Crab rangoon> is pure cream cheese with very little flavor\n<Crab rangoon sauce> is very bland\nStaff was rude on phone and while picking up order\n\nI'm not going to throw away my meal, but I'd never choose this place over Ha Long Bay or Sa-Bai Thong. It is better than Curry in the Box. So I guess there's that.","useful":2,"funny":1,"cool":1,"type":"review","restaurant":{"name":"Lao Laan-Xang","neighborhood":"Williamson - Marquette","address":"2098 Atwood Ave","city":"Madison","state":"WI","postal_code":"53704","latitude":43.0928326884,"longitude":-89.3519827939,"stars":3.5,"review_count":90,"is_open":1,"attributes":["Alcohol: full_bar","Ambience: {'romantic': False, 'intimate': False, 'classy': False, 'hipster': False, 'divey': False, 'touristy': False, 'trendy': False, 'upscale': False, 'casual': True}","BikeParking: True","BusinessAcceptsCreditCards: True","BusinessParking: {'garage': False, 'street': True, 'validated': False, 'lot': False, 'valet': False}","Caters: True","DogsAllowed: False","GoodForKids: True","GoodForMeal: {'dessert': False, 'latenight': False, 'lunch': True, 'dinner': True, 'breakfast': False, 'brunch': False}","HasTV: False","NoiseLevel: average","OutdoorSeating: True","RestaurantsAttire: casual","RestaurantsCounterService: True","RestaurantsDelivery: True","RestaurantsGoodForGroups: True","RestaurantsPriceRange2: 2","RestaurantsTableService: True","RestaurantsTakeOut: True","WheelchairAccessible: True","WiFi: free"],"categories":["Thai","Laotian","Restaurants"],"hours":["Monday 17:0-21:0","Tuesday 17:0-21:0","Wednesday 17:0-21:0","Thursday 17:0-21:0","Friday 17:0-22:0","Saturday 17:0-22:0","Sunday 11:30-15:0","Sunday 17:0-22:0"],"type":"business"},"user":{"name":"Pauline","review_count":188,"yelping_since":"2012-10-10","friends":["tG5s3vgVpHun0unatapjMg","VBTLRblfkGZzGdMlGUrP5Q","kr-bTnnSMKeZfvvkJRfCOQ","ltWN3xUSl4nyrao2oWiSdg","HNycc5PctOiR2PXb-TFCIQ","pbMozA_Mgxter6ks57a-cQ","W_NExRpGhhMFWuuvMt8xLg","wd3xoNaDLib8dhQ7BxUl6g","xqOXaquW9uhilkUOmyy0Og","V12HIIwQU-dYEQZBxEQTPg","8ZLAklUl3vS9cnlwpv3v5g","WPlsWSyxpEKbe7GHnnLfdw","4c5iSs59WyoxR4kUgZoUtg","-04kroyuzR3KkoBBY0uPxg","0PkCxX5PeubHdkOLnvSVaA","B7fVhze6BnmueokkdWHeoA","2rLMpj5DZRFwtf5b1yHftw","SpgyZXFEuP0b_1Xps9s_Bw","0IxMKZsEXf9S9ObEw9EjCA","gteHjytNuIQZTTjRyqGTyQ","tOMfTEKuz21M9bNPJMH9JQ","aEq1AxwWDSluDebvLqhCeQ","a1cF0D4wG4h9QF37OEBdSw","ohMbvmx6xCdj7eSKeNGFGg","fJ_qSZH_akvWzHUPMqab1g","rVnnGZaTwO4vzuKhNOb4VA","2x1C7rfv2ZuR4e0vAuqOwg","oZ6cRAb7EVBURypS3NLlgw","7HtOcNgZXEmikXjB3bFfhA","NNJTeL5IMQQ6TiL5xhz6Dw","FcLPTwvOiti99OW9MZ3qJg"],"useful":113,"funny":4,"cool":72,"fans":3,"elite":["2016","2017"],"average_stars":3.49,"compliment_hot":6,"compliment_more":0,"compliment_profile":0,"compliment_cute":0,"compliment_list":0,"compliment_note":7,"compliment_plain":5,"compliment_cool":3,"compliment_funny":3,"compliment_writer":2,"compliment_photos":1,"type":"user"}}
