{"review_id":"Bo0nXGuGBKmjYA0JhEa1hA","user_id":"VgEI1jSVs0QaAZlDRFGhyw","business_id":"NiBzh0kHusvH5rdnpm7yVw","stars":5,"date":"2015-04-05","text":"Very accessible from madison downtown for lunch. There is a lunch portin and you get <lumpia> with it. You will never get bored with the <tempe>.","useful":0,"funny":0,"cool":0,"type":"review","restaurant":{"name":"Bandung Indonesian Restaurant","neighborhood":"Williamson - Marquette","address":"600 Williamson St, Ste M","city":"Madison","state":"WI","postal_code":"53703","latitude":43.076604,"longitude":-89.3745656,"stars":4.0,"review_count":169,"is_open":1,"attributes":["Alcohol: full_bar","Ambience: {'romantic': False, 'intimate': False, 'classy': False, 'hipster': False, 'divey': False, 'touristy': False, 'trendy': False, 'upscale': False, 'casual': True}","BYOBCorkage: yes_corkage","BikeParking: True","BusinessAcceptsBitcoin: True","BusinessAcceptsCreditCards: True","BusinessParking: {'garage': False, 'street': True, 'validated': False, 'lot': True, 'valet': False}","Caters: True","Corkage: True","GoodForKids: True","GoodForMeal: {'dessert': False, 'latenight': False, 'lunch': True, 'dinner': True, 'breakfast': False, 'brunch': False}","HasTV: True","NoiseLevel: average","OutdoorSeating: True","RestaurantsAttire: casual","RestaurantsDelivery: True","RestaurantsGoodForGroups: True","RestaurantsPriceRange2: 2","RestaurantsReservations: True","RestaurantsTableService: True","RestaurantsTakeOut: True","WheelchairAccessible: True","WiFi: free"],"categories":["Indonesian","Restaurants","Asian Fusion"],"hours":["Monday 17:0-21:0","Tuesday 17:0-21:0","Wednesday 17:0-21:0","Thursday 17:0-21:0","Friday 11:0-14:0","Friday 17:0-22:0","Saturday 17:0-22:0","Sunday 17:0-21:0"],"type":"business"},"user":{"name":"Sathish","review_count":11,"yelping_since":"2011-06-14","friends":["None"],"useful":5,"funny":0,"cool":1,"fans":1,"elite":["None"],"average_stars":3.91,"compliment_hot":0,"compliment_more":0,"compliment_profile":0,"compliment_cute":0,"compliment_list":0,"compliment_note":1,"compliment_plain":0,"compliment_cool":0,"compliment_funny":0,"compliment_writer":0,"compliment_photos":0,"type":"user"}}
