{"review_id":"h6V4GHmnxqSBEQ8uXw71Uw","user_id":"FOWA8FFZbWLMum6P2jIdgQ","business_id":"Fr3Dz0_fOSGBroXEUF9BiA","stars":3,"date":"2013-06-18","text":"This place is a little snazzier than some of the other <gin> joints in the area, and they specialized in <cocktails> and <infused drinks>.  The <beer> drinkers in the group weren't as happy as the cocktalians, but the service was good, the prices were right and I was pretty happy with drinks.  I could have lived without the big screen TVs, but I guess that's not going to happen in a college town.","useful":0,"funny":0,"cool":0,"type":"review","restaurant":{"name":"Madison's","neighborhood":"Capitol","address":"119 King St","city":"Madison","state":"WI","postal_code":"53703","latitude":43.0745303938,"longitude":-89.3805308097,"stars":3.5,"review_count":97,"is_open":1,"attributes":["Alcohol: full_bar","BestNights: {'monday': False, 'tuesday': False, 'friday': True, 'wednesday': False, 'thursday': True, 'sunday': False, 'saturday': True}","BikeParking: True","BusinessAcceptsCreditCards: True","BusinessParking: {'garage': False, 'street': True, 'validated': False, 'lot': False, 'valet': False}","Caters: True","CoatCheck: False","GoodForDancing: True","GoodForKids: False","GoodForMeal: {'dessert': False, 'latenight': True, 'lunch': False, 'dinner': False, 'breakfast': False, 'brunch': False}","HappyHour: True","HasTV: True","Music: {'dj': True, 'background_music': False, 'no_music': False, 'karaoke': False, 'live': True, 'video': False, 'jukebox': False}","NoiseLevel: loud","OutdoorSeating: True","RestaurantsAttire: casual","RestaurantsGoodForGroups: True","RestaurantsPriceRange2: 2","RestaurantsTakeOut: True","Smoking: no","WheelchairAccessible: False","WiFi: free","Ambience: {'romantic': False, 'intimate': False, 'classy': False, 'hipster': False, 'divey': False, 'touristy': False, 'trendy': False, 'upscale': False, 'casual': False}"],"categories":["Restaurants","Bars","Nightlife","Lounges","American (New)"],"hours":["Monday 16:0-2:0","Tuesday 16:0-2:0","Wednesday 16:0-2:0","Thursday 16:0-2:0","Friday 16:0-2:30","Saturday 10:0-2:30","Sunday 10:0-15:0"],"type":"business"},"user":{"name":"Rich","review_count":182,"yelping_since":"2010-12-06","friends":["Vj9mitg3TE4Sf5fiowDxaQ","_muhtS8ZFnV61s7Q4JXDwQ","WO6L5yMX5LEeJuMNMjerRQ","0pb7fWD194iTqPMFAG5Oxg","G5lIZFUf5Pfg2qSJ7Pt_zw","C7RxVR2puvw0ZoEQWAw1-A","O6H0451Ou_eqUmVFYSArMg","P_aschR3ZnNyIp0DOzvgCw","ygyJfIZQIt084ETzJKaj_A","1JfHD63MIZbOjrYQ74vzvQ","fBIUBf3pVTsJTYEP5aW4qQ","dOyCM_IwdkOyIreMP708pg","YquuKjX350bZFAOV4NaRrw","0z_sPC3BJ_qIH21h58A86Q","BHPsLbyUgCzoZywlNhl9Fw","7tHVXijJa7OlraqMXtE6Gg","W48aWI8oACKFjTt1hBZb8A","x9_PlX0NfNsL8jLIIoyMFA","-RGgPpj05cxxcVVq28rIXg","aaEr2-3Qaa4jo9rkjiqibA","QjXqpisBVIDnshd_pYXMIg","kc0dF9tfw9o_fwQ9dABltQ","la_kIbStDiCMmWXPtS4uzg","8FVSZN3WdRb-6hQf_hypUQ","Xflos_NjAxc5mEwg-uaFNA","4_OVSuZ8N8gqyHQjV7W8Bg","BzcTU6B58qKZIbiikQBirQ","ET8n-r7glWYqZhuR6GcdNw","0goGSXxFbE85obb9v4OhUQ","-G7Zkl1wIWBBmD0KRy_sCw","_jqOM382Dhyqp2MN6A4t6g","AoQI0h3gvajBzU37LENNrA","LKNqydNTqkODVyRjP78aMg","_1BnDR_AmydLsfKctmYiJA","Z3SbFPFN9dUkXNr5xRy4gA","TR7ezcRznfr1Jif7euZZJg","qlWeTHEDp0ioCmlOb4t5wQ","lABhRt6E1lAvG68kqQZMow","MFVHPttPPtvd_7l7e1uKwQ","1Ko1CajA-khSe6OZH4AtDA","AFAZiwXJnqxczQc1YO1DaQ","F0xzQiUVQLz1K7XUTKiVdQ"],"useful":102,"funny":24,"cool":9,"fans":4,"elite":["None"],"average_stars":3.62,"compliment_hot":1,"compliment_more":0,"compliment_profile":0,"compliment_cute":0,"compliment_list":0,"compliment_note":14,"compliment_plain":17,"compliment_cool":14,"compliment_funny":14,"compliment_writer":5,"compliment_photos":1,"type":"user"}}
