{"review_id":"uBAr7o-KOP7SkeiL-BlGtQ","user_id":"z3WHx5PVY6BglO4d6Uo9Ww","business_id":"VfWX3UCKvUnVktdOuR8TwA","stars":2,"date":"2012-08-11","text":"Okay, I REALLY wanted to like this place! I am always looking for somewhere to get fresh, flavorful dishes...but I just felt like this was a bit of a miss.\n\n\nI ordered the <Seasonal Harvest noodles> with the add on of 4 haus dumplings. The <noodle> dish is vegetarian and changes depending on the veggies available. I am A-OK with vegetarian dishes, but not flavorless ones. This seriously tasted like plain <noodles> in water with carrots and bok choy. That's it. There was no seasoning whatsoever. The veggies were fresh and nice...but I was glad that I had gotten the <dumplings>(which were decent, but not amazing) to supplement. The <melon green tea> was refreshing, and sadly, my favorite part of the meal. \n\nThe man got the <pork potstickers> which, again, were okay but not amazing. \n\nI agree with the comment that prices seemed high. The <noodles> were around $9 with the mini order of <dumplings> an additional $3.50. Considering the fact that I left half my <noodles>(and not because I was full), it was spendy. \n\nI would like to go again and try the <bao>, and maybe a different <noodle> dish. Like I said, I REALLY wanted to like it. I hope to get the chance to update with an improved review in the future.\n\n*And as far as the review from C.L. about ordering non-<dumplings> from a place called \"Dumpling Haus\", I don't think that a place called the \"Chicken Shack\" has an excuse for having a crappy steak, if they choose to put a steak on the menu. \n\nIf <dumplings> are the only thing you do well, then maybe you need to just stick to <dumplings>.","useful":1,"funny":0,"cool":0,"type":"review","restaurant":{"name":"DumplingHaus","neighborhood":"","address":"540 N Midvale Blvd","city":"Madison","state":"WI","postal_code":"53705","latitude":43.0715635797,"longitude":-89.4521638379,"stars":4.0,"review_count":168,"is_open":1,"attributes":["Alcohol: beer_and_wine","Ambience: {'romantic': False, 'intimate': False, 'classy': False, 'hipster': False, 'divey': False, 'touristy': False, 'trendy': False, 'upscale': False, 'casual': True}","BikeParking: True","BusinessAcceptsCreditCards: True","BusinessParking: {'garage': True, 'street': False, 'validated': False, 'lot': False, 'valet': False}","Caters: False","GoodForKids: True","GoodForMeal: {'dessert': False, 'latenight': False, 'lunch': True, 'dinner': True, 'breakfast': False, 'brunch': False}","HasTV: False","NoiseLevel: average","OutdoorSeating: False","RestaurantsAttire: casual","RestaurantsDelivery: False","RestaurantsPriceRange2: 2","RestaurantsReservations: False","RestaurantsTableService: False","RestaurantsTakeOut: True","WiFi: no","RestaurantsGoodForGroups: False"],"categories":["Chinese","Restaurants","Vegan","Vegetarian","Dim Sum"],"hours":["Monday 11:0-21:0","Tuesday 11:0-21:0","Wednesday 11:0-21:0","Thursday 11:0-21:0","Friday 11:0-21:0","Saturday 11:0-21:0","Sunday 11:0-18:0"],"type":"business"},"user":{"name":"Kelly","review_count":173,"yelping_since":"2008-08-30","friends":["2MpP_mzVcYo1wp-1eA8j1w","MwrVty-K-1moZ5omVOBOJA","TOj5yZZEwS3J3fLgo3V3yQ","YSb8JRyI75M8FkbYWLH4UA","nfzdme1_TjrCHkQu3wV3lA","ouJuVAEPnnEC_zhcrSf5GA","a_amzPmwoXWtL4eKhGa7-g","Aw0x_dXz8rQbP6ZoYE8Y0g","wd3xoNaDLib8dhQ7BxUl6g","giqRUc_tUDpaNTF7E64oDA","BjyFROvDNvKaipeTw5QGgA","aCaWGbG_xNc0Kjz-GvnF0w","HNycc5PctOiR2PXb-TFCIQ","8ZLAklUl3vS9cnlwpv3v5g","CqH3DBzcNnn--yiReIK7UQ","JUT0U3HTSB3kz9Wh7N0GqA","tcWnoX_IfuDmlDl6o6y3_g","lrgq-Gr-l8m0v5WEmVXP6g","HuBgs7uHyUz7DzcaScZqjg","LRzgwZiWyFhT4NMDDZ2lhQ","OtWTlrMxgdPKzcmfB4Xn5w","pmPp2X8L1RO6_J4WgnjZdw","fJ_qSZH_akvWzHUPMqab1g","TBld0yjxnopCz_faRFIuxA","3mwqzfJCBbYSi_0Tpc_Abg","cjotiAHFSbFuvbxTWmGi1Q","3L7nHnaeSHSdZXzV_vdvAQ","358Zw9KXbTf-BI1ytwRWTA","tX0r-C9BaHYEolRUfufTsQ","x7u1pveICoOMn6osdojIOw","AmNfSNnKJHCCi6zYoQ6tjg","f7Emr9Q4H5r_jO_DW3QuIQ","w0SFya-MjUKIpEumUi1vvA","ftdc7cFdBdN9agj5dtdqfw","baXdUBF1d5FzbxdYCEuFgQ","7Ia5yRck89GVyHzWZKRAYw","o2kWxNEqYkMg3v93tO0dug","_cUtxCvCccwgNJzD5I0cDA","lcrcput-8GMw6St64LIr9Q","5MCBLBxr10NLUKZ4AboAMg","OquxmMWee5hhqulwkRVvVQ"],"useful":454,"funny":66,"cool":78,"fans":15,"elite":["2012"],"average_stars":3.61,"compliment_hot":6,"compliment_more":3,"compliment_profile":0,"compliment_cute":1,"compliment_list":2,"compliment_note":6,"compliment_plain":12,"compliment_cool":10,"compliment_funny":10,"compliment_writer":4,"compliment_photos":0,"type":"user"}}
