{"review_id":"ZU1Cv_KPJULCerBnHLBrAg","user_id":"MRx1AZo_Sw-cctdqKxUgFw","business_id":"15LVDu1_v97JEx-g97wnfA","stars":4,"date":"2016-08-14","text":"Question. Are the hipsters of Madison born in dairy barns? Apparently so as two tables of ten total were screaming at the top of their lungs. It sounded as if the Badgers and Spartans were in overtime and the Big Ten title was on the line.\n\nThe food was good. Price was fair.","useful":1,"funny":1,"cool":1,"type":"review","restaurant":{"name":"Salvatore's Tomato Pies","neighborhood":"Tenney - Lapham","address":"912 E Johnson St","city":"Madison","state":"WI","postal_code":"53703","latitude":43.0848916371,"longitude":-89.3759002537,"stars":4.5,"review_count":131,"is_open":1,"attributes":["Alcohol: beer_and_wine","Ambience: {'romantic': False, 'intimate': False, 'classy': False, 'hipster': False, 'divey': False, 'touristy': False, 'trendy': False, 'upscale': False, 'casual': True}","BikeParking: True","BusinessAcceptsCreditCards: True","BusinessParking: {'garage': False, 'street': True, 'validated': False, 'lot': False, 'valet': False}","Caters: True","GoodForKids: True","GoodForMeal: {'dessert': False, 'latenight': False, 'lunch': False, 'dinner': True, 'breakfast': False, 'brunch': False}","HasTV: False","NoiseLevel: average","OutdoorSeating: True","RestaurantsAttire: casual","RestaurantsDelivery: False","RestaurantsGoodForGroups: False","RestaurantsPriceRange2: 2","RestaurantsReservations: False","RestaurantsTableService: True","RestaurantsTakeOut: True","WiFi: no"],"categories":["American (New)","Mexican","Restaurants","Pizza"],"hours":["Tuesday 16:0-22:0","Wednesday 16:0-22:0","Thursday 16:0-22:0","Friday 16:0-23:0","Saturday 16:0-23:0","Sunday 16:0-21:0"],"type":"business"},"user":{"name":"Dave","review_count":64,"yelping_since":"2014-11-24","friends":["tSF1V1niHF_R7Yu8G7q-1g","i4GAomrj1oyAvv0aS9z5Kg","GCAYup0s9eGAuW9NBQASDQ","mW3VVTctbIUqdOB-Oqylqw","EMMKdK1cGrLSo08wgSYHJQ","MdD3dVgBavfo8Fn6KVWqPg","I9PpxV1JrGATW-u3gew3Ew","JfuMTwcrP6VCjSl6c2VWHQ","zE7Hq2HVduhKvmzr87HL3g","ljmtY2dfM-i_lBEam_3IxA"],"useful":151,"funny":10,"cool":7,"fans":1,"elite":["None"],"average_stars":3.85,"compliment_hot":0,"compliment_more":0,"compliment_profile":0,"compliment_cute":1,"compliment_list":0,"compliment_note":4,"compliment_plain":3,"compliment_cool":0,"compliment_funny":0,"compliment_writer":1,"compliment_photos":1,"type":"user"}}
