{"review_id":"KM0CxqWWOgoJgOy_yTa8lQ","user_id":"Ox3L-za2jio8KkHdARMWkA","business_id":"imZohCOk7J44metzGKHUkw","stars":3,"date":"2015-04-10","text":"Again, one of those good Mediterranean places you will want to go back to.\nWe've ordered here twice and both times we got it to-go. Their service has been fast both times. Another place where I loved the Tzatziki sauce - thicker than most places but tastes very good.\nWhat we ordered:\n<Spinach pie> - 4.5\nReally good. Both times a hit!\n\n<Chicken Souvlaki> - 3.5\n3 for the chicken kebab.\n3.5 for the green beans and tomato.\n(With the tomatoes I got the taste like they were canned tomatoes)\n5 for the Tzatziki sauce.\n\n<Veggie Combo> - 4\n4 for the herby crunchy flavored falafel.\n3.5 for the hummus. Thicker than most places but good taste.\n4 for the spinach, and cheese triangles though I liked the spinach better.\n3.5 for the dolmades this time because the leaves were a bit tough to chew.\n5 for the Tzatziki.\n5 for the tomatoes, feta and olives!\n\nOverall we'll give it a 3.5 because the chicken could have tasted better and the green beans and tomato didn't taste fresh (though they had some good flavor)\n\nService - 4\nBoth times order was fast and friendly\n\nPrice - for the portions served I think reasonable $$","useful":0,"funny":0,"cool":0,"type":"review","restaurant":{"name":"Atlantis Taverna","neighborhood":"","address":"239 E Main St","city":"Sun Prairie","state":"WI","postal_code":"53590","latitude":43.1828511,"longitude":-89.2115121,"stars":4.5,"review_count":61,"is_open":1,"attributes":["Alcohol: full_bar","Ambience: {'romantic': False, 'intimate': False, 'classy': False, 'hipster': False, 'divey': False, 'touristy': False, 'trendy': False, 'upscale': False, 'casual': True}","BikeParking: True","BusinessAcceptsCreditCards: True","BusinessParking: {'garage': False, 'street': True, 'validated': False, 'lot': False, 'valet': False}","Caters: False","GoodForKids: True","GoodForMeal: {'dessert': False, 'latenight': False, 'lunch': False, 'dinner': True, 'breakfast': False, 'brunch': False}","HasTV: False","NoiseLevel: average","OutdoorSeating: True","RestaurantsAttire: casual","RestaurantsDelivery: False","RestaurantsGoodForGroups: True","RestaurantsPriceRange2: 2","RestaurantsReservations: True","RestaurantsTableService: True","RestaurantsTakeOut: True","WheelchairAccessible: False","WiFi: no"],"categories":["Mediterranean","Greek","Restaurants"],"hours":["Tuesday 16:0-21:0","Wednesday 16:0-21:0","Thursday 16:0-21:0","Friday 16:0-21:0","Saturday 11:0-21:0","Sunday 16:0-21:0"],"type":"business"},"user":{"name":"Srita","review_count":24,"yelping_since":"2013-06-26","friends":["4hVd5nNzo6QFO6QvyMtFGA","fvq_pYyhjypxjPp_WPkOmA","6rdGhTVWdJ3S6J9Xe7nsJg","nYd2iyETcfA5-zN6vri1DA","nq029EDxsnu760cB4p3Ckg","XNN0JuAdglE9oIRnMQNF-w","RcdD5m6IN76RInGDV45qOQ","Y4U9MsK05pYeypnSKHI2CA","O2Xvk65qYRYjuXjagCTPnA","vpa3kxGUaImnHM06tUMQjw","4_TUwDvHRKMcQVaM9CechA","izeheJfNA6oTaTR75qCfoQ","TvRaGF8ZURiA-m1qQY6YLw","1EFW8CDUo7fJFehG02hiSw","FFnJa2R64HrrzxGy_7_wLw","9U7iUberDG0J_QwQ7bFEMQ","UGHhqtP6d1DG9KHJDOx72g","Q5Xp0klxPsK3NhRWTf_jYw","HjWNWAEHSewgmai6nZpnWw","EGZvqJhyKwRmynhRnD1hPQ","7AoDWUBEADYOC1NHIA3nCA","rQ6RhKNAm2fubVCwREV3JA","KxJNBJM01iCLPxeTqafyvg","TVF136DLFHhQ_TCR_LYQkg","VivqgGT_BBFGVpuO_WFX_g","LJu3HFwpuvIyPUUCBgNd2g"],"useful":37,"funny":5,"cool":4,"fans":0,"elite":["None"],"average_stars":3.82,"compliment_hot":1,"compliment_more":0,"compliment_profile":0,"compliment_cute":0,"compliment_list":0,"compliment_note":0,"compliment_plain":1,"compliment_cool":1,"compliment_funny":1,"compliment_writer":0,"compliment_photos":2,"type":"user"}}
