{"review_id":"WWN_I-UBr7csbpCXr1QhQg","user_id":"rJOa2MjjVF7aejOyusv9qQ","business_id":"SBnpT6JDbah-5l_52GM5sw","stars":1,"date":"2015-01-15","text":"I've been to this place many times, most often meeting friends for drinks. At times, the <house red wine> has been nearly undrinkable, and I'm pretty easy to please with <wine>. I ate dinner there with a group of 6 about a year ago, and we all agreed that the seafood did not taste fresh at all and the dishes were not creative or really very flavorful. I probably should have learned my lesson, but I went back recently to try their happy hour <oysters>. I received a plate of <east coast oysters>, many of which were so small that they didn't even appear to have anything in the shell. Most places would give these away as an extra on the plate for free. \n\nIt's too bad- this place has great ambiance, and they usually have a good tap list of <beers>, but don't bet on the food. I'm amazed at the rave reviews I always see...","useful":0,"funny":0,"cool":0,"type":"review","restaurant":{"name":"Sardine","neighborhood":"Williamson - Marquette","address":"617 Williamson St","city":"Madison","state":"WI","postal_code":"53703","latitude":43.0762344343,"longitude":-89.3740855094,"stars":4.0,"review_count":323,"is_open":1,"attributes":["Alcohol: full_bar","Ambience: {'romantic': False, 'intimate': False, 'classy': False, 'hipster': False, 'divey': False, 'touristy': False, 'trendy': True, 'upscale': False, 'casual': False}","BikeParking: True","BusinessAcceptsCreditCards: True","BusinessParking: {'garage': False, 'street': False, 'validated': False, 'lot': True, 'valet': False}","Caters: True","GoodForKids: False","GoodForMeal: {'dessert': False, 'latenight': False, 'lunch': False, 'dinner': True, 'breakfast': False, 'brunch': True}","HasTV: False","NoiseLevel: average","OutdoorSeating: True","RestaurantsAttire: casual","RestaurantsDelivery: False","RestaurantsGoodForGroups: True","RestaurantsPriceRange2: 2","RestaurantsReservations: True","RestaurantsTableService: True","RestaurantsTakeOut: True","WheelchairAccessible: True","WiFi: no"],"categories":["American (New)","Restaurants","French"],"hours":["Monday 17:0-22:0","Tuesday 17:0-23:0","Wednesday 17:0-23:0","Thursday 17:0-23:0","Friday 17:0-0:0","Saturday 9:0-0:0","Sunday 9:0-21:0"],"type":"business"},"user":{"name":"Marcia","review_count":7,"yelping_since":"2011-03-10","friends":["None"],"useful":0,"funny":0,"cool":0,"fans":0,"elite":["None"],"average_stars":3.0,"compliment_hot":0,"compliment_more":0,"compliment_profile":0,"compliment_cute":0,"compliment_list":0,"compliment_note":1,"compliment_plain":0,"compliment_cool":0,"compliment_funny":0,"compliment_writer":0,"compliment_photos":0,"type":"user"}}
