{"review_id":"cPgJvvZa4Tnya-Ybx4dKnA","user_id":"XMKMGhFRcYaiD_uVBFuuwQ","business_id":"aWYWNfHuQJyRwDHaHq8X1w","stars":5,"date":"2015-07-08","text":"Updating to say that brunch at Tex Tubbs is truly a revelation. I want to eat the <blue corn pancakes> with spicy maple syrup every day of my life. The <brisket breakfast burrito> is to die for as well. Definitely give them a try for your next weekend brunch!","useful":1,"funny":0,"cool":1,"type":"review","restaurant":{"name":"Tex Tubb's Taco Palace","neighborhood":"Williamson - Marquette","address":"2009 Atwood Ave","city":"Madison","state":"WI","postal_code":"53704","latitude":43.0920977,"longitude":-89.3547317,"stars":3.5,"review_count":242,"is_open":1,"attributes":["Alcohol: full_bar","Ambience: {'romantic': False, 'intimate': False, 'classy': False, 'hipster': False, 'divey': False, 'touristy': False, 'trendy': False, 'upscale': False, 'casual': True}","BYOB: False","BYOBCorkage: yes_free","BikeParking: True","BusinessAcceptsBitcoin: False","BusinessAcceptsCreditCards: True","BusinessParking: {'garage': False, 'street': True, 'validated': False, 'lot': True, 'valet': False}","Caters: True","Corkage: False","GoodForKids: True","GoodForMeal: {'dessert': False, 'latenight': False, 'lunch': False, 'dinner': True, 'breakfast': False, 'brunch': False}","HasTV: True","NoiseLevel: average","OutdoorSeating: False","RestaurantsAttire: casual","RestaurantsDelivery: False","RestaurantsGoodForGroups: True","RestaurantsPriceRange2: 2","RestaurantsReservations: False","RestaurantsTableService: True","RestaurantsTakeOut: True","WheelchairAccessible: True","WiFi: free"],"categories":["Restaurants","Mexican","Tex-Mex"],"hours":["Monday 11:0-21:0","Tuesday 11:0-21:0","Wednesday 11:0-22:0","Thursday 11:0-22:0","Friday 11:0-23:0","Saturday 10:0-23:0","Sunday 10:0-21:0"],"type":"business"},"user":{"name":"Katie","review_count":50,"yelping_since":"2012-06-29","friends":["6H4L8I0-8VAjsvieQ-awaw","LBGVtPFlxkzAWJPW5KhPNA","naB8eyHBnGm8cb2cc1dIog","ERz34_IcomcuN45Fkp7noQ","15Ad3_2gUqrVd-R2B5L6ow","MuD5KX_jd57JcTWfaiHhCA","rqQWl2k10YOaPo8_PfTrbA","LGUPaB3a4YSaKLw8pdlCbg","ve8EE5HjI3mdQxMe22T3Jw","BBYDv1wXz9i9VTIZaHH-9w","-KSF-4tHMcvu2wDO5xdkSw","9sYv4fqS357F7VRCnSf0AA","5MKqkzDbludCpSqBlZU3Kg","NGhXWYWbSKj4sn-8QJzPJw","7YYBBADIT4opUSNdeNCAyA","XieuQ3d_tsiXUo7MNzvmJg","wd3xoNaDLib8dhQ7BxUl6g","jg_31pf4xv1As-juGI5wRQ","VbxGVU7QyGeZkJW_4AXuFw","8teQ4Zc9jpl_ffaPJUn6Ew","2Qg0mdX6JDX3OSjihQK1VA","qzrgMvoe0wO8_hxSXMetzA","JfuMTwcrP6VCjSl6c2VWHQ","BS3qOK1iRLcWtoV9KnwyXg","N7uJjYkmJaYMgvkQsaiYug","rfp862Mp_WrpCAGtIP9GrA","HNycc5PctOiR2PXb-TFCIQ","HBCYgFJ3RDLRWGkf1YsBQA","uzeixno7jpcN3qLmHPHy1Q","RTWsMisf73pGnbagf1vmvg","3S7cA5U-pGl1mC_9J0nTcw","9w6LUMlXvcXd-8QDC1NypQ","JUT0U3HTSB3kz9Wh7N0GqA","LTvTGJ1fxfbwHLEQsmvuUQ","mUHJuirfyq3EsgNbhTkj2A","YiVEiS39F_iFU7WBOgf4gw","6L8EtIrbYQlPeQ0KZyGaVQ","shHunTcVyeQg79h-dzod0A","C4zmzpA3lFVdxjEH6_NAEg","ag94xS5qVcMGVlyTT1STCQ","_maFz9Z3oSFzM82MDZOnJw","M_UuEwc_HoqPhqgEzkjPrg","pcCDmLoq7ZIH3iWr_Pml8Q","4diz_mcz2SiO1q8au1p8Lw"],"useful":33,"funny":17,"cool":15,"fans":3,"elite":["2016","2015","2014"],"average_stars":3.63,"compliment_hot":13,"compliment_more":1,"compliment_profile":0,"compliment_cute":0,"compliment_list":0,"compliment_note":4,"compliment_plain":6,"compliment_cool":9,"compliment_funny":9,"compliment_writer":10,"compliment_photos":1,"type":"user"}}
