{"review_id":"oMAvqbvAM1DjshCm_52hJw","user_id":"8W7y3isB4D_INcJvaCyISw","business_id":"M25NgFDHrozQn4MhIsEpRw","stars":5,"date":"2012-07-18","text":"So I'm sitting in Bistro 101 with my 2 year old after a private party that I was not invited to, punching at my laptop, sipping on something dark and yummy from a Spring-Green Brewery.\n\nI'm playing hookie you see, checking in virtually every couple hours so they don't realize that I'm not in the office - God Bless big Corporate America and the immigrants who make it great.\n\nDespite being closed, the proprietor let us in in while mummy checked out the trolls in town.   I can't vouch for the Cuisine other than the delish <OatMeal-Coconut> cookies we were given, but the hospitality here will certainly bring me back for a meal someday.","useful":2,"funny":2,"cool":2,"type":"review","restaurant":{"name":"Bistro 101","neighborhood":"","address":"101 E Main St, Ste 150","city":"Mount Horeb","state":"WI","postal_code":"53572","latitude":43.008397,"longitude":-89.739315,"stars":4.0,"review_count":23,"is_open":1,"attributes":["Alcohol: full_bar","Ambience: {'romantic': False, 'intimate': True, 'classy': False, 'hipster': False, 'divey': False, 'touristy': False, 'trendy': False, 'upscale': False, 'casual': False}","BusinessAcceptsCreditCards: True","BusinessParking: {'garage': False, 'street': True, 'validated': False, 'lot': False, 'valet': False}","Caters: False","GoodForKids: False","GoodForMeal: {'dessert': False, 'latenight': False, 'lunch': False, 'dinner': False, 'breakfast': False, 'brunch': False}","HasTV: True","NoiseLevel: average","OutdoorSeating: False","RestaurantsAttire: casual","RestaurantsDelivery: False","RestaurantsGoodForGroups: True","RestaurantsPriceRange2: 3","RestaurantsReservations: True","RestaurantsTableService: True","RestaurantsTakeOut: False","WheelchairAccessible: False"],"categories":["American (New)","Mediterranean","Restaurants"],"hours":["Tuesday 16:0-21:0","Wednesday 16:0-21:0","Thursday 16:0-21:0","Friday 16:0-21:0","Saturday 16:0-21:0"],"type":"business"},"user":{"name":"Ian","review_count":10,"yelping_since":"2011-03-22","friends":["B70CoI3qXsyZr2MIU_5BmQ","ZgS_wIVgxJqlV4NKk6jotg","TipjMFyNBGkliOQ0-LBLWg"],"useful":1,"funny":0,"cool":0,"fans":1,"elite":["None"],"average_stars":4.3,"compliment_hot":0,"compliment_more":0,"compliment_profile":0,"compliment_cute":0,"compliment_list":0,"compliment_note":1,"compliment_plain":0,"compliment_cool":0,"compliment_funny":0,"compliment_writer":0,"compliment_photos":0,"type":"user"}}
