{"review_id":"AfJEIgrUGiNferPZ3SrVjw","user_id":"9Whz5AGTTAXn1ID9SmbxHw","business_id":"y2YHddCEO-OLukNppajGIQ","stars":2,"date":"2017-01-17","text":"I wandered into Double S BBQ with my husband on a chilly evening, excited to try some barbecue. It was cute with rustic decorations inside. There were several tables available, with a few people watching a football game on TV, so we were seated quickly. Our server was friendly and chatted with us throughout our meal.\n\nWe had a couple of <Spotted Cows>, and perused the menu. There are options for your traditional meat plates with sides like most BBQ spots, as well as some sandwiches and a few Cajun options. We chose different <brisket> plates, and the server described the two different sauces and chatted with us while we waited briefly. The food was out very quickly! \n\nMy star review mostly stems from the food, which wasn't the greatest. The <brisket> was bland, and I found myself dousing it in sauce. There was a sauce that was \"hot,\" but as spicy-food lovers, we didn't think it hit the right amount of heat. I didn't like my <cornbread> at all, and gave it to my hubby, who did say that he enjoyed it. I felt a little disappointed because I had basically eaten a plate of meat (that I thought was just ok) and no side. \n\nThe server encouraged us to try the <buttermilk pie>, and since I had some extra room in my belly, I agreed. We split a slice, and it was pretty good. They say it is award-winning!\n\nI'm hoping we came in on an off night, but I wouldn't jump at a chance to return, despite the friendly service and great location.","useful":2,"funny":0,"cool":0,"type":"review","restaurant":{"name":"Double S BBQ","neighborhood":"Vilas","address":"1835 Monroe St","city":"Madison","state":"WI","postal_code":"53711","latitude":43.0649127,"longitude":-89.4167127,"stars":3.5,"review_count":33,"is_open":1,"attributes":["Alcohol: beer_and_wine","Ambience: {'romantic': False, 'intimate': False, 'classy': False, 'hipster': False, 'divey': False, 'touristy': False, 'trendy': False, 'upscale': False, 'casual': True}","BikeParking: True","BusinessAcceptsCreditCards: True","BusinessParking: {'garage': False, 'street': True, 'validated': False, 'lot': False, 'valet': False}","Caters: True","GoodForKids: True","GoodForMeal: {'dessert': False, 'latenight': False, 'lunch': False, 'dinner': False, 'breakfast': False, 'brunch': False}","HasTV: False","NoiseLevel: average","OutdoorSeating: False","RestaurantsAttire: casual","RestaurantsDelivery: False","RestaurantsGoodForGroups: True","RestaurantsPriceRange2: 2","RestaurantsReservations: False","RestaurantsTableService: True","RestaurantsTakeOut: True"],"categories":["Barbeque","Restaurants"],"hours":["Tuesday 11:0-20:30","Wednesday 11:0-20:30","Thursday 11:0-20:30","Friday 11:0-21:0","Saturday 11:0-21:0","Sunday 11:0-20:0"],"type":"business"},"user":{"name":"Lauren","review_count":206,"yelping_since":"2011-12-12","friends":["w6u2kDf5aOxyC3YCdC-0Bw","yX6miszwwodkYGLBg7UEmQ","IvGoufvuI6qqHXbeWSSAhQ","-FXTpj61lN5pOAV8QKymsw","9nrHluRLJqbvVm6NS0SK2w","GOhZk5HD5Imtk2chfTBpxA","UnLs4RUuKfdIxe7t1L9dmQ","icDKiwXWfvuO43tEFNXpAw","SW9LqhbCkfJ4PmdO5CLqfA","k1WjXpc0WjJSKdlovXHpSg","ldtxYghu6OLAMxRkkKh3uA","cufhYFdyrUAt4SWe-m0grQ","kbvrKUqzY0uWp1IqmvM06Q","TWkZAEsuxaidX4HOMRnRAQ","HMZUSyK1Jx_p-kXYgFo4SA","uudx4LZBtrCVF38bC1ZVcw","cmv_GxYfNTwg-ub8XcoTUw","n0rCENP2mW3JZIPBlJh5Vw","xQ6Vc9YHh6JU2JltPZcEiA","zHWQe2LR1EgRSqvgO-A1ow","QljBzUHatUA-skzvDcW9fA","f5K81kHTFniTSJAVewcuDg","oVLP-SMACURdbh0uBRFyhw","I5T2wlK09lW_px_XQNFuHQ","yk5b-3XsIlFGhNpIdpIhbw","HuBgs7uHyUz7DzcaScZqjg","f7jg69qMuLExp9SMh-lYwA","-_3Hsv4OGT3PAGt3lKpA7A","UIDFWkWEenhzQi-lvW_aNA","vfFfgvJ3UcL7qDobohJFsA","P7K_mcjuYvW9pxVi-NBkfA","kWAr2praLHlyXIdTzyzJRg","MhwMthd3skxGLjx4iJP2gA","tsayelCl-hTv3eD0h0HCag","jL1TI1E0Yc0y-yQKCh307A","pK5BlSii9KS5_ovOkIPRpQ","35rPFixK1aLtysqHGjfvkg","6omYIh_HF-LkJLB3BLyCLw","-PPiOpgM2Lrgt1RdfWnKOw","a010w8zqtYr51YN1Fsh-wA","Ozp9AQ9EOaw3ZQnVE6TDFA","o_dnYeUV51qnJ7ljJX9unQ","Yelk8C_zGCHYPgd8K4BGPQ","yQP5cL-4S8E62bY7GRww7g","bLeL8A7cFNsDFZfVov8Uyg","0xtQhm-bgsChieExzKwXZg","Rvedsi64_OHZpvLCyFy45g","lZEuQBeJpytQ760LiMMgqA","U1PxYSN8mC4gnLm45whoZw","ylVaJFWAO9sDmvNhbrVS5w","VIWvjWGNoQYC8tk3Cm3AKg","u2Ot-vfB-M9gnE8_ElJf9Q","bsMGQruRQGgQZK4KA9Q4Aw","oXBhr-GbxjceT-g1UjBqLw","WpuS4-OHZ62MMtEoJYm0og","_iwHp4XZyMguE8d8xdK0IQ","XmUoErm8KkfP_ti71nXgAg","3lBt1J_bdtg4dOzdrIXNNQ","1fQGO1GPhycpCMDT12A_VQ","UZ5IWDJvlWQGQjT4tMRG2g","DTOErzkuQn7tN5o55B9ZNg","q-dMiIe-eRGY_DUkXvmXMA","oIzj_Uf0qlPmBsCEDirb0Q","pPJcMzMyCE8VfKkP17zYbg","mrPubn9rD6U-jGE61O49fA","-WM58wLjtlHlR91xVfM1FQ","tXKTfiUh_3R1En0xYonXdw","tAxvfDhSaVpDLPCql-hYDA","RX0GPUmx4wJ8zxP1Mq0tPA","VszntzZdBCSfhKLyIAl2gg","XXCyhaUd59R-XfrxYoen1w","rQpeGsQxKeImuUS3QP7OcA","XqwYU6giiq7VRK-8OXVNhQ","m4dSnU2qlfp9SOiegeNHFQ","xyI5NjReTyYYarjI9T5J3w","Bv_1C57JuBM9j2BbbwQ1bg","uzb2jxTuLTYCk-EH2U-OBg","O64QDU2gZdLTRc4QR9v1Pw","_eg2CLnDVbuyDKyUg1gAVA","x7u1pveICoOMn6osdojIOw","qtSsr9p8wEXX1c2uvFS2Pw","ypygLCLuqM7CPc7qP7KSLA","kRenISsRpW3Q1rqZt38Leg","8sDoS784ASdSJqj25PFi1w","HmGdh4303MWoozdk1y6l-Q","ztws6Iqe5z1R-5_l7wmTUA","e19cPYebP6K74VZXqQ2WVA","nrJGfWPmF3PrfNmol07z3w","GAV_60khuZhpYoJEc79ytA","kO9q8ya-wCN892YVrF0xaQ","K6Rp_NKwx-x0oU49hMyHpw","AxfLs-3fwGyBM0KJd7ttdA","cpGVkaanxoGpQjO4uORoeA","-mHA7PKSLHL-jFyUhX5RCw","8EipJXehR14DD9x9N7RSSw","3XPtoaPTi88KReXj0ZzeZQ","3msil8-JDkqk-xvdPss-_A","pjMAKz7MOPpWJRZAceVbBQ","1sMZdqmCa_X2Lf_x6XOCFw","sC5uIGitrEfU2Jxt7vSDfw","Z9Gz-WLJr7Xw8DhMgvgXHg","WCTfZ-zUQNZqTb576kdnsA","RTmYP7K2ghk_vlIcI95XKg","7nCVnkTJes9ou6KePNGO2w","wm97KC6G0resSDXTmNIMKw","4YZlXvNQjRKBIlftOPB0KA","-cMzD6tow0ouk5fARHXlpQ","9VJa4yxtnLct0pN_1RcD_w","VatZipEmv3Wx5iQK0QL-pA","Qnzkl2_xZv_j_W2b5caqJA","rlVzn9Ic5G6BfS2l6rSbew","8_ElYrPoiczy10aoRST7CQ","bp9YJFS3StvJvsAywUDL0Q","ytYMkiTi8ZvJGC2G8xKS1A","2ps2ydes9a4rcki3xl80fg","yV5QNKl_OEB0RihgG4ikmw","jD_CBuQ4I-O7DCOTLFQQGQ","JQhOnIgDALdsXQkUwk7Z0A","CSgPOWEPsWLj_CzBjZcAdw","bxyyn0iHcfhLCzzph3LvyA","qTljdHYw4CU8ko8yhQel8Q","Oi1qbcz2m2SnwUeztGYcnQ","zIufhHmSo83J7fBs7z57mw","ElCGKd_SA8d2rhr9jRHoqw","hwp1-_Kka0qBaL75r2Ubmg","OMpiE0Iqs-sIgqh4T6xdTg","tmdXNvE6Hb72_2SG7CI57w","ayQYQSAAe45Zeeb2Bp4vgw","tS5qu1uKPSNZbXiZ389rVg","uu44PS5moEUcXywBAbcUOg","cBBBgO23_HujbGF8x_pP7g","Ub6HqZHMw94ok-aOZpw8_g","nkSKPsgGEWiEj6pQ3K7n9A","d5WLqmTMvmL7-RmUDVKqqQ","WtgL4dHqqFKPLNrjSECwlg","7PYozuIO2QCEwSkh2cK3kg","adtOywpRnG5-4mjQMQE1FA","SEZVQUIxNukcowUAR14VUQ","BMCeM0it9jneh9c5WzikUA","0L9QPoLhQocI67W5tOP_vg","HccaokEd8Wvk9_-taLzBCQ","dn5jriMniNJrcyD-UD_NNA","6ce1NSAUt1Kr7efrLI8XQA","rGcT5yvhM-_T0-OQPMdOvQ","d9NUkIQKg4O-5fr1xji_dg","GRz0-_2PwdZcrf-zBNFGnA","sQKTMk0lDnQ1buIQjQ_9nA","coiOblhjUqN12lMKI9kUsA","ROEFEs8P_0W467-3f8h72Q","YU2SHK2KaJugXZCwKnMoCA","GMxzcQwOAbCKnoUVm5fwpA","ifjexvE6xa48QnTlOVmn0A","8Ae5cP3FzMERCc5pnifcxQ","JvLZ3E7i2wzv3ZTgF61Mdg","XzkaaiQKSBfEZi0vTdpFJQ","BFbenwcu5BTYSs2h_nF5Fg","l-CxlGobodYAqAs60CbrcA","QSA05SquUKJZnxasypxvjg","-BuhcKIN_7vXm59HAuAbsw","7vCCPqR9cJoy_AY0BkdyUg","uuhEjLKJfjH4MZqobsPFwQ","BA9DUyrmF04O3kTEzfJJYg","OtiIX_1b10xn5ijIRyJmSA","q10s3mM6fI4AP9pbf7PXGw","JP8MYGpgVX-R5BWOhTgzLg","sjxaPKn9mam1EgFdR6QlUQ","D5ooSteXaQEV_XVkZPqJFg","91swy_LSXRETGSAqEV0Oew","fJ_qSZH_akvWzHUPMqab1g","lGciH_Ej_ofLfu5T98PcyQ","WoKCLSctS7G2547xKcED-Q","5MKqkzDbludCpSqBlZU3Kg","ut0_rAUnJYkrAKQKHxbH5w","5iHg-PPMf_XYWCPWT4JXTw","GvxRE1-NZhAV3wDSFtvIfw","Gkfx0KDQfX2lDu7sCrkVig","twi3Ae-ykWnLMJxahIXKCg","uCsTJ2gNlfCizKMZDQG9zg","ww9zrBLvcsy3OyBGofSxrA","M-Zh6EXChxGc-9fNGBMQLw","mV4lknblF-zOKSF8nlGqDA","PVvXY6JuQGfdwaMWAWhXcA","AVboKqisM_NrRuUbjqPpAA","2Q20333I1tbdmRNCixvXnA","sgYjUinyeirKQ5aXWKjidQ","6DC0wklyCCirKpglOOCyow","-VOylYXNq7sG6As966yTxA","UTDR6KJAE8d_LdJ89pHSLw","crasIKQMgA3QIoNkQA3C8w","6Sx0VRYNWrPx0cmV8WUkEw","X3HWjRG28WYlt8hHv-JrfA","kWtm5f4hxznfvgNnUzNSdg","0iuWgNb-KbM8zY_xUKqObw","QfRT_kE-eYlzbxCO81xctQ","1icbHYjx64oSCG2cThjUeA","REzWaVZsoiuBwoAR3geU9Q","-H0eRkxwzPVaefxxBpemYA","ugbcM90uqiP_X3aL7X0NNw","yBpajT9TpzIpLtINu3Xl0w","Y1pbuZSl_PfjSG7bGgKlqw","G1h1gHD9q31P4b-sIBoz6w","60YygprFtZygN1lA4CHieQ","37m_0IfPibNqyPMbaurjVw","-5taYR7RP4a-moPqkzWJUg","GB8Ts1bKi20uPufp6b614g","rWxJKFRojGJ6GgU9WnXWHA","tuN4OIfwwDa-jkJ5nhsZlw","MMhEMK5sIVlDf_ffAzzVLw","HNycc5PctOiR2PXb-TFCIQ","15lpaZIh72pwP6lixe6jhQ","YttDgOC9AlM4HcAlDsbB2A","7vA_Vg24f3FPm_n481f0sQ","-LwzbkkiARkeQzgXnLdO6w","wJUGFDyoKrP4Rr5WD3wepw","P_zJ0bvns-RgGdCC2sNi2Q","UHMo08L6HffZqxiKGzL8tA","WG3w_73scm_JUWJ_3Lgn0Q","66gGJJZqKgLxGLA-IhjheA","VrEG36FSDaXlGx4_WmoU-Q","lQUozWeCalmc0RGDteXL3Q","DzYgTXurx7Biiqc_Cf34MA","letRprea5K4Qmw3xw83H6g","ux8wzgc8xEcnwExZWUY9Sg","mUgXciTe665GlmjMSmAAkg","-xr__Zqgwqhsfx0ThCn-ag","XmlqbZUGRAVXRO6x0LIRaQ","TvzNt0Mz7J31SJ87SnVO5Q","BLVfV_FEPTobDWkn0RLvTQ","qj8QMEey64VC0N30ilT9WQ","o9WyNGlA76Sjk3JxkTX8JQ","YNZcLev-cVsAtC4p2gozwg","SNyINzzouTZkdETQ62aZsg","xAf_PvRvElSuCEQJmM-3Tw","f4e5uNOwvvnH3ocZnw-wSA","lt4eQHZVGOzsIPAL-EbcOg","jSYKcVbdiXNpeBrhVwgkiA","FdXd7ArPJUXk0bKhl4D7pQ","8MnpYOOozlHEgkw_1XEdPg","BVHZ6w_YgA1lt8Rnq4NSCg","X--Rja6wtAupkKUG4cjiEQ","VKwIJhnGgyx8IBorTIi0pw","CZuacQaZ90fYKwVhy1aFzg","PCZPrX_ZUwEZIYzts0CsJg","wd3xoNaDLib8dhQ7BxUl6g","PeNKiSlrj1bgWoSAjVob8g","0gi3vWyQ5kVYsoKwknRRtA","HrSKF93cJhtQDRGztJkKRA","a_amzPmwoXWtL4eKhGa7-g","XsWXOKChrywVvRf56_f5OQ","pYSZIYu7oyCN8ibDjSIZKQ","r1DaKxM0KcblWAGpld-FEQ","cIEqkm4ZwsAjiOujXr6NOw","0v9ouDw3jLW4dAt9Z60dWg","bGyyqReFAoI5Tip59BYiLQ","7eXcdFSIz4eocDcJlbGHng","jF9SiGXiugLa10edYXEiig","WIBNwFxprxAK--BaSzuBhg","6jbc8qHidV305PNTMvw4cg","o_54UUaZ19t-v2MK5GVcnA","MAuTBrbJjkXBiqc8LcUuFQ","gFVLJRSTeHIQs97vIVGI-g","zBwHx9vyo7P0s7heFm2HZA","t_prCflpb3ihKzX5SjzfaQ","ZiAshDGMJKSiEPjRSNZcbw","yOPXwbkV994TFA0JUia6zg","_Oz_-_BrfcxqR3Uvwd4-BA","e1LFd9eVfdnt8n4pkk8Dfw","nvHLV4qbwvbKHSCP37xT-w","udrQGmTV2IywemXRT2h2uQ","kJAPXKexDlsRaUclpIpOPA","HQ24DSwYYtGgMKywVV36Og","p_XYHazGicNIAcPS4mY9uw","CxDk9I6JsH479sPHc07avA","ArlAlWraCxM98nhjYBg92A","BXuxdO-lBL4tdg1-AthsaQ","jLCG0hZ1GSi0ueDdidPQlg","bfAoM2YVg6MPKDHnqWuyzg","T5MUJWHyLOFf7rkUfGzDvw","2AQVUuQ_PVlr7ExdgHYRlA","2qKOL7C7WbG_M3EOWvTFxA","yR8-A4646jdmtkFqxETANQ","-NbeVN5tnwdyYAvdNkKMjw","1-akIvuhGcTnAD7JjcYJww","dBCcu2Zi4gT-oOOgBq6YjA","Ybo_47oIs5c-Dzkj7XPANQ","7an-zIbFKvGxjpeNN9H9ow","IbakDPisx1lMOVvGAaJLuQ","qhw0RjIGgStx7s4mjqkWFQ","VRiJ8JPmomjk8bS288wd-w","40YPBCW4IWxvgUMVgq78gg","1iQBAcZxphq2VMsF6KTSLg","DnqJXktzLqZv5_eh3pivKQ","Y5rUsIlWthKgVH4NFFQBYg","-YnR8oZMjKk-k4x-h4ql-w","3iG964CrWovPChkyLVW6yw","XU0mNDItlJIXF-AZFpsvkQ","m6jtQX9RVgJoX1vInPvzcw","_q2q9vBslJe_cRju_ggqSg","PxtTzk45ISAdLNDXfmII_Q","YyfoxEUgY9QJsqeu2ksttw","eigZw_Tn4TWJPSZ9UO9Auw","RpAIjUSDcKHh8fXJxZVqDw","_JndY3_3pSFRgLpauVUVNQ","erPml8U5V44S0N-wMRdcVQ","YSSxPBLLZqRStWjoWfPDjg","P02tbB66cuJ0Avr85nRfKg","RfZ9B2jmfUuqLK6T9f8KwQ","WYTtKmNKhqMMKP_LrcJ8xQ","8teQ4Zc9jpl_ffaPJUn6Ew","KMfO5MgIIT1m2V2vPfNNCw","ASXk5bqRBJc9onNuHgp1tg","KHh28X_iuAkSUyUzXWa9cQ","lchY7XsQ4jgMG4H5OVXlCw","AyYKTOCL5qM8589oBsqbfA","aAw4Cot8npZpMVOVZ9OkHw","AjmaPsB_CnmcXja247AuAQ","U1hdr4NRtJh-r6r59a-UPQ","rKhdA0yV1olAPf3PPuONoQ","WdoQnM-S8W3-IsU7a6CDDg","l1rG-X_xLHo47vB2JHvUpA","EPml8nNCcP1pq6KnPl0Y6g","p9Yujg24ku8JMhLe2rkgzw"],"useful":954,"funny":362,"cool":247,"fans":30,"elite":["2013","2017","2015","2014","2012","2016"],"average_stars":4.0,"compliment_hot":59,"compliment_more":5,"compliment_profile":1,"compliment_cute":8,"compliment_list":0,"compliment_note":47,"compliment_plain":75,"compliment_cool":96,"compliment_funny":96,"compliment_writer":37,"compliment_photos":6,"type":"user"}}
