{"review_id":"75llylWpg7-awhMY-lo2Qw","user_id":"BsY6L1sRAssh7JlZ2KCWgg","business_id":"okeUtkqtXlc8fjGuduJubg","stars":4,"date":"2015-12-06","text":"Good place to go for your standard American cuisine. Don't expect to be amazed but do expect good food, good bar food, that is.","useful":0,"funny":0,"cool":0,"type":"review","restaurant":{"name":"Black Bear Inn","neighborhood":"","address":"320 W Cottage Grove Rd","city":"Cottage Grove","state":"WI","postal_code":"53527","latitude":43.0861154,"longitude":-89.2070621,"stars":3.0,"review_count":13,"is_open":1,"attributes":["Alcohol: full_bar","Ambience: {'romantic': False, 'intimate': False, 'classy': False, 'hipster': False, 'divey': False, 'touristy': False, 'trendy': False, 'upscale': False, 'casual': False}","BikeParking: True","BusinessAcceptsCreditCards: True","BusinessParking: {'garage': False, 'street': False, 'validated': False, 'lot': False, 'valet': False}","Caters: False","GoodForKids: False","GoodForMeal: {'dessert': False, 'latenight': False, 'lunch': False, 'dinner': False, 'breakfast': False, 'brunch': True}","HasTV: True","NoiseLevel: average","RestaurantsAttire: casual","RestaurantsDelivery: False","RestaurantsGoodForGroups: True","RestaurantsPriceRange2: 2","RestaurantsReservations: False","RestaurantsTableService: True","RestaurantsTakeOut: True","WiFi: no"],"categories":["Restaurants"],"hours":null,"type":"business"},"user":{"name":"Jenn","review_count":15,"yelping_since":"2014-03-23","friends":["iDP5idC3C-X3s7q4Z20goQ"],"useful":3,"funny":0,"cool":0,"fans":0,"elite":["None"],"average_stars":4.38,"compliment_hot":0,"compliment_more":0,"compliment_profile":0,"compliment_cute":0,"compliment_list":0,"compliment_note":2,"compliment_plain":0,"compliment_cool":0,"compliment_funny":0,"compliment_writer":0,"compliment_photos":0,"type":"user"}}
