{"review_id":"GpT6o2XBFEtIlLQbZaQi1Q","user_id":"pE74I7bXpi65Skjm5aFR1w","business_id":"5uMfIYovqfgk41abdfFegw","stars":4,"date":"2012-05-11","text":"Good prices, low key atmosphere.  <Homemade chips> are very addicting!  Try the <Jordan burger>, it's absolutely my fav.  Great for lunch.  Overall the best bar food in Madison.  Can be really crowded for games and the parking is mostly street.  Also great Friday fish fry.","useful":1,"funny":0,"cool":2,"type":"review","restaurant":{"name":"Jordan's Big Ten Pub","neighborhood":"South Campus","address":"1330 Regent St","city":"Madison","state":"WI","postal_code":"53715","latitude":43.0679737,"longitude":-89.4082936,"stars":4.5,"review_count":78,"is_open":1,"attributes":["Alcohol: full_bar","Ambience: {'romantic': False, 'intimate': False, 'classy': False, 'hipster': False, 'divey': False, 'touristy': False, 'trendy': False, 'upscale': False, 'casual': True}","BYOBCorkage: yes_free","BestNights: {'monday': True, 'tuesday': False, 'friday': True, 'wednesday': True, 'thursday': False, 'sunday': False, 'saturday': False}","BikeParking: True","BusinessAcceptsCreditCards: True","BusinessParking: {'garage': False, 'street': False, 'validated': False, 'lot': True, 'valet': False}","Caters: False","CoatCheck: False","Corkage: False","GoodForDancing: False","GoodForKids: True","GoodForMeal: {'dessert': False, 'latenight': False, 'lunch': True, 'dinner': True, 'breakfast': False, 'brunch': False}","HappyHour: True","HasTV: True","Music: {'dj': False, 'background_music': False, 'no_music': False, 'karaoke': False, 'live': False, 'video': False, 'jukebox': False}","NoiseLevel: average","OutdoorSeating: False","RestaurantsAttire: casual","RestaurantsDelivery: False","RestaurantsGoodForGroups: True","RestaurantsPriceRange2: 2","RestaurantsReservations: False","RestaurantsTableService: True","RestaurantsTakeOut: True","Smoking: no","WheelchairAccessible: True","WiFi: free"],"categories":["Nightlife","Bars","Sports Bars","Pubs","Restaurants","American (Traditional)"],"hours":["Monday 11:0-2:0","Tuesday 11:0-22:0","Wednesday 11:0-2:0","Thursday 11:0-2:0","Friday 11:0-2:30","Saturday 11:0-2:30","Sunday 11:0-22:0"],"type":"business"},"user":{"name":"Laura","review_count":16,"yelping_since":"2012-01-06","friends":["CbjZM7FP6dbBHhYuGKuADA","f-ZXT6yrNGGb7UI-jOxE2w","cXzeuSGS1HCF6mYKn6bm7A","2MmnLVB3hJg0_tUMn63xDg","wmJsu8F-82nLLxq2cNASOA","SIKt7Vcvi7Qo6a2GTkd5Qg","S94-2s2JQY1GExNMf54CSA","JUT0U3HTSB3kz9Wh7N0GqA"],"useful":0,"funny":0,"cool":0,"fans":0,"elite":["None"],"average_stars":3.0,"compliment_hot":1,"compliment_more":0,"compliment_profile":0,"compliment_cute":0,"compliment_list":0,"compliment_note":1,"compliment_plain":0,"compliment_cool":0,"compliment_funny":0,"compliment_writer":0,"compliment_photos":1,"type":"user"}}
