{"review_id":"yVFyYj1oP4B6l7BD2W9-xw","user_id":"Lpt8cyQohSpkMTqpfyGsmg","business_id":"paNjgpMDRhNzBj6xzhHPVQ","stars":5,"date":"2012-01-05","text":"This is my favorite Mexican restaurant in town. Fast, friendly service, GREAT meat, always a tasty treat.","useful":0,"funny":0,"cool":0,"type":"review","restaurant":{"name":"Habanero's Mexican Grill","neighborhood":"","address":"2229 S Stoughton Rd","city":"Madison","state":"WI","postal_code":"53714","latitude":43.0651865,"longitude":-89.3083494,"stars":4.0,"review_count":108,"is_open":1,"attributes":["Alcohol: beer_and_wine","Ambience: {'romantic': False, 'intimate': False, 'classy': False, 'hipster': False, 'divey': False, 'touristy': False, 'trendy': False, 'upscale': False, 'casual': True}","BusinessAcceptsCreditCards: True","BusinessParking: {'garage': False, 'street': False, 'validated': False, 'lot': True, 'valet': False}","Caters: False","GoodForKids: True","HasTV: True","NoiseLevel: average","OutdoorSeating: False","RestaurantsAttire: casual","RestaurantsDelivery: False","RestaurantsGoodForGroups: True","RestaurantsPriceRange2: 1","RestaurantsReservations: False","RestaurantsTableService: False","RestaurantsTakeOut: True","WheelchairAccessible: True","WiFi: no","GoodForMeal: {'dessert': False, 'latenight': False, 'lunch': True, 'dinner': True, 'breakfast': False, 'brunch': False}","BikeParking: False"],"categories":["Mexican","Restaurants"],"hours":["Monday 10:0-22:0","Tuesday 10:0-22:0","Wednesday 10:0-22:0","Thursday 10:0-22:0","Friday 10:0-22:0","Saturday 10:0-22:0","Sunday 10:0-22:0"],"type":"business"},"user":{"name":"Jennifer","review_count":1,"yelping_since":"2012-01-01","friends":["None"],"useful":0,"funny":0,"cool":0,"fans":0,"elite":["None"],"average_stars":5.0,"compliment_hot":0,"compliment_more":0,"compliment_profile":0,"compliment_cute":0,"compliment_list":0,"compliment_note":0,"compliment_plain":0,"compliment_cool":0,"compliment_funny":0,"compliment_writer":0,"compliment_photos":0,"type":"user"}}
