{"review_id":"QehB22DJYyerqA1wFkcdgA","user_id":"kYOfefRxFoI4eeRX59ukZA","business_id":"HOCeog5qhTFVTJnHldF8kw","stars":4,"date":"2013-07-19","text":"A pretty good little breakfast and lunch diner. Some mornings it can be a little crowded and there may be a wait but it's certainly not too long. \n\nThe food is standard American \"diner\" fare. My only complaint is that everything seems to be cooked in butter.","useful":0,"funny":1,"cool":0,"type":"review","restaurant":{"name":"Fink's Cafe","neighborhood":"","address":"204 W Main St","city":"Mount Horeb","state":"WI","postal_code":"53572","latitude":43.008818,"longitude":-89.740633,"stars":3.5,"review_count":12,"is_open":1,"attributes":["Alcohol: none","Ambience: {'romantic': False, 'intimate': False, 'classy': False, 'hipster': False, 'divey': False, 'touristy': False, 'trendy': False, 'upscale': False, 'casual': True}","BikeParking: True","BusinessAcceptsCreditCards: True","BusinessParking: {'garage': False, 'street': False, 'validated': False, 'lot': False, 'valet': False}","Caters: False","GoodForKids: True","GoodForMeal: {'dessert': False, 'latenight': False, 'lunch': False, 'dinner': False, 'breakfast': False, 'brunch': False}","HasTV: False","NoiseLevel: average","OutdoorSeating: False","RestaurantsAttire: casual","RestaurantsDelivery: False","RestaurantsGoodForGroups: True","RestaurantsPriceRange2: 1","RestaurantsReservations: False","RestaurantsTableService: True","RestaurantsTakeOut: True","WiFi: free"],"categories":["Restaurants","Cafes"],"hours":null,"type":"business"},"user":{"name":"Jeremy","review_count":59,"yelping_since":"2008-02-11","friends":["None"],"useful":3,"funny":5,"cool":4,"fans":0,"elite":["None"],"average_stars":3.4,"compliment_hot":0,"compliment_more":0,"compliment_profile":0,"compliment_cute":0,"compliment_list":0,"compliment_note":2,"compliment_plain":1,"compliment_cool":1,"compliment_funny":1,"compliment_writer":1,"compliment_photos":0,"type":"user"}}
