{"review_id":"y7h1R3g5Wd47nH92K3o8OQ","user_id":"D1U0qNYvQg8bLT75pQJktw","business_id":"Z8SXv1u_6rKicQy9P7G6fw","stars":2,"date":"2016-01-03","text":"I haven't been here in years. I remember great food. I was wrong. The <chiles rellenos> were insanely greasy. <Beans and rice> have no flavor. My friend's dish was unmentionable and the <flan> was inedible.  \nThe service was great though!","useful":0,"funny":0,"cool":0,"type":"review","restaurant":{"name":"La Hacienda","neighborhood":"","address":"515 S Park St","city":"Madison","state":"WI","postal_code":"53715","latitude":43.0615157,"longitude":-89.4004109,"stars":3.0,"review_count":80,"is_open":1,"attributes":["Alcohol: full_bar","Ambience: {'romantic': False, 'intimate': False, 'classy': False, 'hipster': False, 'divey': False, 'touristy': False, 'trendy': False, 'upscale': False, 'casual': True}","BikeParking: True","BusinessAcceptsCreditCards: True","BusinessParking: {'garage': False, 'street': False, 'validated': False, 'lot': True, 'valet': False}","Caters: True","GoodForKids: True","GoodForMeal: {'dessert': False, 'latenight': True, 'lunch': False, 'dinner': False, 'breakfast': False, 'brunch': False}","HasTV: False","NoiseLevel: average","OutdoorSeating: False","RestaurantsAttire: casual","RestaurantsDelivery: False","RestaurantsGoodForGroups: True","RestaurantsPriceRange2: 1","RestaurantsReservations: False","RestaurantsTableService: True","RestaurantsTakeOut: True","WheelchairAccessible: True","WiFi: free"],"categories":["Mexican","Restaurants"],"hours":["Monday 9:0-3:0","Tuesday 9:0-3:0","Wednesday 9:0-3:0","Thursday 9:0-3:0","Friday 9:0-4:0","Saturday 9:0-4:0","Sunday 9:0-3:0"],"type":"business"},"user":{"name":"Sarah","review_count":85,"yelping_since":"2009-06-17","friends":["Ocz_Adp2JGTakaUq2m04fg","BnIp5wgoK_VFLIA2dnLoGQ","UbcS-3cj71WGTL_DNXhogw"],"useful":17,"funny":2,"cool":1,"fans":0,"elite":["2010"],"average_stars":3.42,"compliment_hot":0,"compliment_more":1,"compliment_profile":0,"compliment_cute":0,"compliment_list":0,"compliment_note":4,"compliment_plain":0,"compliment_cool":1,"compliment_funny":1,"compliment_writer":2,"compliment_photos":0,"type":"user"}}
