{"review_id":"94542Kr7YA7ramuZie10BQ","user_id":"tX0r-C9BaHYEolRUfufTsQ","business_id":"O615O_US381DcvkxwuEz7A","stars":5,"date":"2012-10-15","text":"I loved their intricate <coffee> types and decor that looked very eco friendly. I wish I had known that this location was so close to the lake earlier on during the summer so I could have enjoyed it but nonetheless I will definitely be grabbing a cup of <coffee> to go, bundling up and walking along the lake!","useful":1,"funny":0,"cool":0,"type":"review","restaurant":{"name":"Barriques","neighborhood":"Bay Creek","address":"961 S Park St","city":"Madison","state":"WI","postal_code":"53715","latitude":43.0568058641,"longitude":-89.3984472037,"stars":4.0,"review_count":39,"is_open":1,"attributes":["Alcohol: beer_and_wine","Ambience: {'romantic': False, 'intimate': False, 'classy': False, 'hipster': False, 'divey': False, 'touristy': False, 'trendy': False, 'upscale': False, 'casual': True}","BikeParking: True","BusinessAcceptsCreditCards: True","BusinessParking: {'garage': False, 'street': True, 'validated': False, 'lot': True, 'valet': False}","Caters: False","GoodForKids: True","GoodForMeal: {'dessert': False, 'latenight': False, 'lunch': False, 'dinner': False, 'breakfast': True, 'brunch': False}","HasTV: False","NoiseLevel: quiet","OutdoorSeating: True","RestaurantsAttire: casual","RestaurantsDelivery: False","RestaurantsGoodForGroups: True","RestaurantsPriceRange2: 1","RestaurantsReservations: False","RestaurantsTableService: False","RestaurantsTakeOut: True","WiFi: free"],"categories":["Food","Restaurants","Cafes","Coffee & Tea"],"hours":["Monday 6:0-20:0","Tuesday 6:0-21:0","Wednesday 6:0-21:0","Thursday 6:0-21:0","Friday 6:0-21:0","Saturday 6:30-19:0","Sunday 7:0-19:0"],"type":"business"},"user":{"name":"Pearl","review_count":99,"yelping_since":"2010-11-09","friends":["qDTwrRBQiW8ls2Xd2kXY2g","YyPghtND4oTpltrR20pStg","cv3Aixt7jwFDd4FAqu5w8A","BWkLftkjB-q444Vd-Cv2AA","VMJyqKGGHHPhx0ks6HVIzA","o9R582Y_ftwrPgHsjmc8oQ","cgyc9IfBvAYl2RIW2ZuI1A","5M_rJCu2RpgzU0D3fv00aQ","sxsK7TAfJzTvHTdXP2LYSw","Ry2t3MCZEH6WjP5BiLHeOA","Nwb9CPnmRJFBzQsXkCq7-w","wcmoOMmSsWO1b5YcFEJk4g","r3tjFwuUtaQI75CTeFEJFg","4GDDIoBtTsrtcqJjctWhDQ","L2K-uLBWc6d8QuxiNIzKmA","cJZckKetsio7VNqxwdn3FA","YSb8JRyI75M8FkbYWLH4UA","IFjHrGJ6dPx7mLNlfMJGIg","a_amzPmwoXWtL4eKhGa7-g","XlDfqBEZIFFM1USYwzgdow","eFYmnDgBN4cYaFbz_-teIw","ISJ860z59OPGcuBbo-kjXg","0FEDnjF6aT41ibFUWVF7eg","3LC2sKfvz_nWuJquUDsNnw","DLHWaGB-lV7q1EkkaoA-kg","_QO-xh_8IfeVNfNGbckSZw","3pcxVrauf2UiPsksgPAAGA","xQa55k6FDGISxZGLWvrxxQ","1M3hRMWFlpnZ1Te_XbESMg","E38KzMJ4JA73DVneiXFJzQ","8CTZOEEqFUo7vQyllC8ROg","p2jlgCvx0yV6JhpoV8lu_g","vixfVcqhs_PGdQIvfPj18w","58garRSaEgR_6__JDUDC2A","FKclATu5-fmK6lsAUuHp7w","jwbcs_eQ2QznrOyMuqz1LQ","3mwqzfJCBbYSi_0Tpc_Abg","sTw31xQqtpbKhCi74zratw","H2Yq0SRH9wThL1I1KewLSw","Fj4k_EFon2F0Nr4JRziv8g","AyALkNd_1GOwt_e78pryDw","c8Y-VdiNbLTvJG4GipRhog","UJllBv-bkMEWp3c2Wz0qOA","HuBgs7uHyUz7DzcaScZqjg","lrgq-Gr-l8m0v5WEmVXP6g","6aYhBbwAoueTG9F4r-vLEQ","KJJ99xQUdQ7HuyM8tJQIrw","5q65GGq2aylT9i5DaIl84g","tKfUGPSyRVM1mEfz5P_atQ","20-KWchW7q2cLocFReX6Cw","9I-kXfb7-1iAQFvHplk1PA","LRzgwZiWyFhT4NMDDZ2lhQ","zz8I35KaZIyhD6tHoAg9vQ","ceN8qg7ntO_nVNLzhmHTwQ","0iq_Shz6spkoHlIQPhUkNg","WrNFNzWAHYEwlbEGDm5f2w","lpeg9vl08uhLW_x6uzw1gg","DEEERuSRW-KBuLYAQKt9SA","Ye2ERpd7asRvL8x6Q3WJgg","I_dwqAqMNwKgsivOc5PjEw","ekwut_lDBOj46xB5ZzW0IA","AVEJb-lCEY_WPExMoBr65g","F3yQTGxWTfwp6TL2Cco5Sw","B-CQKi4NDsddDjzb7RibdQ","WK66AJV4O0Qcl3v8BzRqkw","yOV3IMVDtGXa3OBUNDTWOw","qlC607Cyp0Mj91vDFvkp3Q","z3WHx5PVY6BglO4d6Uo9Ww","vOyyDaJ2TL5x18ojmJ4jLw","5BJZI4x50ni34pbHrPOlDA","INgocgXv94oeTuzyXtjpYw","rLCcxG7JgiNgyFCXiryXyA","HNycc5PctOiR2PXb-TFCIQ","-prm_sT6v8UnNW_igkX9uA","OwxC6jbkrZ7Yu2jiWJlynQ","yjUtVmn9QCgu-p0aG0EhgQ","YxIOhzeor6QTAO04CWa1Dg","ilsg-agHHznNRcpsQof4vg","RTWsMisf73pGnbagf1vmvg","a1WtZte4oirGxRo6DSAY3w","AxbgqFpeRQbpEhQnY2-g2w","CcRfRjqvHkMTWK7aU4bnPw","_2AD2TjE73NusjFL6DAQGA","cDkNs6L7Z-E1zyWeu_Dqfg","CnegffdZendsruWNoXCLHQ","JUT0U3HTSB3kz9Wh7N0GqA","pOj4Z7dupeaL-xqztZBIGQ","l0Egkt_sgVfrf1Tt34k7nA","WPQW0_WN9-lyYzrL_nKx_Q","-kT01Xq-8plQ0SWZJJ6uzQ","Ao2VYIw9AMKOTiCUwe_T9A","vOjqCRPvGZmC3ZIsP_ZP7g","ZB7shn2mG2tbappr9spWzQ","cDhs0eRMGtVVXzr5eiGiIQ","RmUBZjzXZ3wNlx6tuuWYIA","-YodtqfcGpxedurpvKjZzw","cRnTA8uiuD0qq-KPFuTuFg","7Ia5yRck89GVyHzWZKRAYw","MkBWOhNd484SEwflA9R84Q","f7Emr9Q4H5r_jO_DW3QuIQ","ftdc7cFdBdN9agj5dtdqfw","UJu-VpAqewkum9M_u0Za3Q","HCvf6UdseZ-mLXeHxB0RFw","iD7HFt90AyDEAIBVPg93og","Zrs5hW6JDdcli6efh0AwPg","0CElPMoKmc7JXINSxjohsA","bGzQELylOfNPi_XpitxPTQ","JQhOnIgDALdsXQkUwk7Z0A"],"useful":114,"funny":41,"cool":32,"fans":5,"elite":["2012","2013"],"average_stars":3.94,"compliment_hot":10,"compliment_more":5,"compliment_profile":0,"compliment_cute":1,"compliment_list":0,"compliment_note":12,"compliment_plain":13,"compliment_cool":10,"compliment_funny":10,"compliment_writer":9,"compliment_photos":6,"type":"user"}}
