{"review_id":"eh9Y3vVNA7O_ZusLd2YDiQ","user_id":"oNx4woWN_tqSyi3F6QSNBA","business_id":"C37hwsGUHn_3-il0ypeY-Q","stars":4,"date":"2015-07-29","text":"Good food reasonable prices staff is friendly but you are on your own for some things like seating and water. <Bloody Marys> are good and the food is plentiful.","useful":1,"funny":0,"cool":1,"type":"review","restaurant":{"name":"Mickey's Tavern","neighborhood":"Williamson - Marquette","address":"1524 Williamson St","city":"Madison","state":"WI","postal_code":"53703","latitude":43.0878975,"longitude":-89.3587192,"stars":4.0,"review_count":169,"is_open":1,"attributes":["Alcohol: full_bar","Ambience: {'romantic': False, 'intimate': False, 'classy': False, 'hipster': True, 'divey': False, 'touristy': False, 'trendy': False, 'upscale': False, 'casual': True}","BestNights: {'monday': False, 'tuesday': False, 'friday': True, 'wednesday': False, 'thursday': True, 'sunday': False, 'saturday': True}","BikeParking: True","BusinessAcceptsCreditCards: False","BusinessParking: {'garage': False, 'street': True, 'validated': False, 'lot': False, 'valet': False}","Caters: False","CoatCheck: False","GoodForDancing: False","GoodForKids: False","GoodForMeal: {'dessert': False, 'latenight': False, 'lunch': False, 'dinner': True, 'breakfast': False, 'brunch': True}","HappyHour: True","HasTV: True","Music: {'dj': False, 'background_music': False, 'no_music': False, 'karaoke': False, 'live': True, 'video': False, 'jukebox': False}","NoiseLevel: loud","OutdoorSeating: True","RestaurantsAttire: casual","RestaurantsDelivery: False","RestaurantsGoodForGroups: True","RestaurantsPriceRange2: 1","RestaurantsReservations: False","RestaurantsTableService: True","RestaurantsTakeOut: True","Smoking: outdoor","WheelchairAccessible: False","WiFi: free"],"categories":["Nightlife","American (New)","Bars","Pubs","Sandwiches","Restaurants"],"hours":["Monday 11:30-2:0","Tuesday 11:30-2:0","Wednesday 11:30-2:0","Thursday 11:30-2:0","Friday 11:30-2:30","Saturday 9:0-2:30","Sunday 9:0-2:0"],"type":"business"},"user":{"name":"Bill","review_count":7,"yelping_since":"2014-10-29","friends":["Wnv3oRsOvXo8fgqrQoSOag"],"useful":0,"funny":0,"cool":0,"fans":0,"elite":["None"],"average_stars":4.38,"compliment_hot":0,"compliment_more":0,"compliment_profile":0,"compliment_cute":0,"compliment_list":0,"compliment_note":1,"compliment_plain":0,"compliment_cool":0,"compliment_funny":0,"compliment_writer":0,"compliment_photos":1,"type":"user"}}
