{"review_id":"f2J2USCG-wdqFMmZCenehg","user_id":"_2HBz1UjFrzTo49umiqy4w","business_id":"cUy8ww2wcqW-1RJLNSvBkA","stars":3,"date":"2009-12-20","text":"Great local bar! Okay food, good service, with excellent bartenders. I like the nachos -- huge! Recently this place has been a little dead. Babes recently opened a East side location. I'm a little worried about the food service/food quality of this location falling off.","useful":1,"funny":0,"cool":1,"type":"review","restaurant":{"name":"Babes Grill & Bar","neighborhood":"","address":"5614 Schroeder Rd","city":"Madison","state":"WI","postal_code":"53711","latitude":43.0469205,"longitude":-89.4770529,"stars":3.5,"review_count":66,"is_open":1,"attributes":["Alcohol: full_bar","Ambience: {'romantic': False, 'intimate': False, 'classy': False, 'hipster': False, 'divey': False, 'touristy': False, 'trendy': False, 'upscale': False, 'casual': True}","BikeParking: True","BusinessAcceptsCreditCards: True","BusinessParking: {'garage': False, 'street': False, 'validated': False, 'lot': True, 'valet': False}","Caters: False","GoodForDancing: False","GoodForKids: True","HappyHour: True","HasTV: True","NoiseLevel: average","OutdoorSeating: True","RestaurantsAttire: casual","RestaurantsDelivery: True","RestaurantsGoodForGroups: True","RestaurantsPriceRange2: 2","RestaurantsReservations: True","RestaurantsTableService: True","RestaurantsTakeOut: True","WheelchairAccessible: True","WiFi: free","GoodForMeal: {'dessert': False, 'latenight': True, 'lunch': True, 'dinner': True, 'breakfast': False, 'brunch': False}"],"categories":["Sports Bars","Restaurants","Nightlife","Bars","Gastropubs","American (Traditional)","American (New)","Seafood"],"hours":["Monday 11:0-0:0","Tuesday 11:0-0:0","Wednesday 11:0-0:0","Thursday 11:0-0:0","Friday 11:0-1:30","Saturday 11:0-1:30","Sunday 11:0-23:0"],"type":"business"},"user":{"name":"Jimmy","review_count":22,"yelping_since":"2009-10-20","friends":["n_gUba02BszLTgwSnKtAjQ","Ih2swIgYjR9Srp0JC-PMcg","kRP0R1L2cokRiH8LLeLJ4Q"],"useful":38,"funny":7,"cool":7,"fans":1,"elite":["None"],"average_stars":4.0,"compliment_hot":0,"compliment_more":0,"compliment_profile":0,"compliment_cute":0,"compliment_list":0,"compliment_note":1,"compliment_plain":1,"compliment_cool":0,"compliment_funny":0,"compliment_writer":0,"compliment_photos":0,"type":"user"}}
