{"review_id":"05fiATeu6CZ2J4DsaN-oyw","user_id":"BRPgV6kaxYLyqSRYje78aw","business_id":"YgBQEX8dB27FdYj7PaPhPw","stars":3,"date":"2015-07-19","text":"I'm a fan half the time I go and the other half of the time I consider never coming back.  They have reasonable seafood/<oysters> and decent <beer> selection.  The service is very hit-or-miss.  <Salmon burger> is good;  the <bluegill> is usually bad.   <Mussels> are pretty good, a different spin on the usual broth.","useful":0,"funny":0,"cool":0,"type":"review","restaurant":{"name":"Gates & Brovi","neighborhood":"Dudgeon-Monroe","address":"3502 Monroe St","city":"Madison","state":"WI","postal_code":"53711","latitude":43.052916,"longitude":-89.435789,"stars":3.5,"review_count":130,"is_open":1,"attributes":["Alcohol: full_bar","Ambience: {'romantic': False, 'intimate': False, 'classy': False, 'hipster': False, 'divey': False, 'touristy': False, 'trendy': False, 'upscale': False, 'casual': True}","BikeParking: True","BusinessAcceptsCreditCards: True","BusinessParking: {'garage': False, 'street': True, 'validated': False, 'lot': False, 'valet': False}","Caters: True","GoodForKids: True","GoodForMeal: {'dessert': False, 'latenight': False, 'lunch': True, 'dinner': True, 'breakfast': False, 'brunch': False}","HasTV: True","NoiseLevel: average","OutdoorSeating: False","RestaurantsAttire: casual","RestaurantsDelivery: False","RestaurantsGoodForGroups: True","RestaurantsPriceRange2: 2","RestaurantsReservations: False","RestaurantsTableService: True","RestaurantsTakeOut: True","WiFi: free"],"categories":["American (New)","Restaurants"],"hours":["Tuesday 11:0-0:0","Wednesday 11:0-0:0","Thursday 11:0-0:0","Friday 11:0-1:0","Saturday 8:0-1:0","Sunday 8:0-0:0"],"type":"business"},"user":{"name":"Jason","review_count":12,"yelping_since":"2011-06-17","friends":["None"],"useful":0,"funny":0,"cool":0,"fans":0,"elite":["None"],"average_stars":3.83,"compliment_hot":0,"compliment_more":0,"compliment_profile":0,"compliment_cute":0,"compliment_list":0,"compliment_note":1,"compliment_plain":0,"compliment_cool":0,"compliment_funny":0,"compliment_writer":0,"compliment_photos":0,"type":"user"}}
