{"review_id":"x1V4GxchuRCiLCuEyrcFFQ","user_id":"bo8GTHfp0xfRdtMr5r6OlQ","business_id":"7q7qaGPUUCqMljdIGwzvFQ","stars":4,"date":"2016-12-11","text":"Classic diner in an unexpected setting. A nice place to have in your back pocket for breakfast as it's unbeknownst to most locals. Great <eggs Benedict> and <sausage skillet>. Portions are eatable, not outrageously huge but enough to pig out on.","useful":0,"funny":0,"cool":0,"type":"review","restaurant":{"name":"Pat O'Malley's Jet Room","neighborhood":"","address":"3606 Corben Ct","city":"Madison","state":"WI","postal_code":"53704","latitude":43.1400029,"longitude":-89.3265388,"stars":4.0,"review_count":82,"is_open":1,"attributes":["Alcohol: none","Ambience: {'romantic': False, 'intimate': False, 'classy': False, 'hipster': False, 'divey': False, 'touristy': False, 'trendy': False, 'upscale': False, 'casual': True}","BusinessAcceptsCreditCards: True","BusinessParking: {'garage': False, 'street': False, 'validated': False, 'lot': True, 'valet': False}","Caters: False","GoodForKids: True","GoodForMeal: {'dessert': False, 'latenight': False, 'lunch': True, 'dinner': False, 'breakfast': True, 'brunch': True}","HasTV: True","NoiseLevel: average","OutdoorSeating: False","RestaurantsAttire: casual","RestaurantsDelivery: False","RestaurantsGoodForGroups: True","RestaurantsPriceRange2: 1","RestaurantsReservations: True","RestaurantsTableService: True","RestaurantsTakeOut: True","WheelchairAccessible: True","WiFi: free","BikeParking: True"],"categories":["Restaurants","Diners","Breakfast & Brunch","American (Traditional)"],"hours":["Monday 6:0-14:0","Tuesday 6:0-14:0","Wednesday 6:0-14:0","Thursday 6:0-14:0","Friday 6:0-14:0","Saturday 6:0-14:0","Sunday 8:0-14:0"],"type":"business"},"user":{"name":"Libby","review_count":5,"yelping_since":"2016-11-01","friends":["None"],"useful":0,"funny":0,"cool":0,"fans":0,"elite":["None"],"average_stars":4.2,"compliment_hot":0,"compliment_more":0,"compliment_profile":0,"compliment_cute":0,"compliment_list":0,"compliment_note":0,"compliment_plain":0,"compliment_cool":0,"compliment_funny":0,"compliment_writer":0,"compliment_photos":0,"type":"user"}}
