{"review_id":"n4RbuUICqG0aZbi1tojU-Q","user_id":"t_prCflpb3ihKzX5SjzfaQ","business_id":"mzq_UgBRWsxTjb7oBNajWA","stars":2,"date":"2015-08-31","text":"My husband and I are pretty much a waiter's wet dream. We are kind, polite, over tip, and stack our own dishes to make it easier for the server to grab. We have both worked in the service industry so we try to show how much we appreciate their time. We try to be uber patient and understand the kitchen taking a long time does not reflect on the servers performance.\n\nWith that being said, our first dining experience at Great Dane was horrid.\nThey are getting 2 stars because of the outstanding <beer> we had. If that was merely mundane, 1 star easily.\n\nI went to Sundance movie theater and asked my husband to meet me for a drink and <salad> afterward. I arrive and immediately I like the looks of the restaurant. The dark wood bar and the placement of the furniture kind of reminded us of an Irish pub. \n\nHe ordered a <stout> and I tried the <orange flavored beer>, we both really enjoyed our drinks. We then ordered a <panzanella salad> and an order of <fries> as I had not eaten lunch yet and wanted something to munch on.\n\nThus, begins the waiting game.\n\nI ordered my food right around 3:25 PM, at 4:00 my husband finally calls someone over and says, we've been waiting far too long for a <salad> and <fries>.\n\nThe kicker? Our order was never put in. Not once did someone ask how we were, if we needed a refill, nothing after taken our initial order.\n\nService straight up sucked. They comped me my <beer>, but I still left feeling incredibly disappointed. I loved their <beer> and wish I had better things to say, but I am in no hurry to go back anytime soon.","useful":10,"funny":1,"cool":1,"type":"review","restaurant":{"name":"Great Dane Pub & Brewing","neighborhood":"","address":"357 Price Pl","city":"Madison","state":"WI","postal_code":"53705","latitude":43.0711419,"longitude":-89.4523269,"stars":3.5,"review_count":153,"is_open":1,"attributes":["Alcohol: full_bar","Ambience: {'romantic': False, 'intimate': False, 'classy': False, 'hipster': False, 'divey': False, 'touristy': False, 'trendy': False, 'upscale': False, 'casual': True}","BestNights: {'monday': False, 'tuesday': False, 'friday': False, 'wednesday': True, 'thursday': True, 'sunday': False, 'saturday': True}","BikeParking: True","BusinessAcceptsBitcoin: False","BusinessAcceptsCreditCards: True","BusinessParking: {'garage': False, 'street': False, 'validated': False, 'lot': True, 'valet': False}","Caters: False","CoatCheck: False","DogsAllowed: False","GoodForDancing: False","GoodForKids: True","GoodForMeal: {'dessert': False, 'latenight': False, 'lunch': True, 'dinner': True, 'breakfast': False, 'brunch': False}","HappyHour: True","HasTV: True","Music: {'dj': False, 'background_music': False, 'no_music': False, 'karaoke': False, 'live': False, 'video': False, 'jukebox': False}","NoiseLevel: average","OutdoorSeating: True","RestaurantsAttire: casual","RestaurantsDelivery: False","RestaurantsGoodForGroups: True","RestaurantsPriceRange2: 2","RestaurantsReservations: True","RestaurantsTableService: True","RestaurantsTakeOut: True","Smoking: no","WheelchairAccessible: True","WiFi: free"],"categories":["Breweries","American (New)","Nightlife","American (Traditional)","Bars","Food","Restaurants"],"hours":["Monday 11:0-2:0","Tuesday 11:0-2:0","Wednesday 11:0-2:0","Thursday 11:0-2:0","Friday 11:0-2:30","Saturday 11:0-2:30","Sunday 10:0-2:0"],"type":"business"},"user":{"name":"Rachael","review_count":184,"yelping_since":"2012-07-19","friends":["iDx1NCLBORSjnyXAwq3B2A","8teQ4Zc9jpl_ffaPJUn6Ew","MMh75ZOKH1bXDE8UqTOLjw","fG9banHrg2DIMCxfHVdy5Q","8MNRu0mPO6b0hyrtMYIPzg","wd3xoNaDLib8dhQ7BxUl6g","2P5EzKHd6EGtGyXTRn_7wg","1XbUCnbmCvUgowZBgsEESA","WWad5T43tUtba1IThVTfJQ","xICwo01gIoJEW89xht5uiQ","u-o5xrpLgTTpOiCy102nPw","9Whz5AGTTAXn1ID9SmbxHw","a010w8zqtYr51YN1Fsh-wA","ORQ8ttAqVQ1aAWwYvIZC4A","EiMaydGgNzj82ef8Hzb1kQ","fJ_qSZH_akvWzHUPMqab1g","gSRlAtQmGVFEp9MmigRC1A","VaQEJ9HDQ3N_WY1yp6Q90A","X09pE1UPyMZ71bSUz4607w","zLH-n2KGvzzGKiPMtjkUIg","e0lV0WyRCYbYs9k6chh8YA","HNycc5PctOiR2PXb-TFCIQ","anMH2_iqoLWALZ2rG0beBQ","aHiLmgQMMwZR0B49t8ek0w","WPlsWSyxpEKbe7GHnnLfdw","oiunb9tMeRlR7GUg4mW7Rg","3UXXvi4021V_ckejIQf9Jg","gNyQ8VrJbRhJ9Iiiqi5wqQ","SEZVQUIxNukcowUAR14VUQ","SEwPdPzsbSDZ8sruHN5Urg","24gXcfc0Q1-yqw5cOWORzw","82D14c4oDr-jSStNP7IKGw","jMGQa4zpNpeyhhh1hCWCbQ","t12ToeUDD1vRWKY-bHHLhw","JQhOnIgDALdsXQkUwk7Z0A"],"useful":20,"funny":11,"cool":2,"fans":12,"elite":["2017","2016","2015"],"average_stars":3.15,"compliment_hot":19,"compliment_more":3,"compliment_profile":0,"compliment_cute":0,"compliment_list":2,"compliment_note":10,"compliment_plain":13,"compliment_cool":18,"compliment_funny":18,"compliment_writer":13,"compliment_photos":1,"type":"user"}}
