{"review_id":"-DwT07S2vl8VeAH3N7QXTw","user_id":"NiwvjSJxhuiqz9u0YpUPdg","business_id":"oWlw9371cuPN-dQ-VEwgYg","stars":5,"date":"2015-05-17","text":"We order <delivery pizza> very regularly from Maria's.  Excellent pepperoni and Italian sausage.  They also have the best meatballs I have ever had.","useful":0,"funny":0,"cool":0,"type":"review","restaurant":{"name":"Maria's Pizza","neighborhood":"","address":"134 S Main St","city":"Oregon","state":"WI","postal_code":"53575","latitude":42.9254462,"longitude":-89.3843734,"stars":4.0,"review_count":30,"is_open":1,"attributes":["Alcohol: beer_and_wine","Ambience: {'romantic': False, 'intimate': False, 'classy': False, 'hipster': False, 'divey': False, 'touristy': False, 'trendy': False, 'upscale': False, 'casual': False}","BikeParking: True","BusinessAcceptsCreditCards: True","BusinessParking: {'garage': False, 'street': True, 'validated': False, 'lot': False, 'valet': False}","GoodForKids: True","GoodForMeal: {'dessert': False, 'latenight': False, 'lunch': False, 'dinner': True, 'breakfast': False, 'brunch': False}","HasTV: False","NoiseLevel: loud","OutdoorSeating: False","RestaurantsAttire: casual","RestaurantsDelivery: True","RestaurantsGoodForGroups: True","RestaurantsPriceRange2: 1","RestaurantsReservations: False","RestaurantsTableService: True","RestaurantsTakeOut: True","WheelchairAccessible: True","WiFi: no"],"categories":["Pizza","Restaurants"],"hours":["Tuesday 16:0-0:0","Wednesday 16:0-0:0","Thursday 16:0-0:0","Friday 16:0-1:0","Saturday 16:0-1:0","Sunday 16:0-22:0"],"type":"business"},"user":{"name":"Kyle","review_count":4,"yelping_since":"2015-01-06","friends":["None"],"useful":0,"funny":0,"cool":0,"fans":0,"elite":["None"],"average_stars":5.0,"compliment_hot":0,"compliment_more":0,"compliment_profile":0,"compliment_cute":0,"compliment_list":0,"compliment_note":0,"compliment_plain":0,"compliment_cool":0,"compliment_funny":0,"compliment_writer":0,"compliment_photos":0,"type":"user"}}
