{"review_id":"8mLhy_2UFo5CNOvygGQaXQ","user_id":"2q3GgRlBYHeIk1wH9rKtvw","business_id":"hoqk5SFvERVDJVXUaFLpLQ","stars":5,"date":"2015-02-15","text":"Great food, unique combinations & based on the location, you would expect higher prices!","useful":1,"funny":0,"cool":1,"type":"review","restaurant":{"name":"The Tipsy Cow","neighborhood":"Capitol","address":"102 King St","city":"Madison","state":"WI","postal_code":"53703","latitude":43.074727,"longitude":-89.3815378,"stars":4.0,"review_count":270,"is_open":1,"attributes":["Alcohol: full_bar","Ambience: {'romantic': False, 'intimate': False, 'classy': False, 'hipster': False, 'divey': False, 'touristy': False, 'trendy': False, 'upscale': False, 'casual': True}","BestNights: {'monday': True, 'tuesday': False, 'friday': True, 'wednesday': False, 'thursday': True, 'sunday': False, 'saturday': False}","BikeParking: True","BusinessAcceptsCreditCards: True","BusinessParking: {'garage': True, 'street': True, 'validated': False, 'lot': False, 'valet': False}","Caters: False","CoatCheck: False","GoodForDancing: False","GoodForKids: False","GoodForMeal: {'dessert': False, 'latenight': False, 'lunch': True, 'dinner': True, 'breakfast': False, 'brunch': False}","HappyHour: True","HasTV: True","Music: {'dj': False, 'background_music': False, 'no_music': False, 'karaoke': False, 'live': False, 'video': False, 'jukebox': False}","NoiseLevel: average","OutdoorSeating: True","RestaurantsAttire: casual","RestaurantsDelivery: False","RestaurantsGoodForGroups: True","RestaurantsPriceRange2: 2","RestaurantsReservations: False","RestaurantsTableService: True","RestaurantsTakeOut: True","Smoking: outdoor","WheelchairAccessible: True","WiFi: free"],"categories":["Restaurants","Bars","Nightlife","American (Traditional)"],"hours":["Monday 11:0-23:0","Tuesday 11:0-2:0","Wednesday 11:0-2:0","Thursday 11:0-2:0","Friday 11:0-2:30","Saturday 11:0-2:30"],"type":"business"},"user":{"name":"Christine","review_count":21,"yelping_since":"2010-04-30","friends":["-qigy5mP3a1ag1KbaveZ7w","ZYEIuQ7TCm8auluFeVkNfQ","WdWxBJpxQQ6GSZllg1VkRg","vs4PQ_T0Ce-zdTQpjp_Vgw","rReTumxrYlomzwN_kYPY0g","Ry2t3MCZEH6WjP5BiLHeOA","6gFXFVwHyWoZr7DLlt32Wg","oLaqROvbazbwf1F5YNdEKw","HMj0OLC_FWLb8nw1RXnpUQ","g5GYk3v99BBXNEhtZFMBhw","FjxF_hKxiyawFa9mnsWAWA","PtaprQBK_9hW-L51kPGYsg","3Ic7DB3KXDzOcA0K4B6oEw","ej8gs2ZhLbR7jt0MOGHIbw","KS_-hqQUoJY8rQzb_ikCgg","oflIqJhZ5YfLmswN6oWEyQ","eEb12E_y1Yl_M9tnXbBFug","Bt1asyukZ-VGvdRBreQZwg","lNxpKVnZjnvzghpu9ZPmjA","zt0gW34PxnlLiYRMKE5e-w","ITRE58IamODI1vzvXCAUxA","ljlkPF31ZwGu6Mfi0IAA4g","6bwTAWPalXYAGVKRYgkcKQ","ToXS8zawUnN2e00dx1ugUw","yOcy0H16brXqGw54Y5FvWQ","CWPv_s13ReYouPi8IJoSfw","yPX96VC3NWr3wWdm1WofWg","uJ4tXVixgGb7hMVQ59dCeg","mgC170UnbeUwk7JT8A90SA","fzlnccVVmsOBmM9hYVEgZQ","a86oxg9_KDxH7lQXD-J46g","kv3-lhZiUjbDS9TYqLgRyg","Jup1GhRp0xxJYKNQAgD0Ug","yOjfcXpfIBLcXVQL_ylnQg","q1TWsy79rrDTKyz9bdv44Q","xOlWfu3rYW0h8BN9PPR61Q","haZYQrrowH0ICAnBFXJV1w","yRv4VzJakCLEFCLZDhaBBA","r5wmXsEU5vmhGxAlfxmhzQ","su2S2t9TQJpKakSKKkOw9g","FN0XMCS8xGx-vhHCHQIK5Q","8cnzPjgCuW4Yu2nv3mQGLQ","33ulCi44JCgUiCvxnzs8iw","hZFyPH5YLB12heaStfy9mg","9qaZ9FNFohxbGEguqBK4FA","M12zefXHnuB98ffpYsUnlA","m6v4I9bF6R0CyBgQ7jUVyw","oMQQRRAZL5aOWjlgQmeljw","LvLl-YOVklymxvGaFsc4Dg","mxh2FcXwwi5Ni_tnzP-RRA","y9DDm3wl0cwtGvN-KDyohg","KtPzjkcOIKSv76Fyl7MoXA","cQHtHCtzXEEid-8q3CYsiA","2HR3bDUseOuIYYPvlF9kqA","c1L2rp8ruutMlplVt7CsRA","AaMbfzxBwB1JY8207JQTpg","YBOLiybpbyTN44R5b8NUxg","-l-tgZNCCuNP5gz6rIUOIg","-L8rUQPe8vKM7NbCcJi0JA","QjCcVbokGAs_YxpguRO-MA","UlEZPLP07x4d8Ypv5XCfkQ","yb3-pVR6Od5_epvgOdjpnw","BmmtAMWmkijtk7DZXu5j1w","JoNJv3YZkboMAYYS5MG0XQ","7EjWeL8Rx1B28d-O_ZoGng","I4ZbwoN4_GMHIjVRM6N6bg","MbPyEQkJydYOiUsTMVme8w","UQlTMFiWk4zhM1ILvGWB9A","Rbb-rAXZ2j2TsPv4SdMy3w","SlSrJSSuRPj0fLrypyjmuA","RYVYHQ2aG-hBIGFCyXJZNg","sxclHwufiaLHtVHii_l5uQ","oVyTUTzoJ4o_iqVIt5lejA","fysb9-CLIXYn_kVxz6BBEg","RiBFRvADLP5KXSXy0mhYBw","SkRZBos18mMGKXGhYgHAEA","BbGPrDGmNnbi0eyQ-UcOgg","ysOwkksIa_KvgdX4SnL0hA","u9hGeWjfY7jF-lmeNERihA","34_KevJrUc8rXCj0ZImgww","l0jejmRcICSPYudZ8wEYmQ","S9UYR0Qb27Pb5RHrKf1SJA","6y4BAZyeyaRCr_k0coguiQ","0fGQEjU62emckYLVslj8Vg","H7G0JpnY5NjLChsu25ixLQ","VVpuqfGxW0ZtAFcnwzXs6Q","sPnmD3_wvRxxQ352InVfvQ","l6bpYFU1Hf6vxrR-LuV0SA","3zU0VSOb4_AUHDcx8abS7w","i0fyJrPelkFMQ8WAqVSJtQ","eaUgGTd2nt7lcNlLqRr9sA","03IzW8tEDg5WugsucCf8sA","gXMmfKrTH5KdJYIeZicSaw","sWgklW5VpMSd-4VQAlHOHg","tMe-wO1iMC8sAAaKJdHVsg","aoLQrzYGNO3K4jdPqnhqVw","d4q_PBnDv7zIvEImrRa5yA","bo16uGBs4fejWLopyd3haA","ElZJj10lKDk8wmfC5Qdo-A","X6CiBRm0XLPZPkQ9zG1E4A","C6eHLl5fC5AoFuznuTvuCw","vHU8EMBWVBauSU3J5qSjaQ","kW3_psjgTRp3YE1yQ5hyNw","Bq0wMRSYPnqn5DUvs8-EDQ","grnNy1ZhQkxAgrBpEcjxAQ"],"useful":0,"funny":0,"cool":0,"fans":0,"elite":["None"],"average_stars":4.35,"compliment_hot":0,"compliment_more":0,"compliment_profile":0,"compliment_cute":0,"compliment_list":0,"compliment_note":0,"compliment_plain":1,"compliment_cool":0,"compliment_funny":0,"compliment_writer":0,"compliment_photos":0,"type":"user"}}
