{"review_id":"KD5RVdHt88Dr4Ii04p0XgA","user_id":"yCrX3F11Y_L_5AJ4luxQDA","business_id":"nzUA0vgcta7OPwpWPbe7Ug","stars":5,"date":"2015-04-23","text":"Crostini's food has always been stellar.  They always offer a vegetarian option as one of their daily specials, and their service has been great every time!","useful":1,"funny":0,"cool":0,"type":"review","restaurant":{"name":"Crostini Sandwiches","neighborhood":"Eken Park","address":"231 North St","city":"Madison","state":"WI","postal_code":"53704","latitude":43.1030197,"longitude":-89.3499615,"stars":4.0,"review_count":60,"is_open":1,"attributes":["Alcohol: none","Ambience: {'romantic': False, 'intimate': False, 'classy': False, 'hipster': False, 'divey': False, 'touristy': False, 'trendy': False, 'upscale': False, 'casual': True}","BikeParking: True","BusinessAcceptsCreditCards: True","BusinessParking: {'garage': False, 'street': True, 'validated': False, 'lot': False, 'valet': False}","Caters: True","GoodForKids: True","HasTV: False","NoiseLevel: average","OutdoorSeating: True","RestaurantsAttire: casual","RestaurantsDelivery: True","RestaurantsGoodForGroups: False","RestaurantsPriceRange2: 1","RestaurantsReservations: False","RestaurantsTableService: False","RestaurantsTakeOut: True","WiFi: free","GoodForMeal: {'dessert': False, 'latenight': False, 'lunch': True, 'dinner': True, 'breakfast': False, 'brunch': False}"],"categories":["Italian","Gluten-Free","Restaurants","Salad","Sandwiches"],"hours":["Monday 10:30-20:30","Tuesday 10:30-20:30","Wednesday 10:30-20:30","Thursday 10:30-20:30","Friday 10:30-20:30","Saturday 11:0-20:0"],"type":"business"},"user":{"name":"Erin","review_count":20,"yelping_since":"2014-07-24","friends":["None"],"useful":16,"funny":8,"cool":8,"fans":0,"elite":["None"],"average_stars":3.74,"compliment_hot":0,"compliment_more":0,"compliment_profile":0,"compliment_cute":0,"compliment_list":0,"compliment_note":2,"compliment_plain":0,"compliment_cool":0,"compliment_funny":0,"compliment_writer":0,"compliment_photos":0,"type":"user"}}
