{"review_id":"Lqmp3tGraLbEmXojNwhpWA","user_id":"AEgYsg7EHi-Z6j8R3vd06w","business_id":"SBnpT6JDbah-5l_52GM5sw","stars":5,"date":"2013-06-04","text":"We came back for brunch and it was even better than expected. Reasonably priced with a few, well-curated options. The service and atmosphere -- impeccable. \n\nOur out-of-town guests, who had toured several other food establishments in Madison with university faculty,  said this was the best place they tried in Madison. Win!","useful":1,"funny":0,"cool":1,"type":"review","restaurant":{"name":"Sardine","neighborhood":"Williamson - Marquette","address":"617 Williamson St","city":"Madison","state":"WI","postal_code":"53703","latitude":43.0762344343,"longitude":-89.3740855094,"stars":4.0,"review_count":323,"is_open":1,"attributes":["Alcohol: full_bar","Ambience: {'romantic': False, 'intimate': False, 'classy': False, 'hipster': False, 'divey': False, 'touristy': False, 'trendy': True, 'upscale': False, 'casual': False}","BikeParking: True","BusinessAcceptsCreditCards: True","BusinessParking: {'garage': False, 'street': False, 'validated': False, 'lot': True, 'valet': False}","Caters: True","GoodForKids: False","GoodForMeal: {'dessert': False, 'latenight': False, 'lunch': False, 'dinner': True, 'breakfast': False, 'brunch': True}","HasTV: False","NoiseLevel: average","OutdoorSeating: True","RestaurantsAttire: casual","RestaurantsDelivery: False","RestaurantsGoodForGroups: True","RestaurantsPriceRange2: 2","RestaurantsReservations: True","RestaurantsTableService: True","RestaurantsTakeOut: True","WheelchairAccessible: True","WiFi: no"],"categories":["American (New)","Restaurants","French"],"hours":["Monday 17:0-22:0","Tuesday 17:0-23:0","Wednesday 17:0-23:0","Thursday 17:0-23:0","Friday 17:0-0:0","Saturday 9:0-0:0","Sunday 9:0-21:0"],"type":"business"},"user":{"name":"Erin","review_count":123,"yelping_since":"2011-05-30","friends":["SdXxLZQQnQNUEL1rGMOQ6w","mUHJuirfyq3EsgNbhTkj2A","oCJ-cK17FuETIc6sLTIjKQ","MUblIswTKIJtAzygtRSmjw","bGehWsGAHrtN5KLZ7JyE6A","7Pw2eIAvZLlO0BzCFCI-Mg","SomnrLKiMdifBusXjb2_pA","vvS1RZxGJeY-nPy_Uko5bA","tbycp0aRhRsiAVYUAVR_uQ","R-zH-BH_4Az7pPtlE31Z8Q","fqz6TBmIdWR8sQOOIyzB7g","CLBhU0yc2OPoJTRRSdqN8Q","CH9VC7aLLsV8NFdaoU_uog","kzz4lKJl5b-Kqs6f_H7u3w","HbLdaNIJJQAvmBH0917BWQ","IC7lfS_GpSKd6Dn6nQgcdA","W1eHcjd6kwKAzeFwDoOuJg","3S7cA5U-pGl1mC_9J0nTcw","mFwRTTDW0Yr-rFkTF2cFsw","lhZDpiYjDhKKifSZvAieJw","fJ_qSZH_akvWzHUPMqab1g","yONrqq1rVMHGn2hakDiIiA","ETWM2ruinoK9f5LkQsl3GA","EXKDLuYoZUKUNNNYA7TlGQ","8ZLAklUl3vS9cnlwpv3v5g","dlQePWQwcDPconG5b2E07g","h2hN3_GXP5Gv83Ii_3xaew","DvxgyNbQJL7MMJqzQzeyIw","cJwXPcngH-0IpEaQpAg3Tg","NwXV_WofVAmhZjfQvu6y0w","gteHjytNuIQZTTjRyqGTyQ","j1VDycSJ-wY-ESzBEn9O4A","uWlNoMLRVTHAw2FfgvScgw","FKclATu5-fmK6lsAUuHp7w","H34WqzsgbTnYH9wsI5JbTA","p-tPvAMlmmZQxMyahKDSJQ","Gr17h3JDn7wWQo40kJKaGQ","u-YRAgOB84PMPmWz6qSxpA","LVxLpctpaYAvhVmPyuNnww","4q02ALXu_6i7-GWZAW9ctQ","tOMfTEKuz21M9bNPJMH9JQ","k89wa3gVQlD3UtTGeczOFA","dAdmWvykaBvtzHMaQTUomQ","HNycc5PctOiR2PXb-TFCIQ","jeN-7tNy0u4VaZv1mFzPVg","Rkn70wgoeLRs4j2rUZ_W0A","3mwqzfJCBbYSi_0Tpc_Abg","awP6uIbiTgTqEdhNhfCa9g","JUT0U3HTSB3kz9Wh7N0GqA","L4tYXryUg-uYk6fsU2qVNQ","JK33W3CV9nzktfuIunB6Ag","1vppXRsBgwR0VpiOSkaZtw","Zhb_obEl3kxNphHcBKDz1A","JKzqdJ8Xe7uHHcQo5vthNA","L4j6jjo1pCalYPKMkHi0kw","INgocgXv94oeTuzyXtjpYw","RTWsMisf73pGnbagf1vmvg","YZqzFWkbYmzwO0Imc3QFxg","HPqUf52VIghgnFgqDDR1Xg","YSb8JRyI75M8FkbYWLH4UA","C5AFEkvhZMR6ZxROua4fBA","lYFIyXfT7qx9-h_GCt6YZQ","wd3xoNaDLib8dhQ7BxUl6g","BVHZ6w_YgA1lt8Rnq4NSCg","8teQ4Zc9jpl_ffaPJUn6Ew","ISJ860z59OPGcuBbo-kjXg","F55s06-FF8ERfsfJtjFgkw","e5rdQ5aDARrRNfIpOYfOjA","_UrgR8x-enYzt-XgnjJ3wQ","0OJWLzbXIRwMmNBjwtqBNw","3LC2sKfvz_nWuJquUDsNnw","ZDdFx-SB83Vd0psiXidpUg","HU8VxUn-hDsKBGKzie9TvQ","PNzFq4E7ngAN4z9gEJVmTA","G5BqF32PyIQ5IvplDvpKnA","I2OXWsGgBpmSAgeU43nuDQ","ZWIebCnKdFZNjcwI-GpXaA","cDhs0eRMGtVVXzr5eiGiIQ","pgqoh3R5RqP18Er-Ieo17g","LI8Wc3pJsTN0bfwbFajKvQ","HVi_bI82mRYPVa77cjp1zw","KJJ99xQUdQ7HuyM8tJQIrw","9I-kXfb7-1iAQFvHplk1PA","pkBb-R_nHOdjZ33fLsbznw","S-FCGqAPbuqLnuS-rRz3cQ","lrgq-Gr-l8m0v5WEmVXP6g","9MN2iWxMxmaRcF4e6z0Bwg","r-zUIQPaHzvIyL93wQaoiQ","DjmJwSZyqFzRhOL089brEQ","jL1TI1E0Yc0y-yQKCh307A","i0ooHYT5b0yF0YdoqEEuyg","R44RllbTjxq3rmAX5pUCAQ","jjhupnS_i7y6IUY_7l7x-A","gNyQ8VrJbRhJ9Iiiqi5wqQ","d5WLqmTMvmL7-RmUDVKqqQ","f7Emr9Q4H5r_jO_DW3QuIQ","Jnx8GE372nbzljZ5VqZcGA","sWQbuk2NTOCjWlK548lLDw"],"useful":161,"funny":80,"cool":109,"fans":24,"elite":["2016","2013","2014","2015"],"average_stars":4.18,"compliment_hot":30,"compliment_more":5,"compliment_profile":0,"compliment_cute":2,"compliment_list":3,"compliment_note":16,"compliment_plain":19,"compliment_cool":47,"compliment_funny":47,"compliment_writer":43,"compliment_photos":12,"type":"user"}}
