{"review_id":"LSCe4a-IPGcvJmlaHchOTw","user_id":"yqgyW9kuCNmjyjnT4G9ZDg","business_id":"wt6SJHPEknFUWjn67_wKoQ","stars":4,"date":"2015-02-01","text":"Headed here because of other positive Yelp reviews and was not disappointed. As a home-grown, small town white chick, I can't verify the authenticity of the food, but it sure tasted good!\n\nWe have been there for lunch and for a quick dinner and both times it was not at all busy and we got our food right away. The atmosphere is super casual. If you are looking for someone to smile warmly and seat you upon entering you should pass on by, but if all you want is some cheap, quick, tasty food, you've found your place.","useful":2,"funny":0,"cool":1,"type":"review","restaurant":{"name":"El Poblano Mexican Restaurant","neighborhood":"Eastmorland","address":"3737 Milwaukee St","city":"Madison","state":"WI","postal_code":"53714","latitude":43.097994,"longitude":-89.320026,"stars":4.0,"review_count":50,"is_open":1,"attributes":["Alcohol: none","Ambience: {'romantic': False, 'intimate': False, 'classy': False, 'hipster': False, 'divey': False, 'touristy': False, 'trendy': False, 'upscale': False, 'casual': True}","BikeParking: True","BusinessAcceptsCreditCards: True","BusinessParking: {'garage': False, 'street': False, 'validated': False, 'lot': True, 'valet': False}","Caters: True","GoodForKids: True","GoodForMeal: {'dessert': False, 'latenight': False, 'lunch': True, 'dinner': False, 'breakfast': False, 'brunch': False}","HasTV: False","NoiseLevel: quiet","OutdoorSeating: False","RestaurantsAttire: casual","RestaurantsDelivery: False","RestaurantsGoodForGroups: True","RestaurantsPriceRange2: 1","RestaurantsReservations: False","RestaurantsTableService: True","RestaurantsTakeOut: True","WiFi: free"],"categories":["Mexican","Restaurants"],"hours":["Monday 10:0-21:0","Tuesday 10:0-21:0","Wednesday 10:0-21:0","Thursday 10:0-21:0","Friday 10:0-21:0","Saturday 8:0-21:0","Sunday 8:0-19:0"],"type":"business"},"user":{"name":"Emily","review_count":12,"yelping_since":"2013-03-18","friends":["PcCePFK7k_RlK9iqPpSUQQ","sgcmgIQ4z3Rl1lVmTdSPZg","PAts5D81R0XDZGjwk-JFAg","jbY1Wt9x2Jz4E1vo7k6JdQ","QLjxxs-Ffeta8GQKEM_p5A","8PgvvKSKE-aQf1dyhVL3uA","g_Jf1Vdbod6Pg9L9h8fgBg","XvhAEr-2wm_E5SQ0BSsoNw","zuV9unWDYSut75dSKtSfNg","y5OF_ADaJXHUHr5t04hgLw","RHyhrrOIjNPZFXYkHOluag","RNHDpT43euCnGie0yszl0A"],"useful":6,"funny":0,"cool":0,"fans":0,"elite":["None"],"average_stars":4.25,"compliment_hot":0,"compliment_more":0,"compliment_profile":0,"compliment_cute":0,"compliment_list":0,"compliment_note":1,"compliment_plain":0,"compliment_cool":0,"compliment_funny":0,"compliment_writer":0,"compliment_photos":0,"type":"user"}}
