{"review_id":"U_XRyS81TWJhrF1PPUqJyw","user_id":"L4mj_07WtRYToPiaRMSiaQ","business_id":"RJNAeNA-209sctUO0dmwuA","stars":5,"date":"2014-10-06","text":"The best <cheese curds>! The service is great and family friendly. The <old fashioned burger> was delicious. The <beer cheddar soup> was great as well.","useful":0,"funny":0,"cool":0,"type":"review","restaurant":{"name":"The Old Fashioned","neighborhood":"Capitol","address":"23 N Pinckney St","city":"Madison","state":"WI","postal_code":"53703","latitude":43.0761862475,"longitude":-89.3837572172,"stars":4.0,"review_count":1236,"is_open":1,"attributes":["Alcohol: full_bar","Ambience: {'romantic': False, 'intimate': False, 'classy': False, 'hipster': False, 'divey': False, 'touristy': False, 'trendy': False, 'upscale': False, 'casual': True}","BikeParking: True","BusinessAcceptsCreditCards: True","BusinessParking: {'garage': False, 'street': True, 'validated': False, 'lot': False, 'valet': False}","Caters: False","GoodForKids: True","GoodForMeal: {'dessert': False, 'latenight': False, 'lunch': True, 'dinner': True, 'breakfast': False, 'brunch': False}","HasTV: True","NoiseLevel: loud","OutdoorSeating: True","RestaurantsAttire: casual","RestaurantsCounterService: True","RestaurantsDelivery: False","RestaurantsGoodForGroups: True","RestaurantsPriceRange2: 2","RestaurantsReservations: False","RestaurantsTableService: True","RestaurantsTakeOut: True","WheelchairAccessible: False","WiFi: free"],"categories":["American (Traditional)","Restaurants","German","American (New)","Steakhouses","Bars","Breakfast & Brunch","Salad","Nightlife"],"hours":["Monday 7:30-22:30","Tuesday 7:30-0:0","Wednesday 7:30-1:0","Thursday 7:30-1:0","Friday 7:30-1:30","Saturday 9:0-1:30","Sunday 9:0-22:30"],"type":"business"},"user":{"name":"Mimi","review_count":14,"yelping_since":"2012-02-24","friends":["vQbm59dC_8mPKpF48pqYrQ","a73yoy8maW9bbW-Hugj4kA","t987vyqL6dRc991ZoeWnhA","e0IOWgIiuf3QrBKASo1hTA","1He06gPEnP9Ejhe4ijqAng","VCakPrv0xLw5kaBs5xZS9w","XGYudUU0UK4vbQb8KFf5rA","P6PVqI1KzWJtGSv5Uiggng","Oh6RE3G25Q537DpiYB2tMA","poJ6lTmpE0MAThfujtdhVQ","8lB4_IcQmg7miuJlu_9_fA","7Ehk7yILVv8-4UvJSCWHpw","pZ4DvuVljY3LGvlcJsc7Jg","HISbymri-LCzCTHNsC1KIg","hphp4CB32Gzlh9YUOQVbgQ","5tZGu9Eun8jhtIlkv_2O6Q","UI8Vil-4Qq5Kmolep_e5IQ","4AM_bYroC1O1SsE1xM0FpQ"],"useful":9,"funny":0,"cool":0,"fans":0,"elite":["None"],"average_stars":2.47,"compliment_hot":0,"compliment_more":0,"compliment_profile":0,"compliment_cute":0,"compliment_list":0,"compliment_note":0,"compliment_plain":0,"compliment_cool":0,"compliment_funny":0,"compliment_writer":0,"compliment_photos":0,"type":"user"}}
