{"review_id":"qn41y9fDQnLRUUYJDnslWQ","user_id":"QeBp6NmcB-EIGK2v08fE-A","business_id":"XmsBtCykUtObXg4Q1mYpvg","stars":5,"date":"2010-09-02","text":"This was my first time at Graze. I thought the atmosphere was awesome. The service was great and the food was phenomenal. I had the <Graze burger> and it was delicious. We had a well recommended bottle of <wine> and finished the night with the <bourbon pecan pie>. I would highly recommend this restaurant for anyone looking for a great place to eat with good service and a great view.","useful":0,"funny":0,"cool":0,"type":"review","restaurant":{"name":"Graze","neighborhood":"Capitol","address":"1 S Pinckney St","city":"Madison","state":"WI","postal_code":"53703","latitude":43.075094045,"longitude":-89.3820914577,"stars":4.0,"review_count":777,"is_open":1,"attributes":["Alcohol: full_bar","Ambience: {'romantic': False, 'intimate': False, 'classy': False, 'hipster': False, 'divey': False, 'touristy': False, 'trendy': True, 'upscale': False, 'casual': False}","BikeParking: True","BusinessAcceptsCreditCards: True","BusinessParking: {'garage': False, 'street': True, 'validated': False, 'lot': False, 'valet': False}","Caters: False","GoodForKids: False","GoodForMeal: {'dessert': False, 'latenight': False, 'lunch': False, 'dinner': True, 'breakfast': False, 'brunch': False}","HasTV: False","NoiseLevel: average","OutdoorSeating: True","RestaurantsAttire: casual","RestaurantsDelivery: False","RestaurantsGoodForGroups: True","RestaurantsPriceRange2: 2","RestaurantsReservations: False","RestaurantsTableService: True","RestaurantsTakeOut: True","WheelchairAccessible: True","WiFi: free"],"categories":["Restaurants","American (New)","Gastropubs"],"hours":["Monday 11:0-22:0","Tuesday 11:0-22:0","Wednesday 11:0-22:0","Thursday 11:0-22:0","Friday 11:0-23:0","Saturday 9:30-23:0","Sunday 9:30-15:0"],"type":"business"},"user":{"name":"Tony","review_count":11,"yelping_since":"2010-08-13","friends":["Klaq-AeeN_ik-e83kwmh2w","ax9FwUC3biMl5PYIShZ1nQ","J3Hp5rrkSHu-8Tj8F-ZKQQ","UkkRQsSI3pD9bFmtXt1szQ","RiJ7xa3XMeXd_oXHnk0aYw","sfFjJCJJTDBV5rByNz-PAA","r4z50w1eH6ITjZ6AajR1hA","sOmLUSnr2zbjiqyGHRnkpQ","FMM92hB44obMYvCZPSMf8Q","WKAm_fCVVMiqWHEkzIcyAQ","CPJGfk1qoG-Z4Tw6ycAGQw","4HwYBVZbdrLKCv2gE7_szQ","ImDyPwq1DaPKc6bDR0_yuQ","ojnwGXYTGTFSwO48DjC_5g","sik_bO582S-yIzFIzRDstA","Dr2Uiv9mn6MgUNT9rcoASg","fcXkl6Nan_nDc7gCC05_VQ","utb7xjzft1jw9elL7kqipw","T3-baqBB4wC-z49QhpQndg","JpLZ0MgMu64vsr38MK2GOA","a3NWeLsW7_qRVBqpy1zqDw","SDPvofHTWLDrr7bBCgtI_A","a2R6549KjKOFbcQUn8cAVA","mFaXAW-puhZJE3CKaqHyRg","wme9YB4HX_O_1mJ9dux08Q"],"useful":0,"funny":0,"cool":0,"fans":0,"elite":["None"],"average_stars":4.17,"compliment_hot":0,"compliment_more":1,"compliment_profile":0,"compliment_cute":0,"compliment_list":0,"compliment_note":0,"compliment_plain":0,"compliment_cool":0,"compliment_funny":0,"compliment_writer":0,"compliment_photos":0,"type":"user"}}
