{"review_id":"puMivB4efKCkiE6DHqqh-g","user_id":"ErI3UkM6SCoOVQK6ycDiIg","business_id":"Zzvjuyxr1iudPN_heAAygw","stars":2,"date":"2015-06-27","text":"Living on their reputation.  I've been coming here for years but find their ever rising prices for mediocre food to be too much.  Tonight we got there around 5:15 and the parking lot was half empty so figured we wouldn't have to wait too long.  We were told 20-30 minutes. OK.  An hour later my wife checked in again and we were told 20 minutes.  Yeah, right, someone screwed our reservation up I think.\n\nSo finally at 6:40 we get in and I noticed the prices were significantly higher than what I remembered from last time.  $14 for a <cod> dinner?  So screw it I ordered a <burger> with a glass of water, one daughter also only had water. They had <meatloaf>, perch and chicken. No appetizers or desert.  With tip the meal was over $70.  And it wasn't worth $40.\n\nI'm done with the place.  Just too many other great places to eat out in Madison for much more reasonable prices.","useful":0,"funny":0,"cool":0,"type":"review","restaurant":{"name":"Quivey's Grove","neighborhood":"","address":"6261 Nesbitt Rd","city":"Fitchburg","state":"WI","postal_code":"53719","latitude":43.00922,"longitude":-89.4792573,"stars":3.5,"review_count":117,"is_open":1,"attributes":["Alcohol: full_bar","Ambience: {'romantic': False, 'intimate': False, 'classy': False, 'hipster': False, 'divey': False, 'touristy': False, 'trendy': False, 'upscale': False, 'casual': False}","BYOB: False","BYOBCorkage: yes_free","BikeParking: True","BusinessAcceptsCreditCards: True","BusinessParking: {'garage': False, 'street': False, 'validated': False, 'lot': True, 'valet': False}","Caters: True","Corkage: False","GoodForKids: True","GoodForMeal: {'dessert': False, 'latenight': False, 'lunch': False, 'dinner': True, 'breakfast': False, 'brunch': False}","HasTV: False","NoiseLevel: quiet","OutdoorSeating: True","RestaurantsAttire: casual","RestaurantsDelivery: False","RestaurantsGoodForGroups: True","RestaurantsPriceRange2: 2","RestaurantsReservations: True","RestaurantsTableService: True","WheelchairAccessible: True","WiFi: no"],"categories":["Fish & Chips","American (New)","American (Traditional)","Restaurants"],"hours":["Monday 11:0-21:0","Tuesday 11:0-21:0","Wednesday 11:0-21:0","Thursday 11:0-21:0","Friday 11:0-22:0","Saturday 11:0-22:0"],"type":"business"},"user":{"name":"Daniel","review_count":43,"yelping_since":"2011-10-14","friends":["T4--cxZR86FUZ2b9u2ZM-A"],"useful":22,"funny":10,"cool":3,"fans":0,"elite":["None"],"average_stars":3.43,"compliment_hot":0,"compliment_more":0,"compliment_profile":0,"compliment_cute":0,"compliment_list":0,"compliment_note":3,"compliment_plain":0,"compliment_cool":0,"compliment_funny":0,"compliment_writer":1,"compliment_photos":0,"type":"user"}}
