{"review_id":"0kRJz839BibifnkWqOv0Fw","user_id":"JrfE-SjEW0R2f2YkeSGo7g","business_id":"DQMaUSbKsRtB5lJD3egqxQ","stars":4,"date":"2008-04-24","text":"Wah Kee is one of several places I wish I had spent more time at in Madison. The menu is very extensive, and it has both many Chinese dishes that are familiar in American-Chinese restaurants, as well as several specialty <noodle> dishes. Not all of the descriptions are adequate; I ordered one <Singapore Noodle> dish that had eggs in it, the fact of which was not mentioned in the menu description (it was otherwise a very good item, though). So you may want to ask the staff about the items if you have questions (they are very helpful). Overall, I highly recommend this place.","useful":0,"funny":0,"cool":0,"type":"review","restaurant":{"name":"Wah Kee Wonton Noodle","neighborhood":"Williamson - Marquette","address":"600 Williamson St, Ste E","city":"Madison","state":"WI","postal_code":"53703","latitude":43.0769499,"longitude":-89.3745611,"stars":3.5,"review_count":123,"is_open":1,"attributes":["Alcohol: beer_and_wine","Ambience: {'romantic': False, 'intimate': False, 'classy': False, 'hipster': False, 'divey': False, 'touristy': False, 'trendy': False, 'upscale': False, 'casual': True}","BikeParking: True","BusinessAcceptsCreditCards: True","BusinessParking: {'garage': False, 'street': False, 'validated': False, 'lot': True, 'valet': False}","Caters: False","GoodForKids: True","GoodForMeal: {'dessert': False, 'latenight': False, 'lunch': True, 'dinner': True, 'breakfast': False, 'brunch': False}","HasTV: True","NoiseLevel: average","OutdoorSeating: False","RestaurantsAttire: casual","RestaurantsDelivery: True","RestaurantsGoodForGroups: True","RestaurantsPriceRange2: 1","RestaurantsReservations: False","RestaurantsTableService: True","RestaurantsTakeOut: True","WheelchairAccessible: True","WiFi: no"],"categories":["Chinese","Noodles","Restaurants","Cantonese"],"hours":["Monday 11:0-14:30","Monday 16:30-21:30","Tuesday 11:0-14:30","Tuesday 16:30-21:30","Wednesday 11:0-14:30","Wednesday 16:30-21:30","Thursday 11:0-14:30","Thursday 16:30-21:30","Friday 11:0-14:30","Friday 16:30-22:0","Saturday 11:0-22:0","Sunday 12:0-21:0"],"type":"business"},"user":{"name":"Ben","review_count":78,"yelping_since":"2008-04-19","friends":["3h38QgaoxooCojoN6pZNUA","Xw-OtnP4zNbyBtlGNhfVeA","JKzqdJ8Xe7uHHcQo5vthNA","Myh4gKfysyqsWWdSot0SeQ"],"useful":67,"funny":33,"cool":20,"fans":2,"elite":["None"],"average_stars":4.1,"compliment_hot":3,"compliment_more":0,"compliment_profile":0,"compliment_cute":0,"compliment_list":0,"compliment_note":1,"compliment_plain":2,"compliment_cool":2,"compliment_funny":2,"compliment_writer":1,"compliment_photos":0,"type":"user"}}
