{"review_id":"22w_K9l1hGm8U0x95uAAag","user_id":"nT3tLANzGy0a7DuB_GIQjA","business_id":"_euNvs0P14284FXN1vZ_Pw","stars":5,"date":"2015-09-21","text":"This might be my new favorite brunch place. Conveniently located a short but vigorous bike ride away from my new digs, Crema serves up some fresh realness for your AM munchies. The <Killer Scramble> is highly Rebeccamended because I am obsessed with smoked salmon, and their eggs are buttery and fluffy. The <coffee> is on point, as are their savory <pastries>. If you like reasonably priced and delicious breakfast/lunch, try Crema.","useful":1,"funny":1,"cool":2,"type":"review","restaurant":{"name":"Crema Cafe","neighborhood":"Lake Edge","address":"4124 Monona Dr","city":"Madison","state":"WI","postal_code":"53716","latitude":43.0785876,"longitude":-89.3240091,"stars":4.0,"review_count":142,"is_open":1,"attributes":["Alcohol: none","Ambience: {'romantic': False, 'intimate': False, 'classy': False, 'hipster': False, 'divey': False, 'touristy': False, 'trendy': False, 'upscale': False, 'casual': True}","BikeParking: True","BusinessAcceptsCreditCards: True","BusinessParking: {'garage': False, 'street': False, 'validated': False, 'lot': True, 'valet': False}","Caters: True","GoodForKids: True","HasTV: False","NoiseLevel: average","OutdoorSeating: True","RestaurantsAttire: casual","RestaurantsDelivery: False","RestaurantsGoodForGroups: False","RestaurantsPriceRange2: 1","RestaurantsReservations: False","RestaurantsTableService: False","RestaurantsTakeOut: True","WheelchairAccessible: True","WiFi: free","GoodForMeal: {'dessert': False, 'latenight': False, 'lunch': True, 'dinner': False, 'breakfast': True, 'brunch': True}"],"categories":["Restaurants","Breakfast & Brunch","Food","Coffee & Tea","Cafes","Vegan","Sandwiches"],"hours":["Monday 6:30-15:30","Tuesday 6:30-15:30","Wednesday 6:30-15:30","Thursday 6:30-15:30","Friday 6:30-15:30","Saturday 7:0-15:0","Sunday 7:0-15:0"],"type":"business"},"user":{"name":"Rebecca","review_count":588,"yelping_since":"2008-01-12","friends":["jfgA2Gmiu7upBqwLuBERzg","tbycp0aRhRsiAVYUAVR_uQ","3S7cA5U-pGl1mC_9J0nTcw","Tk2DscrRA0sXPXKb0ZzBCg","QPBY_l0JlM6_nGU_lvnA8w","uig9_3wZN5f4m4D8rJ33pg","ZS6gksuvt85c7gGviTjeCw","nSKG4DqG3l9A3I05AZ8nIw","iSxtVEkV6gEKGJsTybClZA","o0nOpztfH2A5QXUXQD0uew","ADJuhbDAaGSYf_julEwCuw","V7Q6GjezXk1GanE__2DeSg","PI51J_fKhEfZKhi-MjWBpg","Ts1MltzMLkLTxdSj76YrXA","80ruzr1hw_uJebWtx_IVAA","mUHJuirfyq3EsgNbhTkj2A","SdXxLZQQnQNUEL1rGMOQ6w","W-uhwG7zbzJuGiHxpoS1xA","tftdrz12XmrmATWAeyCbSw","oUv5DXjWYzMH3ljAa7Dfgw","wNM2R5ny7OlDhj53oNl20w","b3rLTyr7SOpME0uxReH9Xw","CH9VC7aLLsV8NFdaoU_uog","CLBhU0yc2OPoJTRRSdqN8Q","qzrgMvoe0wO8_hxSXMetzA","TE9o4cWvNXg5IYcjAwI5hg","Q3TBG3MquVltOG-orR8QYg","j2JCk4s7wi0U9EiV1cfOOg","A3eAIFfkvfudRM9QeEaIJw","4szODHRVgym88J6CCRAxxQ","9M3gY85BdlzFidhQyA5o9A","Z51O8-MOLfclC1rKE4LB6w","Tpmvufw1eea1DrjLAY2jLg","9TtCAFDZ0IpgBHFzvza79w","RUADiQkUCe-qI5C5_IlFOw","LmqbL60LuUBRlEhe6jIlJw","w53Wn9P0Xp_Kjf8rqPUF1A","0nPh2NKEBngjZ57jACy-Aw","aKhv49qQ1A1MDvGZ-cVh7Q","EhwkndclyZHev3v9wo9K4A","fHS0bQ-l5rHME_xXKQSYXQ","fSYoexXLwOm66XBPiKHeXw","NPAqLyw-hdvO7xK7FCrKQw","puWx-aZZiNatgIc3sIclBg","9I-kXfb7-1iAQFvHplk1PA","5GewwR5AO0_Yf5GOei1Nsw","sOT_BVhoT9Y2tdVr9X-JAg","DcCdBdEaygsgFhAs2OZDtQ","srFZ0_Q7ktL5USL63yzrHQ","QJI9OSEn6ujRCtrX06vs1w","HHEXgBRDdkFSiDu1gDSdKg","jr3_t_byeJnsay_ntK1G7A","g_rPd1D_AVILGt4S4DHXDQ","FZJuFAyZEvrEKR_HHRcBqg","uf1UdKswKWOqFLUvRvvbzA","8vLpB4NtxsjRvKml80l33w","0S9elziV5jOftlIAJfVnVA","LfTczq6bwH82ce5DvRmnUQ","0GofXkDxkxI8utl53gB_6Q","vkL8MYd6dSIGW_gieYmKrA","VhaWcErH5iE7dU3nZVnn5A","eEFv1scZYelhIyQnWrjAmQ","XDHxyObeeprcyH5MIY-3gg","1YjohCkynavMgPvufW5NSA","Ef-ZmzDJ7J-_H-FwnP8k0A","XkXhvRmzyKzTaqXcmfAsXA","8teQ4Zc9jpl_ffaPJUn6Ew","ISJ860z59OPGcuBbo-kjXg","DA90NhtNTNpXxdrXIecg8Q","BXuxdO-lBL4tdg1-AthsaQ","66FaIoHBB102hFnwLrEE_w","0gAybDFQTjbztfIzPJ94nw","OncaXY-q1VtfPTwnzQJpRw","dXQEsl64zvgDVbxU-jDNzA","H5R7Ej_PMWCoikSVlyht4w","ea_Wwhznhj-rxb1ueZgYZA","7O1_x_3IlgjpY9BkiZ16xQ","wd3xoNaDLib8dhQ7BxUl6g","0pwHUIXiCS1dz2oMqiIzsg","nKD00v01LghQGuy0Jc4BhA","aHl-3UItyhhS9P40Nr9EaA","_UrgR8x-enYzt-XgnjJ3wQ","fViipxjVflKwaDG6IF5_Pg","I2OXWsGgBpmSAgeU43nuDQ","K0MCIIwZLkME9EzlVaRNIg","C__1BHWTGBNA5s2ZPH289g","3YBSfoUP7s9Bue1iVesn9g","BV9925KFD6KWxPpkSNN0dQ","FLWDWec5abGPMyaOTXoGmg","kHtjUNrtA4adXMPfCYsyYw","Tuvjc7bSgSV_mx79RvEqRQ","-2sNTzGyci98Mp9PmPRg8w","4q02ALXu_6i7-GWZAW9ctQ","YUxH_F9jMGAe7PIe8DO34Q","-KuJfIEp_gjFVdECDrDxhw","_Thnvw6dXtng4l1zp5N45w","eEFHo_VFdkYOYFQAC1UapQ","xbfFwxIVFLSKAgDZ-JIIuQ","llsbSKHnzAUPByQwzOybIA","qVc8ODYU5SZjKXVBgXdI7w","-0MQ4webH2uc1ZAsGsNENg","SDsVaBzPJr8fdY4-m5bjdw","FKclATu5-fmK6lsAUuHp7w","l0jejmRcICSPYudZ8wEYmQ","C3qEstGibMzf_O8ghB4BpQ","7-bGErnDfMVPe1VYH04yqQ","U-yMG13fzv5Nm5ltMWyy_w","fJ_qSZH_akvWzHUPMqab1g","3mwqzfJCBbYSi_0Tpc_Abg","nfmN_tFAJ3HA03oM0KdV1g","iHB75LCfFkIC1Oj86CqT1A","sIc5n__Ov4p2FW0tB86IWQ","PI0eimcnaUOl64msLXKLuQ","VukcjKh0gbROToqjvN40Mw","nODk_1cOo7Y6ceMyPN1iZw","Fv89LEgldeh3POnhDxBlGw","VHoz-_mf_jFQCINNkBMKSw","Grt1JxeC6Vu9xDbvvOs6ew","KxelCZRC99hjRSRy1Mj6jg","UBsLObCOSI5Sb0G2W8nqIg","V3Vq2DVl3JYf9LQjZturzg","y64GfqzNAsSnKBhkdOEn0g","jPZxo86CiYztJMwsXc-8xg","4NasTqV-SeT76ijXUt-nXQ","EEESiKQoL9jwHj10wU2Ynw","3SjuSSD06c8mKr6JROw0Rw","EVlNHC3J1Y46LN4fkTwfvA","c7cthFeFA15Qub1yuF8IhQ","5HFvImKQXz3EUFZmHqH9LQ","SaBqNmYqE432AmTYef5C-A","FZvqAriYnox2A9-rLDG72g","s75d8PSqVbCJtclvBdne3Q","SlmtW5_j_C5Yac6wPMxOnw","-_uv_Ss_oifFeU1aFr3yWw","nhMM-sKH2eLa7ZJ1d9IdLA","TqPLT4SHNyDfjRVDIz2zeA","lYFIyXfT7qx9-h_GCt6YZQ","HNycc5PctOiR2PXb-TFCIQ","RTWsMisf73pGnbagf1vmvg","u20EKCi_Iq99Wr8f-hH38A","Ms3c4eEvcyqlxKvH_2hzcQ","n_pBCJIJDDo4UVXxzM5VCw","DOj9NanlJP3xntULCy5Uow","EKMvtp53otIbSFS_ZRUTdw","LUiB72Pa35Re92_t0qnb4g","TqKg5XonFWPAacSLpUNIVQ","7dOfEcf1GITVv7we8Pdmyg","5--MI8h3CqtgwtVSGlbS-w","N2LfE0g8BU_nDTLYGlCRiw","72jyd5wMZj_mJ7MGu6yeOA","cDhs0eRMGtVVXzr5eiGiIQ","5Ak87KzB409zNImUehS7EQ","o4Ge_XsD_wnkicFNYIq6YQ","cIPY73MTS8NN3aL1YoS4ZA","iD7HFt90AyDEAIBVPg93og","CQUDh80m48xnzUkx-X5NAw","7Ia5yRck89GVyHzWZKRAYw","H0DFDbJ2treqCIZV7JlOQw","f7Emr9Q4H5r_jO_DW3QuIQ","1Y7b7hOZvztt0tNRQSeB9w","6I042PLRiYub7RvufcqjZQ","-viNp_5lGLEz0nawMtEswQ","ACP7CyxfItBr-MaRBbGs9Q","OCipBMwiD22ZqH7vfgvuYA","s8nkbQAlrVPfg1u4anGKtw","DYONpUFtHQK_cYD9ylG_4Q","Dhcl7JC7AWWk1lqnKKfulg","rSsbCUYJpw0mkqZ-Hwlj3Q","GKMoBShAWuWQ6H2EoaHNPA","c1ShnRWwXJeik6lxgrBCxw","03FWBi8ackcSksjO1o2GSQ","9jtpUQ22IWkk02MY8t3OIw","HdlwaDK_i2VSki8UnDARbg","sadqGSZaFMXboG6N39CDtQ","bGzQELylOfNPi_XpitxPTQ","LYXc1p5VH4ny-KO2-W1_eQ","d5WLqmTMvmL7-RmUDVKqqQ","Mipdu7lpfjDHC8WqUpFtHg","XBZ9P694Iem1371FBzcowA","JUT0U3HTSB3kz9Wh7N0GqA","JI2HPIivGVUFVdTo3uXoYg","LboXWlcBzR-jmrnH-FpNbw"],"useful":209,"funny":243,"cool":201,"fans":39,"elite":["2011","2016","2017","2013","2009","2012","2015","2014","2010"],"average_stars":3.95,"compliment_hot":59,"compliment_more":3,"compliment_profile":3,"compliment_cute":3,"compliment_list":2,"compliment_note":43,"compliment_plain":89,"compliment_cool":144,"compliment_funny":144,"compliment_writer":52,"compliment_photos":5,"type":"user"}}
