{"review_id":"L16GdX3CouxP-J2go0-_Gg","user_id":"TutrJDdHioGXAzIRdCGpFA","business_id":"asAHqgKQtCWiBbC3XriSIQ","stars":3,"date":"2016-10-12","text":"This place is ' ok' it's not the worst or the greatest but I still return for more. It's really hard to rate this location so that's the only reason I am giving them a 3. I've came here before and my food was absolutely fantastic! Then sometimes I come here and its either bland or too greasy. If I'd had to choose between this location or Raymond Rd, I'd choose the Raymond road location hands down..plus their service is way better. The Gammon location should take some notes on their customer service.","useful":1,"funny":0,"cool":0,"type":"review","restaurant":{"name":"Chang Jiang","neighborhood":"","address":"646 S Gammon Rd","city":"Madison","state":"WI","postal_code":"53719","latitude":43.0505454,"longitude":-89.5039768,"stars":3.5,"review_count":24,"is_open":1,"attributes":["Alcohol: none","BikeParking: True","BusinessAcceptsCreditCards: True","BusinessParking: {'garage': False, 'street': False, 'validated': False, 'lot': False, 'valet': False}","Caters: False","GoodForKids: True","GoodForMeal: {'dessert': False, 'latenight': False, 'lunch': False, 'dinner': False, 'breakfast': False, 'brunch': False}","HasTV: False","NoiseLevel: quiet","OutdoorSeating: False","RestaurantsAttire: casual","RestaurantsDelivery: True","RestaurantsGoodForGroups: True","RestaurantsPriceRange2: 1","RestaurantsReservations: False","RestaurantsTableService: False","RestaurantsTakeOut: True","WiFi: no","Ambience: {'romantic': False, 'intimate': False, 'classy': False, 'hipster': False, 'divey': False, 'touristy': False, 'trendy': False, 'upscale': False, 'casual': False}"],"categories":["Chinese","Restaurants"],"hours":["Monday 11:0-22:0","Tuesday 11:0-22:0","Wednesday 11:0-22:0","Thursday 11:0-22:0","Friday 11:0-22:30","Saturday 11:0-22:30","Sunday 11:0-22:0"],"type":"business"},"user":{"name":"Anonymous","review_count":18,"yelping_since":"2015-12-30","friends":["SCItTR3aIx7yH9NlXDaeQw","TnKfdPz5P7HeHtaqMcoYbA","uxCl6I8HQ96Gu-mNsKTpEA","7b1ZbL4KrYoUbY8IyfMGUw","7smbwTldY94YHEN_FOgCfA","3mikd9uRkjFYUdmVgfsdZw","wd3xoNaDLib8dhQ7BxUl6g","7--VYhwtJRU6SfUcX1oUcQ","R6ev3L3C8VV0q3l0tUt_nQ","0H1nLyDJTxGGPiZ1zg53qQ","BV8TiR22oeJgW6beoQYgKA","AsHb-u8sDfc2guwbj9M4Cw","UaWcJGTWNQX0KN3-Fyc5fg","sH_cYZTnXM4jsDbS_iKjGg","GgFOzsUil69ZUEFFtGkVYw","oCxCECvakyL_2X4jLOcBWA","pQ-ZjQHedNPlSpXHItepXw","Ih-l0FPW0rTx4uWDIubPEA","vLNCXJd483slZtvrV-at-Q","0WYsyrDgKDXWuUCBQDmv6w","oOioAPdyYdvil0-Z3acwGg","CGLyhUNjGkpAjDhbKM-ZiQ","GuHxXAscw70YDeS6VR-evg","7xk7w7ssuefcijqWIwYYJg","I6gBoC8GVxhSgTEUySpFpw"],"useful":5,"funny":1,"cool":4,"fans":0,"elite":["None"],"average_stars":3.55,"compliment_hot":0,"compliment_more":0,"compliment_profile":0,"compliment_cute":0,"compliment_list":0,"compliment_note":3,"compliment_plain":0,"compliment_cool":0,"compliment_funny":0,"compliment_writer":0,"compliment_photos":0,"type":"user"}}
