{"review_id":"VCSsJwd51Ppo6LWLmUhtAw","user_id":"klDSaa_GkhO-adc1gQlwRQ","business_id":"_VG3IAIbXdends4ATxlEiA","stars":1,"date":"2014-10-22","text":"Service slow.  Dining area is dirty, bathrooms -- out of soap, TP and FILTHY and in a scuzzy part of town.\n\nOne star is generous.","useful":0,"funny":0,"cool":0,"type":"review","restaurant":{"name":"McDonald's","neighborhood":"Burr Oaks","address":"2402 S Park St","city":"Madison","state":"WI","postal_code":"53713","latitude":43.0395114,"longitude":-89.3946639,"stars":1.0,"review_count":5,"is_open":1,"attributes":["BusinessAcceptsCreditCards: True","DriveThru: True","GoodForKids: False","RestaurantsAttire: casual","RestaurantsDelivery: False","RestaurantsGoodForGroups: False","RestaurantsPriceRange2: 1","RestaurantsReservations: False","RestaurantsTakeOut: True"],"categories":["Fast Food","Burgers","Restaurants"],"hours":null,"type":"business"},"user":{"name":"Joe","review_count":10,"yelping_since":"2013-08-13","friends":["None"],"useful":0,"funny":0,"cool":0,"fans":0,"elite":["None"],"average_stars":2.55,"compliment_hot":0,"compliment_more":0,"compliment_profile":0,"compliment_cute":0,"compliment_list":0,"compliment_note":0,"compliment_plain":0,"compliment_cool":0,"compliment_funny":0,"compliment_writer":0,"compliment_photos":0,"type":"user"}}
