{"review_id":"CH6QHLHqBqFBMX2RBdDvsw","user_id":"9753eOrBVUepAl3hUoHpiw","business_id":"lJDnML8EVAc_muLXhN32Yw","stars":2,"date":"2013-01-27","text":"I love diners, and I love breakfast out on the weekends.  I would love to like this place.  Food was decent.  Service was not.  And it is simply a VERY dirty place.  \nIf they spent a half-day cleaning it, and suggested to servers to greet people and smile occasionally it would improve drastically.","useful":1,"funny":0,"cool":0,"type":"review","restaurant":{"name":"The Curve","neighborhood":"","address":"653 S Park St","city":"Madison","state":"WI","postal_code":"53715","latitude":43.0600205,"longitude":-89.400397,"stars":4.0,"review_count":51,"is_open":1,"attributes":["Alcohol: none","Ambience: {'romantic': False, 'intimate': False, 'classy': False, 'hipster': False, 'divey': True, 'touristy': False, 'trendy': False, 'upscale': False, 'casual': True}","BikeParking: True","BusinessAcceptsCreditCards: False","BusinessParking: {'garage': False, 'street': True, 'validated': False, 'lot': False, 'valet': False}","Caters: False","GoodForKids: True","GoodForMeal: {'dessert': False, 'latenight': False, 'lunch': False, 'dinner': False, 'breakfast': True, 'brunch': True}","HasTV: False","NoiseLevel: average","OutdoorSeating: False","RestaurantsAttire: casual","RestaurantsDelivery: False","RestaurantsGoodForGroups: False","RestaurantsPriceRange2: 1","RestaurantsReservations: False","RestaurantsTableService: True","RestaurantsTakeOut: True","WheelchairAccessible: True","WiFi: no"],"categories":["Diners","Restaurants"],"hours":["Monday 6:0-13:0","Tuesday 6:0-13:0","Wednesday 6:0-13:0","Thursday 6:0-13:0","Friday 6:0-13:0","Saturday 6:0-13:0","Sunday 6:0-13:0"],"type":"business"},"user":{"name":"John","review_count":110,"yelping_since":"2011-03-07","friends":["oc2HbLtmHm8CG7I7kBxvRw","l2svqej0FSC-Qyx7x0iLTA","jY9NrVPUaJh3HzX4iCOUGQ","o_6fMZKX_vZDsSmnEPMjcA","d5WLqmTMvmL7-RmUDVKqqQ","lkFH9unKY4qA4xT_8qlFzw","8ZLAklUl3vS9cnlwpv3v5g","fsrnuOinLOvoFhqUxQy4cA","2GYyqD8wsv4MOcqoy0Rs0Q","e9bVxMuG-1NIJWqT_pDEmQ","wd3xoNaDLib8dhQ7BxUl6g"],"useful":17,"funny":7,"cool":7,"fans":1,"elite":["None"],"average_stars":4.35,"compliment_hot":2,"compliment_more":1,"compliment_profile":0,"compliment_cute":0,"compliment_list":0,"compliment_note":3,"compliment_plain":3,"compliment_cool":3,"compliment_funny":3,"compliment_writer":2,"compliment_photos":0,"type":"user"}}
