{"review_id":"_FvhCohipVvLqAE8p4OTzQ","user_id":"vk-FnevbLIJC1Ut-yUIkBA","business_id":"4GJ9B9IUeOYQtqfG_BYwlw","stars":5,"date":"2016-01-20","text":"A great gem just outside of Madison. Incredible food, great service, hilarious bartender. We will definitely return!","useful":2,"funny":0,"cool":2,"type":"review","restaurant":{"name":"Wendigo","neighborhood":"","address":"121 E Main St","city":"Stoughton","state":"WI","postal_code":"53589","latitude":42.916511,"longitude":-89.220072,"stars":4.5,"review_count":82,"is_open":1,"attributes":["Alcohol: full_bar","BestNights: {'monday': False, 'tuesday': False, 'friday': True, 'wednesday': False, 'thursday': False, 'sunday': False, 'saturday': True}","BikeParking: True","BusinessAcceptsCreditCards: True","BusinessParking: {'garage': False, 'street': True, 'validated': False, 'lot': False, 'valet': False}","Caters: False","CoatCheck: False","GoodForDancing: False","GoodForKids: True","GoodForMeal: {'dessert': False, 'latenight': False, 'lunch': False, 'dinner': True, 'breakfast': False, 'brunch': False}","HappyHour: False","HasTV: False","Music: {'dj': False, 'background_music': False, 'no_music': False, 'karaoke': False, 'live': False, 'video': False, 'jukebox': False}","NoiseLevel: average","OutdoorSeating: False","RestaurantsAttire: casual","RestaurantsDelivery: False","RestaurantsGoodForGroups: True","RestaurantsPriceRange2: 2","RestaurantsReservations: True","RestaurantsTableService: True","RestaurantsTakeOut: True","Smoking: no","WiFi: no","Ambience: {'romantic': False, 'intimate': False, 'classy': False, 'hipster': False, 'divey': False, 'touristy': False, 'trendy': False, 'upscale': False, 'casual': False}"],"categories":["Nightlife","Restaurants","Bars","American (New)","American (Traditional)"],"hours":["Tuesday 16:0-22:0","Wednesday 16:0-22:0","Thursday 16:0-22:0","Friday 16:0-0:0","Saturday 16:0-0:0","Sunday 9:0-14:0"],"type":"business"},"user":{"name":"Kelsey","review_count":3,"yelping_since":"2016-01-20","friends":["None"],"useful":0,"funny":0,"cool":0,"fans":0,"elite":["None"],"average_stars":5.0,"compliment_hot":0,"compliment_more":0,"compliment_profile":0,"compliment_cute":0,"compliment_list":0,"compliment_note":0,"compliment_plain":0,"compliment_cool":0,"compliment_funny":0,"compliment_writer":0,"compliment_photos":0,"type":"user"}}
