{"review_id":"8G2f3kUoY884vmHcS_X6eQ","user_id":"aY1pbwrDLHHElTW-uU00_g","business_id":"Eydky7VulZijOJ37yl8IGQ","stars":5,"date":"2014-10-30","text":"This place is seriously great- food, service, drinks, everything. I get the <catch of the day> almost every time I come (4ish times a month) and it never disappoints, AND the <Caesar salad> is probably the best in the area. Also, the wait staff is phenomenal. Had vegan friends visiting several weeks ago and our waiter went way out of his way to accommodate.","useful":1,"funny":1,"cool":1,"type":"review","restaurant":{"name":"The Spot","neighborhood":"Tenney - Lapham","address":"827 E Johnson St","city":"Madison","state":"WI","postal_code":"53703","latitude":43.0837395,"longitude":-89.3768968,"stars":4.0,"review_count":61,"is_open":0,"attributes":["Alcohol: full_bar","Ambience: {'romantic': False, 'intimate': True, 'classy': False, 'hipster': False, 'divey': False, 'touristy': False, 'trendy': False, 'upscale': False, 'casual': False}","BestNights: {'monday': True, 'tuesday': True, 'friday': False, 'wednesday': True, 'thursday': False, 'sunday': False, 'saturday': False}","BikeParking: True","BusinessAcceptsCreditCards: True","BusinessParking: {'garage': False, 'street': True, 'validated': False, 'lot': False, 'valet': False}","Caters: True","CoatCheck: False","DogsAllowed: True","GoodForDancing: False","GoodForKids: True","GoodForMeal: {'dessert': False, 'latenight': False, 'lunch': False, 'dinner': True, 'breakfast': False, 'brunch': True}","HappyHour: True","HasTV: True","Music: {'dj': False, 'background_music': True, 'no_music': False, 'karaoke': False, 'live': False, 'video': False, 'jukebox': False}","NoiseLevel: quiet","OutdoorSeating: True","RestaurantsAttire: casual","RestaurantsDelivery: False","RestaurantsGoodForGroups: True","RestaurantsPriceRange2: 2","RestaurantsReservations: True","RestaurantsTableService: True","RestaurantsTakeOut: True","Smoking: no","WheelchairAccessible: True","WiFi: no"],"categories":["American (New)","Restaurants","Food","Nightlife","Bars","Modern European","Gastropubs"],"hours":["Tuesday 17:0-21:0","Wednesday 17:0-21:0","Thursday 17:0-21:0","Friday 17:0-22:0","Saturday 17:0-22:0","Sunday 12:0-22:0"],"type":"business"},"user":{"name":"Ariana","review_count":19,"yelping_since":"2014-10-30","friends":["JUT0U3HTSB3kz9Wh7N0GqA","aHiLmgQMMwZR0B49t8ek0w","PUrTwkKU-jxMayDkjo2i8Q","3gEA_oVNGIVN3AG9BLp8hw","uyGPhsab2mrgaO1iMtuLOw","ig2Sr8lMsdmilKMc2wH4fA","wd3xoNaDLib8dhQ7BxUl6g","d5WLqmTMvmL7-RmUDVKqqQ","R67BFsd615Jf1Qc0ViqtUQ","adtOywpRnG5-4mjQMQE1FA","cwEZkJUtUWw4RlJ_BUTu6g","aR7F6JaHjsYW_j5Biih0rQ","Tp5RKqyyzXsO_5BcC3OQuQ","2eHPJAJhhLe4iHXmjiLF8g","V270pyfXgZlnDDCUMAHhjA","mUHJuirfyq3EsgNbhTkj2A"],"useful":51,"funny":4,"cool":8,"fans":2,"elite":["2015"],"average_stars":3.74,"compliment_hot":6,"compliment_more":2,"compliment_profile":0,"compliment_cute":0,"compliment_list":0,"compliment_note":2,"compliment_plain":2,"compliment_cool":5,"compliment_funny":5,"compliment_writer":2,"compliment_photos":0,"type":"user"}}
