{"review_id":"7SRgP0qSN7SdnNelq4F85A","user_id":"ZR__aVEvCBRBHa1EvLZXww","business_id":"7ZbjK_dmojrxoY-CBeHPeA","stars":5,"date":"2008-09-11","text":"Only been there once and been wanting go back again soon. We used to go to that side of town once a month and I would wonder about this place with my husband's name. So one day, stopped there to see if they have anything quick to eat. Fresh <sandwiches> were great....made the way we wanted. The place was clean and very friendly. Too bad,found it after I no longer live on that side of town.","useful":1,"funny":0,"cool":1,"type":"review","restaurant":{"name":"Ken's Meat's & Deli","neighborhood":"","address":"5725 Monona Dr","city":"Monona","state":"WI","postal_code":"53716","latitude":43.0573597,"longitude":-89.3261551,"stars":4.0,"review_count":26,"is_open":1,"attributes":["Ambience: {'romantic': False, 'intimate': False, 'classy': False, 'hipster': False, 'divey': False, 'touristy': False, 'trendy': False, 'upscale': False, 'casual': False}","BikeParking: True","BusinessAcceptsCreditCards: True","BusinessParking: {'garage': False, 'street': False, 'validated': False, 'lot': True, 'valet': False}","GoodForKids: True","GoodForMeal: {'dessert': False, 'latenight': False, 'lunch': False, 'dinner': False, 'breakfast': False, 'brunch': False}","HasTV: False","NoiseLevel: average","OutdoorSeating: False","RestaurantsAttire: casual","RestaurantsDelivery: False","RestaurantsGoodForGroups: False","RestaurantsPriceRange2: 2","RestaurantsReservations: False","RestaurantsTakeOut: True","WheelchairAccessible: True","WiFi: no"],"categories":["Specialty Food","Food","Restaurants","Meat Shops","Delis","Grocery"],"hours":["Monday 7:0-20:0","Tuesday 7:0-20:0","Wednesday 7:0-20:0","Thursday 7:0-20:0","Friday 7:0-20:0","Saturday 7:0-20:0","Sunday 7:0-20:0"],"type":"business"},"user":{"name":"Mrs","review_count":19,"yelping_since":"2008-09-08","friends":["tEVt1z58G1IQCAlGROy9PQ","tjkJyiummlNpxqoUqomiww","dIJrGdjr1l-PupFjZ36Fgw","PqkEkrfBCrIRDSm087CFJg","os4L-cvEJho5aqUBb-J84Q","KfoaeGzsTC2lpgj9nGRjiw","DvpJxnwczdNUPD6WpPVZEw","87Gcgg_atK7g8Fncj6tyPA","TBld0yjxnopCz_faRFIuxA"],"useful":1,"funny":2,"cool":2,"fans":1,"elite":["None"],"average_stars":4.0,"compliment_hot":0,"compliment_more":0,"compliment_profile":0,"compliment_cute":0,"compliment_list":0,"compliment_note":1,"compliment_plain":0,"compliment_cool":0,"compliment_funny":0,"compliment_writer":0,"compliment_photos":0,"type":"user"}}
