{"review_id":"qhUS-fCox1KC4GrXMi5T-Q","user_id":"Wxd-EKF2Z4RHZUmwQ6Eeew","business_id":"Trs4cEYdP6AX_KihTk9kWQ","stars":5,"date":"2011-05-15","text":"We had a great meal here while in town for my future sister-in-law's college graduation.    This is one of her favorite restaurants in town, so the whole family (party of 10) came here to grab dinner.  I was super impressed!  The <bread basket> that started the meal was delicious, and served with their homemade olive oil.  The menu was extensive and had an interesting mix of Turkish, Greek, and Italian entrees.   For my entree, I had the <\"tavuk omer pasa\"> (<chicken with mushrooms in cream sauce>), which was fantastic.   My fiance had the <chicken kebab>, which was great as well.  The chicken in both dishes was very flavorful and juicy, and the portions were good-sized.   Entrees also included soup or salad & rice.    Prices were very reasonable considering the quantity and quality of food (many entrees in the $10-$13 range).  They did an excellent job accommodating our party of 10.  I would love to come back here if I were in Madison again and I definitely recommend this place to others.\n\n(Best ___: Best Mediterranean)","useful":1,"funny":3,"cool":0,"type":"review","restaurant":{"name":"Husnu's","neighborhood":"Capitol","address":"547 State St","city":"Madison","state":"WI","postal_code":"53703","latitude":43.0748623,"longitude":-89.3952974,"stars":3.5,"review_count":66,"is_open":0,"attributes":["Alcohol: beer_and_wine","Ambience: {'romantic': False, 'intimate': False, 'classy': False, 'hipster': False, 'divey': False, 'touristy': False, 'trendy': False, 'upscale': False, 'casual': True}","BYOB: True","BYOBCorkage: yes_free","BusinessAcceptsCreditCards: True","BusinessParking: {'garage': True, 'street': True, 'validated': False, 'lot': False, 'valet': False}","Caters: False","Corkage: False","GoodForKids: True","GoodForMeal: {'dessert': False, 'latenight': False, 'lunch': True, 'dinner': True, 'breakfast': False, 'brunch': False}","HasTV: False","NoiseLevel: average","OutdoorSeating: True","RestaurantsAttire: casual","RestaurantsDelivery: False","RestaurantsGoodForGroups: True","RestaurantsPriceRange2: 2","RestaurantsReservations: True","RestaurantsTableService: True","RestaurantsTakeOut: True","WheelchairAccessible: True","WiFi: no"],"categories":["Turkish","Restaurants","Mediterranean"],"hours":["Monday 9:0-22:0","Tuesday 9:0-22:0","Wednesday 9:0-22:0","Thursday 9:0-22:0","Friday 9:0-23:0","Saturday 9:0-23:0","Sunday 9:0-22:0"],"type":"business"},"user":{"name":"Adrienne","review_count":1184,"yelping_since":"2008-02-15","friends":["veRIEVUWjL7UWB4_1sU1-A","e6QRXwwzhebaLVX0JEztpg","LZZlD-7A1o_lCQZAt_NvLA","uYDeoofS3HsD4quTa57ucg","NI3zayZbByzwTBJQLXVpVQ","erU4EJJgsuqdtehmIFxAQQ","ij7kqaoPR_Zwtcrxn11kXQ","xVndjy6wsAxGlOxPjBbZxw","yiKc6SMf0nb5D0O3dUta-Q","aW7YJX8im6w3Q13nL79mYA","xq7OxgnkGv3KH-khRKIM8A","PBnYw8Qn1j8j-eshLzdasg","q1LQ6afwyk8Q4OjM_CME0g","eSlOI3GhroEtcbaD_nFXJQ","Mt1PCNjd38nPFVIDgdJWzQ","41HLwXnR0Lm3NUp01cIOQg","9B72fZLRc9_Ni72iS7xT4A","wBXUSKcuggeTj2DsBnPBrw","BYB1-QSAPolXJME8L-4wqQ","hZLl2A68yMcLEKrADHmE3Q","mOd3oN7AHW-jzErDfwqyrg","rUpuXccsn5CsQW7pKDxPIw","eQoWheKlgPIuoPAbg-7iZQ","4eR6hYFJcBHoAqhuOS07ww","P1l5ax91K2SYqys46nat7Q","jBdZdUys54BtL5R-_xNM_A","4n0eMAeCSvWRl6an5Z8OGg","0AFIgi-1cld5UE6K0pNERw","beg_8zDJ8fkTLWvwSyXmng","P5bUL3Engv-2z6kKohB6qQ","6RG9lqoFGPi01lzUM2btKA","VHsJCJW9Oyw4eH7NNMV0CQ","USZx-55MA2-lG2hBu6PWJA","iLsfSX_JeNp7HgSYW2nZbw","NeXRy1C7PxS7bvIcQ3SymA","NsWwfedmrdU8Km2E-dfBBw","31GGdW0v1NsQoD5xkHlsxQ","NeP4nx4pXEfEWVII3sdblg","uYy52H-UGQvZ8pXriv2yYw","_CKhWiEVD6Xni44q4eelGw","AJsoVWiPnrPwnQpyq_TYZQ","p7a4AZ00rqXEb1xOqusUvg","Eva274V0UhvqY4owmBEu9w","9YRFLVFVbHGAJ1weFx5zqw","XXDgvskDimCG3u95nglKBw","CZQUtmO5NIY-bZWkCqHeJg","vASaF47nWvCHEEDA8nfCVw","REnIBVutnk7CBmy8auVGqg","7fyE1w38WoKwlp0lDeE2xg","OtbooagsCGPM00ZbDOyPgw","Rh7wSg9cwkcbCSemi41Y7A","V0o2z0lShR4KHlY6fT7MUw","fEhDyM1UWzzplDr6azyVvA","Rz4IOH8jrFlwfaqBT1BrpQ","YY2dgrMlHa1k5jwlk0nUBw","cJVqHvDLN9g3GE4VfxDbZQ","M9JDlUWudvrGkLX7AkJ3Fw","_5E6bSgvWCrUTyYqB6DYIQ","t903_es-gp3abvdrIQutQA","2oNfIz8SOcUIclduAKXlwA","aDq1IKPVZXBvm_xnugv4Yg","a_amzPmwoXWtL4eKhGa7-g","DjKUa1KvHl2cZNqa0ATbXw","QWZ-mom_5DOPbcs1byDCCA","Gonq8DOHTm_1uoKuG_pvJg","lqU-_VemNbRt401mDc1LHg","V0c-AS2FFCeSaV-3JfG5vA","rxTmP1uzBdXn-UUO2uolZQ","9v83UksZrkThOiE584GRBQ","C5blqBKry7OlP6F8zmceig","uWIghMxuYe4U99pgjLkc5A","dKeZzg-Sv1ZCCa8BtnMhyw","DEFk299pEBqKgUgQ703V9g","kvpKUsro5-ng4CgMtzgMcQ","PFrkq7xTQYSL1LKElc58Gw","H7dVumvXETmrYF4s7CSbsA","lgu0jdH833TVO9RpD8rZRQ","REGjppkq2IkDLRQVmRj_Bg","eYd1sygl0Thd2JRQTVgX5A","jTJbyXAPBrO3mNWOtKiiDQ","sjOgPPFHYsCxVnhHZVcN0w","O3Iu07lQPn2iZ9CVLDSUrw","yVidlut_DQdG9OPsqIVYLg","JIaACWmW5r2_1LULLjeP5Q","jVyR4PSFQDAmXpzDZmnBlg","wwmJ56OlvMC_Z8llXTd6mA","3ewMYac74RbMofmGwSReLw","2B2q3uCfLRflBSo_Qf7h3A","MfknWfoPx2oilsyUK3kekA","oWoEWscyKLU1J92kWB3Xog","V5rAnohqBwHnws0x_FJPkw","cx6CMeztrzFYAY0gpaC3Mg","9Hf4jI4_1IFPbpsZzDhSzg","ens7LiIE4Cs4RjW5Mz65Mw","L6A0DIb4oERPpS9aXWbjhQ","6Uup5yoodhI5upHNaPUKVQ","uAAMHLwYo_fubqwHxeoMgg","7wSRnmT9h_5owmW4MDXAeA","gQVH0CSYRWjuwr8UTKMuog","MxnNT3MSGco7hQN6-pCNow","s5x64M8sOqitUo3bmwadkQ","55Hphx_uynxCdtT_zyyDDw","29oUfyEL1by67UR-0Si2zg","P6VJKT8NI7pAjR4whLdMcg","DhOSuTlWNnlzoF0QxstVZg","a8XQk3YbBKBgctzszG_3Ng","-wZKFQ1N2iKm4AKBZhrZpA","HPqD_nATHVuVjTyt0Rxatg","2oiPE2rww3Ofw09aishi2A","t3RHt1j91D8GP5XD5Mvxow","7an-zIbFKvGxjpeNN9H9ow","APG_9lB0XUPfnFtW8c2euA","amR4wvySYV2YuOU8sks9ew","3nBqOP8--mEcGn93xh4l3A","ASCGYpPvcJvo-c8rn8BHoQ","QsSDhb2ncefSS7EsVzXHuQ","HD0x0yNd5acbAcX5l83zfw","xFJ5Ja8y40CdMa1sfC4-gg","TUdFxefEXQZDN8XzRKM51g","oFs3DK-bm5JsvQawyhMy2A","N0jj7QwjkypYrNiE5Ed5cQ","hTUv5oh2do6Z3OppPuuiJA","8wKZ9gJYJtTdSVWgW7Or6Q","eV2Ny_84E0Fp4z-QliRJrg","OnxxOZLgKjy8u540F0Kb4w","7E8-woy6Oj-ACRhAB3xNsw","oXBhr-GbxjceT-g1UjBqLw","zSy3KrEv2SjV263cMibLDA","VtnCudEFLBjnxblLUAPYhA","3KUJfBNz27f3TfFyKaWGHg","As7WyhkzXOO88wlVNeNRHg","RENDi6PaDTaVzJFMxb1IQw","bTy2XNrDXSksd1w8BE-F1w","8lEywHSvti2UjFP8ODbnHg","t25gcYRaplb0d-wTKXtRBg","w8flMOM04LfF0175Stp3AA","T2fKVLiztWZbEYEBuwK0xA","Rx7DNBmPPShVjlcQidGuTw","q6OevSTTLSUaKoj8eVKW-w","-Hxvjz-t5ttsuH6H1osA4A","W7o-AY6Hpyb5WkgxwGH_Yw","N0eviKxkzoUEZAfaEVRGbQ","qfdrfW0-JNnR-e4S6dDK8g","a08_RlilLHnNJAbNXioTow","9cjIQqdgTBZ6q-MW2hzyAg","6JVTGLMTQxCSiuUxwkG82w","nZjLfuMud0cUNzIwM5yVig","t1B4J-LRmHOf0URMV-JsCA","XmElOb8V73xkDQypksDloA","m6OZG66JPXVIZRkqm6reDg","YH18FG93w4RH_QPQP37L8Q","W0I0kYa9-qAvWJW92CjObg","N3WMBS7qe4ALkEgE1PPTLw","hygpxV-F_nUf8JCaY8V-Bg","e5pK5g1ouLDBApfV64CPOg","wTfb2nfzPIyFcYQArdPtuQ","Rel7MCfUNUBubWSTzkhXMQ","VDseKKt5Oe-4fU-z9bHJiQ","kEthXutcgbkj0XIwVd4tCQ","nrd7RRR5goxVhv1S0Qn4LA","BuRIFmd4Tt1dCm1RomG12w","HCP1pR_44Pw5_BiWAp47-Q","6Cov0DaMB0ynyiMPxrtQUA","BK0qnDTcHpHg_qZRRJMWpA","vFwLk1sX-fbKEgliBJhR4Q","XeWIIUbGwxS6YKrbddBtFw","wgbWK_zmqwcD0lCYPFsXAA","G9Vb6yQ047TC3O_-GG4WZA","yT5VuBxzYiBEwNO0VDA-SQ","_CcDQY8BxWST7dMy6zUKLw","TQ92mV2wIpYQaiiT-iyOHg","2cXcFYNUxoHwClkcrYqU1Q","r_3LIGMYGHpISjGEKx_kKw","-6AZhc0TjqCuT6q0PdgQLA","7Uw_HoXXi6pi1pTsVK4yfQ","kxGmX1lBXJAv-4mI_QduWg","dYacXVOf_xmD9mfkAdNusQ","I-02Mz45H7siHsjjgVxPgQ","iZtzDTYcj0vInnCpKtn9WA","3TJcP0stfxjWGsLuGQgQdg","INxvh4Rixsdfzh6PcWc_pw","gmaWUt02_ixItBN2gQsMGQ","UxGcSTEmq3QO3BnJte0RVg","zFYs8gSUYDvXkb6O7YkRkw","WLde9fTArPw_L6KkuZ60-w","eEtE4hpl-NyrOuU0_wjhlQ","JbPGeqxzhsmlxksZ1VuJ5A","a7T5K2HfQ_EfCUXRhlrLLQ","1k5e_3cnblV-UAtRCYGXaw","VdUjcjZeSF7sH8Z-OZfIag","gMrSgpJCxhSttRgEcH9Dvg","-VqJFMkFlx4tzF4x3hMCYQ","2Oh2eUHcP7Cn3AwldLFIgA","Xb51_hVBQbqv-gcIafvRTg","hY81DfAZZpsRsav1edkpag","8CJAd9PSHUDQYky252WXCg","cw_wBVpWG9VSWKaRf_5U4A","SlmtW5_j_C5Yac6wPMxOnw","gluG9N9YbDMtKlVykdvu8A","b8Rwq4OI5A4TMewf4fPAow","xUA8uhSreDk8000tL5vMHA","GFNBphYT2BhAZsAhFaZyzQ","fQq-PBKARvUGfBnmch9Dqg","H84tbTziLKTaLsWQMmn8lw","-dUpR3WlVK016ZXqETXMMg","gC2lxGVP_r-mqDKO_nOTyw","SitYDdmJtpyi8V7vNJcBCg","uqcoodykHjzDgzVxbIsgpA","ybk_vGgqfsSDBRteWVCrfQ","PoKRQcy2qWPYhVZSEUZG6g","rm-oUeqX0T3-SvaoGw2UJA","7vWUj-YIAuSaeODWQbWfsQ","AX6_NL1_GTM2tcN9jn8mQw","2NWKoTSkkF-s80oxPjHZSw","sxhzW0G7wE96WdgV5ajk8g","fpmrKLyOWilB5_4EGXBjjg","OHUAq3vpkILQXiTHI4az1Q","UyjkOHS5Efgzli5oQXSR9Q","-0-DbdhS2CIoq7cfuSzQ2w","zRH7XM0zlui0JzY9HMR-EA","c5te1HuwQGjXynbhWmlbIg","iM97nzkQkv70DYmFGTqQjw","AHRrG3T1gJpHvtpZ-K0G_g","L4Fewj6XcGAJS2y1XU21RQ","DRvEKbaHoSN7WSuSFnaoQg","yky1sEoR32Yq7j4SdYut9A","UIXGqSKEo3if5g5OVd7-wQ","Ew4E74HNSJohi6B-LPuLbg","6LmdYq-mhsaOXHjGh0lvQg","67ZqpAzDT3zjjnsl5Oo4xg","-Mc5YyAoVI7H_ROK99yCcg","SssXdhbeYJOCF6sfSFwC-Q","PztmsU43PCZOVbqmJD22cA","dfgPj43FVRnKIfxjLclqTQ","XvcQPAX1BkJfj3a4kG0lXQ","3nVp1KSZogs5zHtj4AhyhQ","FPqEs1SBDSJ_KW_aBJvunA","tXJr2s1rulOd0R0Ps68M3Q","FBYcKkrQHJ7LFBRsUDgmTg","lZ0BZ7NWLBK5XgCQUA1ICA","cRXTeAsTRbXUUVAlRH4TUw","ntYkzTMfAHki1s4iQCbumw","jO9mn68MeCPl1wDRZAWyow","kuqoLJkl4JKnoT5L9OJ5Eg","trUFnQXasV8l2iJSzZKXrg","S9tC7Bp2sOLF_nwH-ksiIg","hLNDolENRBKuNvDagpuIcQ","mfqBWzgSUXDvhokdpQueLw","bqD1xwXABABCov0XSVhLMw","2DTS6pcmYQQQT8tzL4nPYw","w5V4GY5Qn8WcmgZG6jEXUQ","EC6co5EQ1-V8wKn3jmUvFw","GkEsEYFCJj_HDs2Q1A22zA","cPcStFGBlk-6lWWsttIfVQ","yH2MkEfK75A5SXcPPFMa8g","mVtT21lB_cc6VzUUIe6YAg","7BJ4I63-eQN2r7uASf4Bkg","JADdo9NEeO5Az9aOYbyvZA","sXFRLiWM7lmfMTD0fywMgw","sys6XtOZVLDzwn3qistBKw","GJovoapW2RNGa99tVYrCYQ","cpiFmffHOKTIxvxzef21Jg","d8z9uG3SHTgkCNj5iVcG8w","D96pOQ39yzgoJWObBZ9Wzg","80bhTVC9Ks1KlkmhrowJhQ","tgeFUChlh7v8bZFVl2-hjQ","cc8afCxqJh_tBpq5Kx_4iA","RuYYtPAdhVjQ6u6GqmgZHw","ZXNwO2bY3QTYP0k_5bhG1A","Dwqxqolss2Fy9vGA_p-YsQ","bucYPffdhtbH6FNA3Deb8w","vmCW2ZjGQ9TxFL-Wld1eqw","-TgH6o0YR2mNwV-RDFNiMg","U6J1RMt2DQfi-zQpYJQibA","MmKdsuJ7bJ7FJMAHRI2wSQ","7Ie3f_4upzsMNAY07d19kA","gfR80SvOyWL45S8vPMZxNw","XHA4bSJs8tQfEUND4eq1Jg","GETxPNV7GzbzhI57VGgu6g","mrO2R1Uc_DmKKEtH2VTNDg","5yvAo8WKDNKsjQsUpaMfGA","KgoQuaTxdb4CGE8Yfuhr8g","sBswn4u5KkmMyWVCV8mTrA","YkVBp_UVxzEwSEgwDv-kEQ","T_1DjshGxtntftbEWu7-AA","Pd-Qk-yaEc3ChUvPyzBZkQ","59wNUtmJGKzHAoThaZHEiQ","c0wh1o6Scq25sgjDsjD5rg","YgogagOA_UDAMISuULyQEQ","LwQi-woGm5ZwRoNghUxOjQ","eKUGKQRE-Ywi5dY55_zChg","NhfwZDbkp3aIqeq6cuJB1A","A21q3ZenowJP27kOgnUsGQ","4ULkSSMp3-JH8HegrlfgzQ","G6KeCnKKpMGbma8kib5NqA","sKHsK6znVcywxuZfbzymTg","t8aU6SIg3qip5EXGVDHhPg","cMPJlsuY5IQgJ8N9qICdDw","CMQy31XuChKOJd3Xhv8dVA","1jIn4eal-gIRxRz0B8_edA","jtkXg-OITT1Wvq0jCpLudA","JhkvUt_mlex23RtbwjwTSg","dXP6OsjmovS9fPMfUWMcCg","2PYxmh4hYRo6Mfc1WniqIw","w4HsyOPlFUV427Q5QJIpQg","12_hzYC9mUcFRTq76xtsow","lNDRQXkwHD-EspEp3Qu9FQ","nvHLV4qbwvbKHSCP37xT-w","FVbtQgcCmWmQ-D6IR5BfZg","OGLkivfkMESvh-2Fkg3bjw","eANbpTWkTR10zz6Dqx2A2Q","hgUSn_pO-HWU949eY4hCOA","6K5DfPqc8lynYTk9aK9kyA","SFBfsySKt-Rb5aBovef78w","CIT2QNZ_i4DGjTVz_SUieg","Cdm8LUt1w7-qAZYeI209cQ","4_1Go6FciZkI2R_91M9cLQ","5ZPEYzixQD9ho-oOVaLNzg","U5vnrSTvaoFLdaFoe5r1Yg","4TgQWEWaUkrsGqtG2UJFRg","bjWWjhy5_dWLckCPy5BcuQ","3yBusRwPYtMCpaBkEyhyJw","ODsM6-_BvHt6-cqNylJn7g","9WsLm774cwRVKxtrH7xnOw","QJI9OSEn6ujRCtrX06vs1w","0UeuEY7HHOLfEBbjdLzZBQ","g6m0QHsmo0xBnIGboDzbsw","KltM7KJixE6NksDGXaRZWg","W-OZPeKh4R0GlywUsl09PA","yflep4txwPyajR_IaZMZDw","H_exB5FABUwJjj8X-JllIQ","CHnZEbp-FQ7ukdkL07gihg","lzjmskNm9Cz-3ok9-JMYdA","sEYD5YG0fGgvLXAZ5RDuZg","vIVgGpEVnvkzbfeXm8r__A","y3HFVx8nbNmomSc-PWOy-g","st-HcTLPF3hR6TXATb9DqQ","U4IzAxlh05CMCAumDJYNwg","r_yqznDjBQfjPMpoOGS72w","FhipBkNHCzC_EUZXoePcDg","NZtI8Y_eldDs3ltXhhnmRQ","piEVx0FaVhYm6SbQYX8erw","limaQbd2vxyLbc3CLyYVtw","Fz_f1svVq4LG7YslVU02KA","zHBEiSEk7GWiXrTFtq3LzA","j3kNH60B2GDAyZTkqK6O2g","NkrB4fr-wYHPsWx1Y298pA","Xe_YZP3xz_JsSaQq8czlgg","-h3OxE2YbWzFXVkBhYtJTw","HnNjRpHKLkOoiBsPVlEuZA","mO2A3V0e85phtqO4VNwIFw","pJxKhO09yseV5cfX6sUf3g","BqEAdpghX-X3j_83gPK_HQ","Vx8wghYhIaNMpHdnIb5muA","cgkXqCpKefhq1WCt7lVY_g","pfHICN67xeftkMIJyrvsIQ","GqzoKYXv6F1O85bhywyoSA","bMQLEYsvBXtmU4hxYCAq9A","xYmD3QejxdTeF1FRoLVY5w","scb7Z1E2TqphdocSak6www","JyKPQdw04AxbT52CUUBFjw","ymtooFAR6ZiToJ88KPV9kg","wJO803mk4GLMmLvhx4nxKA","6OB3Fii3f7nnoJbWbQuO5g","jL1TI1E0Yc0y-yQKCh307A","MAfzsKRPKqGkz7o1wnzrig","U_QBgvu-li3aeNrfZ_g8EQ","ncvgNeEsAIAuMWYFN2blhg","9xi0QUx4e-HCMO1FifqDgg","sAxlo2cHU1hXPQr5Xz6f7Q","7HybfIUlhPXVAmFqnSiKtQ","_f45zaiMXw9jUs6NJ7VP0Q","Lz1MWhSYhpH6M4G-3MZ66A","ctRdqG_KTuv4WW-PfZjgnA","cKLab0wU_hFvQB2_e2K5wQ","kOUzW4porPxN0n54Z0eHMQ","sYBE22OB5akc3coD_ZuckA","zhjfjm60US4cOmEh8nX71A","ci7Q6NvXQ8UZrBHusVX18g","jx-Ju34y3HzTQKgVxLv9pQ","ljrt3_6g0SJGYVPQR1yfaw","xAXG9GmawAce34xeaczZaA","B4qk8jrbziXX5cqdyjCIsQ","RdrvkrzDbXEXhxPxSp9GDA","sXhGLvb7dIYBrzDh4s5UnA","Zoq4sk2ob0t6WDv0fUIl6Q","A2GArf1Nc-Kb1EK3TubKYA","r4_gs6mmoOcfqo9xBFeVSg","ihqfOa0RpyhsU8zXOJpC_A","GCuDiPUKYxhgFHP5LqJa2Q","-FZBTkAZEXoP7CYvRV2ZwQ","ywf1G9IvDLg_KytwLimFCw","zVuWQbPxlShksEQ3QcLgbg","LAnVye9odv1EwyX3Qft1cQ","V6ZV1uaRrIltyCI_x7GLhA","5gbkhlWANGVzQYi_0m3vOQ","rgM-PVXvrILoAqIx57MAIA","6tDMGnbO4m8ENlUvG7r0eA","L01sjA8ajv8S18LMxi4JRg","3DRVeLgbdM1GRBu7T3ydeQ","04phLe82L4L8QE3yW7uY5Q","MU_bppwgP03jfpTo6vtZ5w","7tpZVkiYuMbDP4-NufK2Iw","qU7Ct1nJjLTtXc_J6YgsTA","9x1eDg8Wuc6rJw1HtIVTmA","RcqK8bvud5RezCoI8tQu3Q","6qlkQhQFpuX7WXboTv9-dA","0VmwgCwrHp47x0sPrvzquQ","QzAmLGM7sD7rHBJg8ALkmg","849Y0FQ7nA5qLWOcCxJnrQ","EEslA8XEw0IMDoRGZlu7lQ","aG-XcYKawwFMFxmnVUfPLw","DBvQvSt0cCxst4NkzEUtyA","yFLNHDlCriteboCVKjtpbA","UiVXHEk-e0BKNAgA4RqEoA","rof9DyrMxiWY1NyQHtjeDA","WJEKL8rKLH54E3RgRnnlhQ","Z1GkmmyhHAG8Q1e_QEOGgw","bkFLtga77KFhAC1_Bv33uQ","CPbiMM387rA5OU_DaP6dqg","cCHpHRk_nnamliY3VpegCw","Jz68mY8DnA1FgFHGLY60Mg","Jcj_XcujlZFLe8ByBd-5oA","dU1rhDcqbfqy6qyQKiba2A","4RKq0POQ5jpToRkiiUvJLg","85jlaU_BsUCPWQbikzXg0w","hKYOUS9jREXJJfJI0HenrA","P1iJG2NTrkgHeLeXzsCvAw","_owMBYfzT9dO7FXGXXzXqA","-5kpXQfzwd4SlskHdHQv9A","Y5jlqzbxFdnGRxvviCmbNw","mvK1pv-x0Z5rP4Hz9cWBWw","wG9d5TxOKKgbd8O08-kntA","GlQLplhtzxsKa80aJVJeTg","nkN_do3fJ9xekchVC-v68A","DtmWOwTlmPxditVPQ2k-0g","b0cWkZxzX-iFeZCFgLedug","FtkefxqSM0UrX_I6TZv0gw","kbvrKUqzY0uWp1IqmvM06Q","NRRz3KbCSfDtiarsMmJ8Dw","POxZ4G8Y2Edf_2GPVlNweQ","RdqTsnQ_mMpwxufRrDfd2A","d3-ScnCgjkks04FjfPwTJw","fojptcVycoRhrLUU7XSSNg","9HeOCgcs6otNIzrXjPQhQg","SlC1K2xuprUPBc2zAnezBg","ZIOCpi39hYQ486lIgz1xgw","i6ECidQP4_IYXUVEtNyPag","GITYyT7iwDmVQhR2Hi2MOw","cKgjVK14olQ-RuDS4-bx8g","rVP85Hzjvhuj9ZTmYbe63Q","JXCb25xTGP6H4OONVqwgeA","BwFEjsr9yLqdszAmAxFYQg","i84CwWzWVUd2vMa3p8TBZw","BfBXCzskhU05fVyeC5H30w","HjpOpZPYy3LCuCvRut3xOA","Q_fXEpNuzbDAiKGGnOvJcQ","-qtu_fspwiW0xeYRORpUBQ","LRzgwZiWyFhT4NMDDZ2lhQ","3tczDw1drLEIb8y2q8z2Ig","v6Pbcy6I5kDb-uk2Ychvgw","c4mkYDTjJc-_lOM32YaPPQ","vRjVhl3ONG2GfWY4NXJZbQ","T_9gAnL5VFFLjv-ar6xRhQ","45BJhDj47LoZGgUXuPiLdA","XYChhPu_Q890eAApdmgZZQ","uEvusDwoSymbJJ0auR3muQ","QocP49nZ7Fo-4Rp_QxPuDQ","V2mjs_J_GzkC9sMk1WiXSA","hkO94fU62gwwZvKFpoG1KA","OXEb4icixKsbLjEGPSrIAA","18_VH6czoovFlLBHm-4gAw","Rffpjnip_0zkV0Uga5H1iQ","EgiOoMLRQnZYAKM7_B0iAA","hBicl52tMVsTecdZSVL-lQ","rgr4Cmt3S-T4FvydFpO8eQ","nXaSrT0aqPhyb1-zQYE9Ow","lROKILMrJrilZdswCn29SQ","D9R3Fc79RxMVwICT7q3cSA","-vWStdd_4YKncDpPTwPuxQ","AYKeVqTxqdpke9vZSn6VrQ","-zuV9Du1HFHaQ6GnVyGWsQ","Z8Wun5xfvUL6MHWkKbSztg","L_VdZ5QOX_H5uuCthrl4bw","Nu2kOyS4ircX7rajM9msgQ","Yeu--NSdj_XmA3ooR9X9iA","jMg1gxyECohzDFoX7qHrzA","TE9o4cWvNXg5IYcjAwI5hg","iB9PLopL4ASHTAx_62o05w","GAV_60khuZhpYoJEc79ytA","jhvreOViehq5zA4p2dgSVg","uwZw9bPUGDqpZh1vwK68HA","xIUDGOgsgRxU8tLpuxXuSg","NknWFPAxaGxx_OJIEYVXWA","cKjbSTSkdr6iHtQZic3SZA","VE31RABu4nFsbvgsWa6zmg","KgWSSBM8NuQGiBzW5asq9g","1unQbxCkgwrZMRmox79LCg","Mtbr60Tw23sSfBNCjUB-Dw","v0O7miDEH4XX2diEr7ij2w","i57sRXaQ-Q2-KfDB5rF3HQ","YJ0zT3uQvJrONsmI9AwSyQ","yc2mvO6EOELcoqpODK0LfQ","sxi0sa4DZBOJ3pAXOAH6eQ","OpT2EL0CfLwT2ayEJH2QKg","x31QQD4tHCjdbM0wMUiA9g","OQotHwKIhFKYuhuwYKwb5g","3vM_Z0WbmQJWee7IeaPIQA","TNDp-pa7IHl8SlssQxE-5A","ezZJC5V151swhQF9VCG7_w","orHVoIN1Oj_rK3KDqcGBIQ","xaPRiyjN0YDZhG1H-KFnTw","Jrc8vUx6zVotvx19-2kXRw","YaPD6Kr_APVTkWTREfijIA","JwQ8oI5iXKaqfBgZSpm19Q","YIrPewBZr7t0AQMqTjLgBQ","CPG_p2gR46Nq7hFkJPfmkA","RjiMjbjZYqnhxrRM0AOXpg","EAj_Q0G8ETq9prAbGCjQvA","6uD-gn3dRVki7by9jJK60w","w_WAAKOiXlx_xzRmfiR2LA","RSLRTKLKpmJhBxI_pmLQOg","UwaxohriNNkuKuiVPYPMbw","p4gV7WhcU-ELtL4uc3epQg","j7dcryWb3T_ATrhIuYl7Jw","5xgPKMqOwJYriI539blqiw","Db80SCez0BdYaHdC0xmzoQ","5OO7DXev4NNQxH7_E0WHyA","Y8K0GlhuhFa2lRIDt1k2mw","HdlwaDK_i2VSki8UnDARbg","7HUPV0HZHWCUlURbzhnLrQ","sf2RKdu4D9QKTRExkgZbgQ","NSPr7VZ6xuOD49e4Pqz_WQ","qFxytBrCr8jDpvKidZ2Vrw","NWuFF7-HjYE9dvt_xGbEhw","dhMSQzqMigb5sx-Z-CPJNQ","BJylN96TZKcGxucIzvrI-w","lvbw_1GslvPPsRarMxT74A","n5wlyjHGoe8JTIJmDoGL9Q","qplb_91cLSSYNmPJbmb6kQ","wuW5dLFEG50xbDSx6c0G_A","u8WIVYVQxiAFJWLdjJNkIQ","nxrFGp9dkDAq0ubUNtLP3Q","EmNOljXr36lF72uFOTxOjg","ZxTZCiEwyQ1ZOTA5oHApHg","2fyDdHqfZUxA2eGHaWn_rA","hW9zJdbUfOpMhN33iXE3_w","j-l2ixTt8CeyEcN-yEOykA","wzMXdjM-_DlDBkpg3xKnGQ","C7Vo14RpRTG5Bc84l4q6DQ","nrJGfWPmF3PrfNmol07z3w","SK0kWmaRE9lJnRo-3sj9dA","3ywXGq4PyUoR_XXDvK_RIA","GmRcci8kgknB0cfq2cAOCw","AG92wsExfyC4PX8pxagQXQ","nbfyMmgqnxXIp7EDqTmkqw","tOEDE7HAzeVxeQs_9CaL7w","fswkkPvK9JmGwAGUHnAR8w","WTLPH3jIWOUTFMpD4o_7Vg","VagTLcSeZIpb4Ll1G7of1g","yx_uLPuDu-nN22dXVbs0tA","YgX5qQ7P8ZtQqaZbQ9l77w","v0JtfrbTDNPvSp3rXv8IRg","bwME1qqap9Aq_cW2mEqTBQ","52oH4DrRvzzl8wh5UXyU0A","H3KtY_jdseCTXRxM5G2fIw","u9B0auwZo6EOAsehoEi9kA","0PkCxX5PeubHdkOLnvSVaA","77wo69hNeqoPVBRRLzO1hw","Wzb-HCU2Ol2cbpOH7mCJig","duihVwxxVm8iD1NVPwiWCA","nt797I-i4JYFKt47gHGvwA","ygc74jbMxqnmFHxePMtg-A","D0CNNFo5-ut11tMQ1__Rxw","suPzaZJtqqn__hTwLLvCBg","G-mWHSm6XVp1oe9PN7NUPg","vVYZmlco7x4KK_wY-wO1cg","9CpZHIxK4Bh2Ggq9r0J3Dg","FWwazUVgyVrFzSFeFn6hQQ","dobwUcYUESqWWTzgobfINw","PtTn_tmbMWRNOjghI9ZaYQ","6aErSTKR85I6LCpONt6JPQ","LPTq2-fZ9_TsG5o8lAWCGg","MAYg7YwA-bFhZqphq33UDg","Oi1qbcz2m2SnwUeztGYcnQ","2VOq1i2KHpVV5GLUAYfqSg","sSxZIwUBE7H8NPylag2lNg","2l0O1EI1m0yWjFo2zSt71w","oGnUEFn4YFJqI41Jl7qEWQ","gulmVu3Gkitl_aPHRASjgA","74NRngJt2cqzlbUiIWT4fw","-nnS8RW5JQ5upcjmDgK9iA","HDick91xxresck2pKaokYw","unO1Py4QD_Pjo7guhRB6gQ","m1wo8yvaTLLhaILpHNLinA","oIFs1aRUpBotap0NADmK2w","AxfLs-3fwGyBM0KJd7ttdA","JtjnGTZejClempqv1OaLqQ","Q4ziRHRf7gzEwTf2d0Zecg","3okkPaCvXxxst-dRkhYQUg","fRPPCVzFEBVB3EliGP4PHw","ZEF_RLr_FOiU9wzhWr1znQ","F4Si9uB9q7tyFRxawrlf5Q","D-OhcgclnyDPsk6ueeHgqA","1snscCfFZOtDIRxw30qTOA","7UluM-DdZmcXICvH9ulbDA","0rK89TS8xqy1wI4nYI1wfw","H0F3vKcbifwmLG4F_MVc2A","jo7uxNtngXXadB3iQgBdcg","SCTuKrEe8aimaU0-yXMVwA","6Hr1xr9Tp6HADwW9-O_lrQ","AoSWWcLXlggfjXRjuSj6NQ","1zewXrXXcuPe3_BVk13_bQ","9QlFQYyNtteCFN6yH7ekuw","CY9iLsE2z_yLhLqJdD1WGw","z01ae0sqz9Kg1WHaR7FUCA","vXCi4JXoLfy_WZWsbHHOug","s85ov2JmELYoW2lwwmkVUg","XBA2OF7Euo-wm5FkCyOqKA","TMBbee_lQ7-YzNa5mcCTmg","BHjGzxDl9JT1eQOCJjI0BA","MeDuKsZcnI3IU2g7OlV-hQ","KFg-RfCnK-abEeyrcs49jw","1fbqafPJJ-kxQgrJqt9wPQ","Oj192djvAwfc7TV2hGUo_A","evrjcy151GyOf7ey2ShTCQ","djxnI8Ux8ZYQJhiOQkrRhA","1d2gkkJx9FG1uPej-kDj7w","z7WkEqMG6PRGkmHs2MbC1w","75bidB_oAPnKEf6GZ1djLw","isIgfxN4EezltNageG2Tzw","qagnFA86fCYme_84aqwJYw","nZhcv7BQbemMPjz_mcdlVw","tipQmXdg181T4NvxrXPjFg","MuKK7Kiv_zUZ0EdHjH9ypQ","JZF94TYQ9Yxiu7RN_eHXNQ","gKYI3VG0PcFOAHD9PoAfOw","Dm6CKWzuiZvIhUj9feJYDw","DIsr8FUzz-7kuxBcO7-E7Q","blYtFhoWcNG-aj1OAXbFXA","kp1SDNjwwBPFmdF1kadRmw","9qyLpg3JTVUZXS4XrQgZkQ","7PtUMFXJKOqGxblr_jCgxw","lE3aXrQjdrqwkuZo2PNReQ","Rkhm3bht88rhk5pR3kF3FA","m7mQf4FbNRZ6u1wrHEmonQ","swN__VyeFg6O_BFR0x5ZeA","0OAb1d3H35dvCfa-RMSBIQ","Fgj1KBU3MMpY6zmci3Yonw","J9c0XM-wV_KQmtZYxvIFFQ","wX67jo8MAXux9MyDWxHCYQ","ShiVH3jRHWuqBYRVnukwqA","_SXFvZW1f7IAia7I4WlQFw","wCtf5_zG8EpWiBp_Oi7P0g","NFIi_aXNp4QM29Ufn_lzyA","83hGjT-0qeA-x3wKM7X5Zw","1ALvb8mMc_gSx55-JbmcVA","0Zc4BxOYsFGPsgmt701gig","2nAF-Nkc8A1Ost224uAK9A","912kQnXUkwRiw2Gp0FlYDw","oCjIYpx_njQs-Hc4ThEtzg","N7E-CfqdME28dakWdEKNvw","WYLkyYXOXtQoblF941gTng","p1RF7zMtpDUtV3avvQhaIA","--2vR0DIsmQ6WfcSzKWigw","RtNC8Uf-TYicZ4VccC9U-A","mbSAI_HwP_6zoXKKhHPdwA","uimsjcHoBnXz1MAKGvB26w","iG19Knv19qUnoDjR8pDwQw","DONwuwg9iySZ7LFjtcHdCA","M3w1rv78j3nzQcJVzC-bNw","1O638BDK_fWuxgTVJwff-A","0XaQ6vvgy5pi5XAaz12mOg","rCx7tb3toOJUsvdOeqYY0g","3XuxSvex3zN7IznwCmH5EA","z3Y2-jlS2nV8snZRrkczAw","I1dsYp7C57d4p8FkrwQ2nw","UcRCyv27ZvEfSoUC4B2Ytw","ZzSmmFX6NucBZlKLD7dXvg","UpRZF4eykajQFLjq73APUQ","b5-4HlYC_cou6AfZEY72cw","qC_sDo34CSC05Nd0KYHKSg","LgaOupJKBudIO5CglhB68A","VlVx6clfF7iZfO_idvuMfA","sNn49OwMPUBhMfozyGz2zw","AfxacYmWInVrTkilxNdDag","PycWYex10HXwuLisAUFp5Q","XzDCNhJeyxswut6qBprEJw","IxB8uybfnHxuALjnArSCtg","WD0pchQWVY5tBbPqRq4zjQ","wDjRSl3cTjb-c4jZiACazw","Z-qQCWP3k1AllEdGq7vxvw","b2Ct9t-cRDfquuHSGCJHYQ","6cO6kfWhYZRdov33tKt2MQ","b1yKGpLFa5FzNY41FKurbQ","bBzdrwVyGrdRwk4izd2rKg","84gi8Tl4u90fVfITW37w0g","dE9YaRaUtkDm-xJrW3BSPg","6K4gV-333ZQGuO46odrHug","L9XZe2Bx6TzqrUp2YbFOLQ","Acu4Dc5IsZsuZcjXzLKZgA","M6xzMmBznU2e_aM3RWov_w","mHjbNKpJaAcyElR12sP6lQ","A0j21z2Q1HGic7jW6e9h7A","7iLFPE5099cZcvMNM8vIFw","28pnvxB_0NI3yiJ4vAYwGQ","LgVeulh279yR8fyS6SKupA","F7DSjwBXZZSxNvl8w03snw","-ulvjJmtH7qHV3IBBkExLg","JDlFVpvClWyL067zSGMRkQ","-JWKzWeEFGDGf2sE1JNQkA","MHT740Dbu5mfcsw4l2fe3g","D9K_YU9k-sesZCEIDykBYw","QFjqxXn3acDC7hckFGUKMg","6tbXpUIU6upoeqWNDo9k_A","dp25Wc49owt9afMF7WjSrg","70YUFiypkdqYSDTJuvCWcQ","BnrV9yVixoU4y5o59FR8zg","7CaE5e_7THHMsJ4zFsDkhg","WNZfkL4DBspueoGSUOMAqA","0ximOW5EKh12QqTPfAYXJQ","gm8XIvBSh-BSOIlmvNgDPg","jrMxBHW3SlUGVGYWvPsHWA","zRH0dtz9PdEVLZzaq-8mNg","yoB9CzMKBlGyFhg0kg7dvw","o1lwiJkQZ5J-3g_i0XOjig","_kD3Pw168DAgcon1r7MZIg","s6xZpSHNteqqsLzuC3Jd8A","YUxH_F9jMGAe7PIe8DO34Q","Nyl3WDPt120L4Iky6W6Xvw","o_8sVoYIFnoVun5YY_lAEg","QdfFtp430K_-BP1GTPNnDg","-9gN9NGyUasyipbq4P_IVg","Zrz0DKRSACSVxiGPJruDcA","3A75YN0fD4WPppKx34E_Aw","TwPlaNvnziaN2wB3lk_9Mw","pBVA3JCp6Xgsaa6JBdszsw","I8coxSMgn3OpifesJmjKmQ","4Xs23z6-Ho6uHoF-IMitjw","hRIeyrM1zhL5nhk_cr7yyA","zA4wgEnnNZ7-Ws61FEKrcw","NSS0m8Qz6-XCTK8RCI6RKA","ADUiM6fhdSZlnfwTJpaRKQ","sKSpFS7Kx66dVYStAzdGmw","dYEHTYJeDJ4v8AUiExaVsw","csB0dX0x2TkpSOGgB5z6WQ","pnKET8Us-ORlWLCf5Dj0Wg","yLW8OrR8Ns4X1oXJmkKYgg","7VY4Yt3jrp5i6IBdy4IvLg","zUQVfRIwoDJb_-8qiWUNwA","BfTvtMKhMT4-aW_mYP4OmA","wKYqJIgfyN6T-9is3vpXtw","92SL3GtFtPv5mYmV0p99Aw","DgrIg1OR7arL8tVRiZ-psA","NqpvvSN-rc2upO09QDEY_w","hxDeqPbPwkKEFXOfK7av9A","A1jeZcFyR6UI0eAoXl4WBA","S6KaouB8xEQDiVWjzqCU8w","S5iXQeJyfKMLlF0tNkqQ-A","73DZUFYAXuycbJ_eEAox1Q","jYowMfO4Gzh_kuwgFS_oyA","HFECrzYDpgbS5EmTBtj2zQ","E5kepourz1v0gJIjDfKNeQ","O64QDU2gZdLTRc4QR9v1Pw","4hPOyN476ujLCJbWBsgRew","-ieOr0_KwoB87z1p6kjT8w","AUhm_fznKmKw8R2nz5d4kw","SWssGoA70wb9qq07DEgvAA","KKmAxwT82ADE28GjIU69Ow","4NitvNh8X02PjlObwzYsIg","yLH6NqYpRejRtA7GvGNwcA","Nh03alEHDnzEQwjpCAFk3w","6OBCwMG7CwwpFJdLuhy1lQ","c_kSlhF82DDLOriQCwmZXg","hg71CGHy9bwpgY8cGVVg4w","deL6e_z9xqZTIODKqnvRXQ","1dWLN4Mr4hKhu8MQUCKqXQ","IME8JSKZSyW387ld6btGxA","GtU9CPFbotnR7AV9BCkF7w","ActxnwCtpCGcG4eoftCxWQ","ncN_c5x4V3sbom6tir_Rsw","VlyHGaMz3gbbQz5hytCeGA","sBg9HOKQtbBs_ifhQxm5gA","RW-8y5FSoaKkbNPG5cs2MA","CcRfRjqvHkMTWK7aU4bnPw","fxr-jszt2bHtFzRK9CWoug","kNSfpB8jCk2Fr0x0WfUG0Q","U39tz4YSeYNOJ_CMxVWZtQ","Q8UCX7CBz8dp9X-wZefvLw","iHQvQTwNmInTLkPc9GIKvw","daqVIsrcbGYi4nzqyRnT2Q","B5qFPcKFftO0gONPfjZsZQ","ONtr4oOFpNfwDCgiGwtPzw","nBt5QYtCiSDOSd3gu0ai_Q","4qJME-01inmlf4ysMKPeNg","sjxaPKn9mam1EgFdR6QlUQ","FSCt_P9NIXhcLZIxPRgp5Q","0N5TQe9OwA-6X9sP35ljdg","ciXbPDNtF_-MZDY2XQOrnw","YAnas1lwVMrAhc99_-rufA","XMmAJfiKPkXTZGs5QIwycA","gnA3VX9Poir0G-zibyTX1Q","ofeLGyYo5yACoVzahgExZg","isSlR0cY7PhXUbuRI8qwvA","-Z13tBE4FIjHNrwRLIUg2w","RKpKgh6V30CMAR6SB3_wBw","ahNTP9NM2hlAVP6_th6qbg","61w5Z208DH9ifO7If2Pqqg","od0m4pC6C37I5Eco0EHNnQ","LE8a_KkliLJrzt7SV1DWfw","LJ2h9_aOP5uZEWl0YfJM1Q","TqEOK7uxaXj7SbJZKEktxw","sXaOKx9_5U4gtgz7bmDhTw","Xc7-6WE5-5KuM4f9cP_oQg","zfXki1KNtU0T1I_zUyd36w","d67zTET_2IuVoWcUU0aWaQ","Hf0VyN3Mhcd3Fw6E-rsnyg","MKgpIiuzs752BJjPeCW0cw","lXG7Mbhi6_nXaTZojpneUg","yKPlY3f9xqm2oDW_bxySsA","0vHNevPd35qO6NCvoDkuMA","VZCgJkNllSrj77BalcN6bA","pgtmyoOTawgKjSvzjztNag","xLYv18eSaRmZRNbuzrdWQw","Y7yyDjn81JNbDPlbeix36Q","B_FU78XGYUL3zkPSUGC7aQ","OsnN6isPsEaU3FI9fGB7Rw","chG58EhXagCSvub2-a73RA","55lCIgnXN3qRxgSRxjcxpg","SeFpXAHjO5GgedJI-MFWNA","pqkwx219sN-otJoqzCMo1g","Z8Mm7fjxErjoCGVN42GzBA","ZHSWS2Ozqvt0XKmzg9Zdeg","WItmi0by6gmtA7mJHbCBPQ","4sd9W50Qmj5eSkJMQiUvOA","3Ju-rgeYZo83pp7-IzTyrg","Ti9zzvXgK__Xn5_PrZYPjw","z8wN6EQuw_JF-zTjcNgsLw","76NB6HO99ysqHBZhKk9H_A","yc2MNdCQpFM-5ywmBaTGnQ","3w2TFp3i5WY5tyNW95GU6w","CYwJhO60IRRgck46fGW18A","30Pch18LE63MyRYOC34-8g","SRnOg-4Ya4g4dUQ1x0Tdkg","gZF9xFFYVuJPjyjIgwOwqg","e0lV0WyRCYbYs9k6chh8YA","5rmEJbcwwo5GhTi0AWpqWA","AcatgnhTihFToEaJV2qdGw","L-O62t6UN5pPawP-2Tu0pw","mJgjSsNnnZpf_WZ3H_WsHw","aqsPlCYLdaGU_kiUKaMt0A","jCfyi8mOBqMJrj_DZFalgg","JrOht9xOX3en49tKAJgIPw","uOagALslFsUhDVtbXfSGgQ","JOBw42Jn-ymN1aiuue5Oxw","opWrQDoY7xHa2ga8AcN0Hw","s-zGDwiw_ZrsRkMejIiMyg","HAv257_IVJnQT0ZIL8Nn-Q","jsT60G6Jqtj30vGkGercvQ","BqPUVG1Z3iA42-Mf_wjGkw","507UVbAhuSg3Y0zGia3z_w","NWhiK3EqtI1jVXEAHmmI2A","FDcweTC3ZT1_ZdZVCMmZnQ","QSA05SquUKJZnxasypxvjg","nSqVABmQVazKANe5VgpPmA","kS1MQHYwIfD0462PE61IBw","UwZXeXC7z1inksQo0RFbTw","xbfFwxIVFLSKAgDZ-JIIuQ","Bw18f_vUTzL_GhI5YkkeSQ","Thc2zV-K-KLcvJn3fMPdqQ","HKNvEk6G7ZcT68Be-EMQ9g","ZJlI2Vg6Vc1x83YtHiX0Lg","AYQGK2AZkIPkrqgAb72Qkg","mlyWbiBf2l0fX_5pYL3rCA","s1kbaGxgMFUOeOy7_Jq4zg","KOKG5pw5LasPuc7d2GzyMw","aqe7rmvuQNjBGwamaOiHTg","yqSTf2wgphjNkoyuBIs4OQ","o1y-OQhVwTA_cPqN5pBGIQ","St-BJl91Y8k1MUborKBRhA","aqJizYMvNspyxeL01r4Hrw","ucBInFb91cQZ0i2Lyyq2Sg","sGYrxVCEJGGBArWI1LUgxQ","ifJOXQUdaq9RvAbcFAFokQ","P_zJ0bvns-RgGdCC2sNi2Q"],"useful":282,"funny":107,"cool":164,"fans":94,"elite":["2017","2010","2011","2009","2016","2014","2012","2013","2015"],"average_stars":3.5,"compliment_hot":115,"compliment_more":23,"compliment_profile":11,"compliment_cute":4,"compliment_list":15,"compliment_note":72,"compliment_plain":143,"compliment_cool":158,"compliment_funny":158,"compliment_writer":86,"compliment_photos":57,"type":"user"}}
