{"review_id":"9dg5bO9XDPWYpc8V4-Qzdg","user_id":"lzorGgTVQTkW5j9l6O9KXg","business_id":"84WYW7OfV-IXUJk95EL5_Q","stars":3,"date":"2012-12-18","text":"I'll get the easy part out of the way. The food is excellent. The bounty available on the <buffet> astounded me both in variety and how good it was. The same goes for the r\u00f4tisserie meats offered, plus the carvers had great timing regarding the gap between coming to the table and the sequence of who brought what.\n\nNow on to why I deducted two stars. I deduct one for layout of the establishment. You walk into what looks like the foyer of a former house, but there is no host stand in sight. (It turns out it is upstairs in front of the main dining room.) There is what looks like the bar/waiting room in a room straight ahead of that. It is a lounge that bears the Samba name but apparently functions separately from the restaurant. Indeed, other couples wandered in and asked the bartender about table availability, etc., only to be told to go upstairs. Another star is lost to further disorgainzation amongst the waitstaff when we got upstairs. There looked to be plenty of tables open, yet we were told to wait at the bar for about half an hour. The main problem appeared to be a lack of communication between the parts of the service staff, and that only continued when we finally sat. The carvers were timely, but the waitress responsible for our drinks, clearing plates, etc., was not very attentive. The right hand did not seem to know what the left hand was doing.\n\nIn sum, great food but confused service.","useful":0,"funny":0,"cool":0,"type":"review","restaurant":{"name":"Samba Brazilian Grill","neighborhood":"Capitol","address":"240 W Gilman St, Fl 2","city":"Madison","state":"WI","postal_code":"53703","latitude":43.07546,"longitude":-89.393063,"stars":3.5,"review_count":152,"is_open":1,"attributes":["Alcohol: full_bar","Ambience: {'romantic': False, 'intimate': False, 'classy': True, 'hipster': False, 'divey': False, 'touristy': False, 'trendy': False, 'upscale': False, 'casual': False}","BikeParking: True","BusinessAcceptsCreditCards: True","BusinessParking: {'garage': False, 'street': True, 'validated': False, 'lot': True, 'valet': False}","Caters: False","GoodForKids: True","GoodForMeal: {'dessert': False, 'latenight': False, 'lunch': False, 'dinner': True, 'breakfast': False, 'brunch': False}","HasTV: False","NoiseLevel: average","OutdoorSeating: False","RestaurantsAttire: casual","RestaurantsDelivery: False","RestaurantsGoodForGroups: True","RestaurantsPriceRange2: 3","RestaurantsReservations: True","RestaurantsTableService: True","RestaurantsTakeOut: False","WheelchairAccessible: True","WiFi: no"],"categories":["Brazilian","Restaurants"],"hours":["Monday 17:0-22:0","Tuesday 17:0-22:0","Wednesday 17:0-22:0","Thursday 17:0-22:0","Friday 17:0-22:0","Saturday 17:0-22:0","Sunday 9:30-15:0","Sunday 16:0-21:0"],"type":"business"},"user":{"name":"Derek","review_count":8,"yelping_since":"2012-04-27","friends":["9aX5XM9v8vJSJBUiLvdCqw","v3zxszozFTqz6NP0VBsroA","8OP3E8IKtHRXoct6PlxTTw","Q0XVesWt8r3QEjBm9mRVdw","N5heACnceENQx-kq6cLztQ","24f2R1VuQTcR72FqbqC6IA","E7OM9VuGebJb6EKPQ2RjFw","qtdJRAKA8mA1J9TQeW9TJg","SepzWS233RSW2LMl-FY9bQ","ufXaq0ynXjT5XOTy2sGZ1A","gJdMiUykdKJHJMVSY9laXQ","IXhbDv5yVj0U3s6BpP7efA","uXqxQH-3kmFJNEZobr6nEA","07SoFBPA6SgQZBAY5CJekw","cnkeQCKXbkEweNL2_1-hVQ","WdjfjeS_rBi_MrBOYTAVnA","TxXxZQ4davda5etk5VqV8w","Hljpo0hcIHUX8ufVVoNbrg","Waxs2v7nlV43l0_vIFe57g","urMOmR7RgvzPdXfhQbrBjg","yw35I1ItQSbaf2INuW6s9g","kBE-bL0JsBlOxMWNMIyAyA","yOhLQPYSNhjbggMX0_upqg","fPOX13pAUgjT7AzuKoWzHw"],"useful":0,"funny":0,"cool":0,"fans":0,"elite":["None"],"average_stars":3.38,"compliment_hot":0,"compliment_more":0,"compliment_profile":0,"compliment_cute":0,"compliment_list":0,"compliment_note":0,"compliment_plain":0,"compliment_cool":0,"compliment_funny":0,"compliment_writer":0,"compliment_photos":0,"type":"user"}}
