{"review_id":"Ufg9xxJ08PqJIBaf2t0IWw","user_id":"mSr4AI6gEwLKhBeMr0Tm-Q","business_id":"tTjXkqN-XVLIP3Vk9EozJg","stars":5,"date":"2015-09-22","text":"Very good food and quick service. The prices are also the best I've seen for a mediterranean restaurant in madison.  Its also nice that they are open late.","useful":2,"funny":1,"cool":2,"type":"review","restaurant":{"name":"Palmyra Mediterranean Grill","neighborhood":"Capitol","address":"419 State St","city":"Madison","state":"WI","postal_code":"53703","latitude":43.0748105,"longitude":-89.3925202,"stars":3.5,"review_count":65,"is_open":1,"attributes":["Alcohol: none","Ambience: {'romantic': False, 'intimate': False, 'classy': False, 'hipster': False, 'divey': False, 'touristy': False, 'trendy': False, 'upscale': False, 'casual': True}","BikeParking: True","BusinessAcceptsCreditCards: True","BusinessParking: {'garage': False, 'street': True, 'validated': False, 'lot': False, 'valet': False}","Caters: False","GoodForKids: True","GoodForMeal: {'dessert': False, 'latenight': False, 'lunch': True, 'dinner': True, 'breakfast': False, 'brunch': False}","HasTV: False","NoiseLevel: average","OutdoorSeating: True","RestaurantsAttire: casual","RestaurantsDelivery: True","RestaurantsGoodForGroups: True","RestaurantsPriceRange2: 1","RestaurantsReservations: False","RestaurantsTableService: True","RestaurantsTakeOut: True","WiFi: no"],"categories":["Restaurants","Mediterranean"],"hours":["Monday 11:0-22:0","Tuesday 11:0-22:0","Wednesday 11:0-22:0","Thursday 11:0-22:0","Friday 11:0-22:0","Saturday 11:0-22:0","Sunday 11:0-22:0"],"type":"business"},"user":{"name":"Jennah","review_count":6,"yelping_since":"2011-05-24","friends":["None"],"useful":0,"funny":0,"cool":0,"fans":0,"elite":["None"],"average_stars":5.0,"compliment_hot":1,"compliment_more":0,"compliment_profile":0,"compliment_cute":0,"compliment_list":0,"compliment_note":1,"compliment_plain":0,"compliment_cool":0,"compliment_funny":0,"compliment_writer":0,"compliment_photos":0,"type":"user"}}
