{"review_id":"WcaoZpIFiiCDE2cehaIMow","user_id":"uvmqOhjShM45TafnJaDMfQ","business_id":"i60v66vwf1A13YqcIqGD_A","stars":3,"date":"2014-03-30","text":"My old supervisor took me and my ex-fiance' here shortly after I started working for her. It was really good diner food, and was very easy on the pocket book. I haven't been back since, but I wouldn't hesitate to stop by if I was in the area and craved diner fare :)","useful":0,"funny":0,"cool":0,"type":"review","restaurant":{"name":"Monty's Blue Plate Diner","neighborhood":"Williamson - Marquette","address":"2089 Atwood Ave","city":"Madison","state":"WI","postal_code":"53704","latitude":43.09242,"longitude":-89.3518969,"stars":4.0,"review_count":401,"is_open":1,"attributes":["Alcohol: full_bar","Ambience: {'romantic': False, 'intimate': False, 'classy': False, 'hipster': False, 'divey': False, 'touristy': False, 'trendy': False, 'upscale': False, 'casual': True}","BYOBCorkage: yes_corkage","BikeParking: True","BusinessAcceptsCreditCards: True","BusinessParking: {'garage': False, 'street': True, 'validated': False, 'lot': True, 'valet': False}","Caters: True","Corkage: True","DogsAllowed: True","GoodForKids: True","GoodForMeal: {'dessert': False, 'latenight': False, 'lunch': True, 'dinner': False, 'breakfast': True, 'brunch': False}","HasTV: False","NoiseLevel: average","OutdoorSeating: True","RestaurantsAttire: casual","RestaurantsDelivery: False","RestaurantsGoodForGroups: True","RestaurantsPriceRange2: 1","RestaurantsReservations: False","RestaurantsTableService: True","RestaurantsTakeOut: True","WheelchairAccessible: True","WiFi: no"],"categories":["Diners","Restaurants","American (Traditional)"],"hours":["Monday 7:0-21:0","Tuesday 7:0-21:0","Wednesday 7:0-21:0","Thursday 7:0-21:0","Friday 7:0-22:0","Saturday 7:30-22:0","Sunday 7:30-21:0"],"type":"business"},"user":{"name":"Jason","review_count":32,"yelping_since":"2011-12-21","friends":["Fpaqn0Z8dm1Hn9TtRcgfHA","qWdPJ4jHH9ecJzJR0RDmng","DMuH0ZK18w0mTd7qmbyxiA","w2jAIi5LDBheEB3B_B6Y_Q","d0DW-mHSbMlTUq0mDM8xVg","5ClP4O44_kVWBC7deuE3jw","kUMBbQmRsMAEaxOSUVRz5g","qGJV7kYxiZLNsERGUdraeA","bB9pzxFSCRyf3EmnwGcWUg","JUT0U3HTSB3kz9Wh7N0GqA","fRaI92S1vUV3fEw-TJD2_A","XZDaGrLzyFFH2GcXNojecw"],"useful":17,"funny":8,"cool":5,"fans":3,"elite":["None"],"average_stars":2.97,"compliment_hot":0,"compliment_more":1,"compliment_profile":0,"compliment_cute":0,"compliment_list":0,"compliment_note":1,"compliment_plain":0,"compliment_cool":0,"compliment_funny":0,"compliment_writer":0,"compliment_photos":0,"type":"user"}}
