{"review_id":"8TECgDXNE_PY-Fdmq8ti-A","user_id":"dSfbreMGKVI8QUL_pwjOfQ","business_id":"U7Ag9oPTjWinwcnGH20tcg","stars":3,"date":"2007-02-18","text":"<cheese bread>. it's like mana from heaven. and TOPPERS makes me wait ONE FUCKING HOUR to get it.\n\nthat is total bull shit. so i have been waiting for an hour and no <cheese bread>.\n\ni am drunk and angry and am going to NOT want to tip...WTF???","useful":1,"funny":7,"cool":0,"type":"review","restaurant":{"name":"Topper's Pizza","neighborhood":"South Campus","address":"1368 Regent St","city":"Madison","state":"WI","postal_code":"53715","latitude":43.067948,"longitude":-89.4087549,"stars":3.0,"review_count":24,"is_open":1,"attributes":["Alcohol: none","Ambience: {'romantic': False, 'intimate': False, 'classy': False, 'hipster': False, 'divey': False, 'touristy': False, 'trendy': False, 'upscale': False, 'casual': True}","BikeParking: False","BusinessAcceptsCreditCards: True","BusinessParking: {'garage': False, 'street': False, 'validated': False, 'lot': False, 'valet': False}","Caters: False","GoodForKids: True","GoodForMeal: {'dessert': False, 'latenight': True, 'lunch': False, 'dinner': False, 'breakfast': False, 'brunch': False}","HasTV: True","NoiseLevel: loud","OutdoorSeating: False","RestaurantsAttire: casual","RestaurantsDelivery: True","RestaurantsGoodForGroups: True","RestaurantsPriceRange2: 2","RestaurantsReservations: False","RestaurantsTableService: False","RestaurantsTakeOut: True","WiFi: no"],"categories":["Caterers","Event Planning & Services","Pizza","Restaurants"],"hours":null,"type":"business"},"user":{"name":"molly","review_count":911,"yelping_since":"2006-04-30","friends":["i5vB2irf332VYMQEirfOUA","bEivCoqmHNuVBB5hUM-WlQ","7pF-RY4R3ftPvjQ8L2c5DQ","7b9hiRGz4eLcQ7wlXLsDTw","XxUZUrJdf_lEPKNc-_OvQw","BHqHH7cwRLplEWtnEy-Bfg","GEWvlAZHNl6EV1KjjO-nAA","MbbDJObPjlGCENUgR-SOVA","aySxtfn_fAgLUF45HsmLVw","3vfKikc6xlTbuxk8yva8pA","hQYc90YPvI5WAhxUF4Bo5Q","stdqCbuhoJsUQKl44bxn2Q","0YL9O-5nxZU-tsC0pyQ3VQ","acPFDB6xB5qtcwTCI2wLvg","J1aurUGR360LS7GRnuW5PA","cVLnU72Q4H_pYhcaKZz1tA","tQz1D7TMTKYjgNu6JZMdEg","GbKWOUGwVsHE5jQ-hhL6xA","r7Zi52GqnJa6Tb0dqTKlkw","fczpz-PQkZznQMbyB38F9Q","4hAauH0dy57uK9o8bCvGUw","MTGa4cuvBkuglBDy4NIcPA","XKAFikZAfddYv0Vg1PUkwA","geOjVvbjvCHOXno679Fj_A","e3X3HhvndvXRnpevNnE__A","r1jSd7XW686g1mwcPycZNA","CnmOzxy6K-LGL3hiomP0Ug","jCfyi8mOBqMJrj_DZFalgg","k9-BvLOaQ3_lQHBUJyVOWg","q_QQ5kBBwlCcbL1s4NVK3g","OD0RY2myWrKr_f7mQcQVkg","aZqVZoKs7PPrzb0lfDzPpw","mIGALFq3kVQCzhvarXNX9g","yCEFoyKQOMD6TRJaG0BEUQ","ZY_LdeLdStxzR6pE354eww","FyWQ7Zonws_ppf06Nhu8zA","gjhzKWsqCIrpEd9pevbKZw","waOlL1J1yTQRwnr3-FMqOA","fNBbsjfpGXinu7ud0DyyIw","AQADGj5FEHggCzgTLDPcNw","YS1ut_VQ_DajTY30w6mEEQ","luVVQ8yp0USIxky1nQ2ueA","om5ZiponkpRqUNa3pVPiRg","a3DEijJwpvGUkgdWpv3bbQ","Rx5wlM90yMao96Kke_y7xg","JbqkUoTDNpZlnjfa7IF2lw","AnPUDSgbEhEDveaq_GmnDA","erMibXck0Oz4VXDPDHeboA","nIje9dU2PsEHDR1FuEvj8A","pTuRfSinIVIQUq2_ukbDJQ","gw6Fubke8pI8xfbm9I-aHA","QbewF-XkZNdyLDpNwDC-ng","LcTYrQHDPpm2ZA5THppKAg","cjotiAHFSbFuvbxTWmGi1Q","H0zS9L_k8NjZiHKfHQo-bA","nShq32BVmWcDvLVz6EDbkw","DAT62jCDMV-lW15CDZgyqQ","3IqMfKhYK6Fvz5O-5a5XGQ","u2u4xT0rHcvQQeaprDAfng","wEu5kwbZNBBbV5W8vq2LMw","M1wl9tWFaDbpfSxh5KmjaQ","3cqyEc8nYrx4aawsjVc7hg","aS-233C6Fap8PpOD1dtVOw","0y7DrIIZwwhKqg7A7qvGzw","KYBEVBAP7QUlt1LjmatTJg","Y-ApErVoFOxbRo_cBOGCIA","u8QZkh43LvpVgK9PMlCmOA","SGuh6KBUNF34sdTFaJntBg","RNzqCFcPkIXPf47jq_8s7g","CY0b8_ucmeSbdNSN0NkiiQ","-sZsovkOVzZVhke3fxrbtA","weCeiXxZBhBY5mX9y6jS1A","DjKUa1KvHl2cZNqa0ATbXw","EpZFiJxo6RO8a6QwDwC7TQ","cgN9Sr3v6d_xpIr-7mUJmQ","4NCsTwEBgj4_LVIYGoWk2Q","S_I6v5p-tcWRr7cu-pvp1A","LJ8U5ZVnFpF8XNUR7DcUng","ZYZNcugF3xUEGyLOVGiZ0Q","4oHApnxuYTCZv-sSQfPM9w","x-ryZQilquoZrkmil3u2TQ","D5OQh-4CSlMETTUtoUYiXw","eCMsUHN0FpLJmJDmB9d6bQ","1T2J8wCFceRaf6eHiDb-Eg","Vrq4c5yq7qroPxAklLySHg","b_ED_rPl7OLwEpUlr4VI5A","8m6H21LECYIRPBq1Wc5qKQ","3GP1x_iBu10rBs29u71Y6g","K8GsFG_51xaHzIGvfpfdbw","T4qbZR0VHBPESlB1l7jTZw","t8PN1mFxF-FHQc9cNfmWBQ","l8tiWpQrA5-EGDAFK65pdw","3FGVRGOY4x1ra8xOH9HqiQ","zZnfmKnlXdWEsTT3l3QpDQ","cvM2ZkEJWAfUXxai_WL6FA","ci7Q6NvXQ8UZrBHusVX18g","bv8aLZ3QxpwnwV7KWbx7JQ","3VqCUKXWDfPhaBPqGLwpSg","TiPH2ZwSX53uK7IvFSHVYg","DecNq9BYtMwHhgdnPNGbVQ","xAyeUz7QPrtFWSfAnOOc0Q","R40HEVnV8tokmSW66Q36_A","Y5ubWFnk2FRinbkFusxE5w","Vkk8YfesfF2aAehFb5SlSA","TMCPgsBjZgJ5jkwUUot9wA","M1cMsRL4L7IUr9RILDywEQ","gm8XIvBSh-BSOIlmvNgDPg","RZwjMDvgVUi3yJdJofziJQ","WMA00i3xuFBEjDNX_gc1Vg","WBNIW6Rdu4bezIXxQRBD4w","_KGMFTUhJMBPru7fW8bUDQ","sd9DyDo0wvf283V9rYjvAA","8xev0Avovx_jp7LEw8JqvA","tcUhBNgpZSl7c7eSe1y4Gg","lrvBE5PMCkvylXGSOJMsSA","WltzqQ3fb3HfcI5CcyOLBw","Y95Y68KJdWASgStZH0Mxdw","k8Akldd31Hy7GKzL7Xcg5w","W2BFyhVvcjOTnkfUV7KpmA","wZPizeBxMAyOSl0M0zuCjg","iABKuSBzJTT12j-T6vEejw","hc5IQBLDznrT_nY46TnN6Q","sj88HBD9awesKZ6NWi3O9g","_9EIx0AMRspVvWds8PHsLw","DTWtZJAIPMrZJwUJV0DJmQ","0bZjM8BfZi-oxNLYVkvl9w","u4uKVIVWorJ7H4k0seCq_Q","azupW8UYwIzcFGchoEz-Dg","t5IlUxtc4YFUCYStjdlXfA","S3v2L43KNkKPNm_IcZ3T7Q","7m_akadoxv4hK1SjTeIcqA","YOw1yg8THktCCioY2q55_A","cEYDTbulBzVjlCXwsKqhjg","2c76klhIb4QiN1NYTHarXw","zlXlvI_IKONWpzOXugfwbA","L_zITECCkIs9OTabtsCuXg","NV0u95G-WcjZRAfCX-jcWw","GNnVY5ogUKPGqOgQU3Uw5w","bX_2CZVLLVbxs9klSztxNw","5ke2DzjmTp_mZllrWthLPw","XQKDm_voMjyHHjfSQri_IA","pFBeUN4O6mgChLfYI9oIPQ","Frpav5mTr1bZhd7hkiwWxA","1FAKs3CAQQLBgdB23GeDIQ","xqs2dAP6Q9NoAnghMhARUQ","mG1YBKcYV2DBqKsYL7eXlQ","MbONbOjGPDvPV9gQwv4Pfw","OupsYc5vx2ZSkFrUQlVlrg","dRiZ5cZmKiTilMo1GKHXeA","LW5AOJakYTOTyIFWAg2QUw","_WSEZA4e9KyxF1UBkf7HOw","biZ0fIcZp7B-KBJ3EGcX7Q","_KlusRFKNgUYJHEjeTAd9w","jY_SGaUeeLA9n2o04iwfMw","cQZ2lc1eryiu3y3vPRTU9Q","eBGwT51I0UM9lK-5jr4ZeQ","x88luvdoGs37h4bJsxlDIA","wzto16Bl-DHm-iqV8psXBQ","KjhdcYvq72vD59K8thXmrw","nyQviQ8xDpxKW5g9rZ70Pw","0buwrNb-4PIfcsa5XOXOEg","U9XLoZuN46AeiBdQOApfMQ","wUqHUNVCDVeoLiPUvc6NTg","DGI2p3i3LO6wVKcvyMmWcA","AuQhzw263x31ysaOvtHWKA","uYDeoofS3HsD4quTa57ucg","iDh9i0YuWYGX3Yc0qTbvqw","xJAqt3U9L8UaeWwsqg263Q","j44fqNROjHTW6RZuwTESDg","ba0re-NUWaNvn5hxItLpEg","sZxXpvmBUN2fSCtK_BZFoQ","bXmJD9Xcr8H1wgIkjC1Blw","XWCpaV7zNheQf_vPtGToYA","iyuo4SJ_wMZ7rcbJzexCVQ","cXZhFx6FDmV6GCwmdF5HzQ","lOh0xTOUrLbWqAAD14m6dA","-WkALjoaQxlxw1c8fxdp7g","S2ndDDRSxCuYgC4cHeLp6Q","5UbXII0XZdNorCN9ByyZ8g","Xr750kQWrNwJt6z6TAw7IA","vt4nvD7FNvIMel47ikMifQ","tvLTRrtMLhBef4aio5mGOg","kmGSeElZ7uHpw-2mFrUgaA","yjEmThAYuzQqLdDDsx6oCA","fAtaSQepxKK336NyLm_NOg","zZuABrL8wGokEt5oNpSAow","dNnOzQxt35qmSi2gq__oyw","BP-PhtILS68hOkjQGcUKqg","wBAok-hr--h8by7LgqeCPw","jYowMfO4Gzh_kuwgFS_oyA","j_7tH1OlG6Gd0_Zxk-xONw","ukfZEKae8SLavXHDDwdKBQ","cwbjd4cT9jlQybaQ_orxoA","r6WUdUw6MYnF37ytf1lumQ","NK0Es1yyvAK8_ZwlcHXqaA","LHjKGXTd1oN2NKrhQUVARA","hEXqvRE6U-dZqJWRyYGRCQ","rQrqrb5dFztAeFYwyqbygA","45TD1CEI0MoMs-g7P9mljg","5F_ASUSCHFf3YotkKioZ5w","iB0FOdMo9hPUhLa5R4E0Vw","89yr7wNIk8TE03yKfTRLuQ","We_dshN96B4SkLIC4nkhTA","W-OZPeKh4R0GlywUsl09PA","vWBRh64pjlxeZ0kqt2o8DQ","1Wkzdq1oxUqgL1Tx09_I8g","hJtNrjr7T7dHNllEiWWiXA","eydaYzZbJ-2cLcEDA5d5hQ","PT7El6PhrLu3hZZN7uxqqw","kxA0vTDi1KABuA5Tgg1HKA","-4pU1kYulMf2L07Rk579fA","t-wqstnyMzG5xXnXmegRHw","JBJD1RNKG88QOkJ_s5ggnw","QtdL-A23pzQzeHKjiPyrkg","YPuefjfa8t8rI0Cu2D3zJQ","6PEIKIibsT3NkG1THRfJPg","K6QAke8DXUo-nPluqmwhIA","KD40tv9gfvXd7cimY8JnZw","IrC64HBNdFyAFHan9aUH_A","eXhTTMbO1r1aQ8BXjyO16A","ITa3vh5ERI90G_WP4SmGUQ","xEc6S6ZTbFeNekKgWTZP9A","mQr4popcpi9E_hIIJ8Wumg","QFCE3JOk1J8lztfsxYlD4Q","xMYPc5tzV2PSryKFK_y1PQ","MQVbEWA3c3PQQBRw2OnRPQ","ZMzxLGZYCtplGN-gYSU31Q","0L6XAQ_wYgR2d4lfX43XTA","6Mv-qMJyxSokCu8YFM1o0A","PyUn2FeMuLdmyB6xxMe4NA","xmxPwByeuHXB_AgQrygEmg","0AWFU_btzIK59nczdXjQnA","TQZrS8qybNyXctr99DuhoA","W2Lvdg3z7b5qJvg7GOWi0g","XEHx4FNzOGaAc3EMRaPSOQ","aMVnF4w77n0A6jOSeCvBPw","lBbVDV784rI3NBRXCwwCUA","yJAkBODmbaBQnaCgMlGsbQ","nd-r16vXpYKMrE6JMXa79g","LNW9Qy7Wl6lOQfRGtX15_g","gXdPB5epN69I25ApB-GDlA","RJ7aoazC7qW_E-WkagZG3Q","apkOtUbw49a8DH6Yqh59rg","XvL3WrRN0_3hw0P5tO0J1Q","Jtqm9FM-hNx9NN8IChz9Qw","G5LXEaxhQMF_BVjNHkVr7g","p3heVCnq3M0H2LMxIuuc5g","NEHEKfogW8jc9H9rnxJoUA","jQG4IubCIEYk-lj2OY5H5A","bP5eVI3XKiX5ivifq5d0uQ","0V4Ra6jCmSAgFtCiORr4QA","bzMzZE3OCqHhZyXH5JRaWw","-H0yU9OFytKr3AcIuWrWpA","QQnPbpNzopsqAY0h8TRRpw","Jl788GK1eIie4EWbfcUqxg","-4BEUkLvHQntN6qPfKJP2w","23RRdZofs1E3jUBWTYdGHQ","yfy3v_n7BWiGs6pTf58i6A","zxSMipSRjub_zkp76Iawaw","PL27qVQvSmWUrlGFU6GTlQ","1uhI4ZGZwH-4JRWoSIm4Og","BZJ_GKer6GBV-7fB0_4asw","ApcBkzRri70YR7v-phnPgA","HbD8YgKBbRc16xvyL2MF7Q","ld_fXWGiXn8RxC4ROx3-4A","Us1AthDpqHzcO231z7OlSQ","oCKBnlJ3cU7Ev4MKLLV4SA","BQXriJ0ZgrHE23CNGWuX8g","CYd9M0nM9V8GGX3b48jAMA","LjXvhd-m9vWApjuDflh6Fw","yxaKFqYO9E5bF0FpAFuTLw","V7N4zvbBz4xz_NCTRm-yfA","AABbt-1Y_FAf1MhMk8N4Vw","xcSAzy_j_kvXtGBWBMhyYQ","rfGeOOIHw0wcX3ibAzTqTA","j1IpRoDB4_EGalcFItxCxg","tN0lpNS8j9Rpu4ZEZ-KwKQ","TFNEVJep9T41b2O-DPpmpQ","6mHmH5WepCksp35N0LOcAw","_TCk2jVi-Ovaw-wYICFQog","5QrgnLkqhduFMKfm66Aqog","oLT9S2KgqVVa1yGA5hx2IQ","1DDDJAA6CJd2EsaV0B7GXA","BI4lPhrUpmEySIJUywjIjQ","tHLEenJvivOzey7ik-J-BQ","v9VCObZVWhOPdm1rKt8Dvg","M5htnJJBjmAdFgDI7qtRvg","qewqi4rJnV5g6-MZPrOsdg","V2NBXuUOr3pm5CAl4hnKkQ","8sAYBdArMSKiplFpho0_6w","yd5pQ7C3NTSrveNjj2lN3Q","dSBkPxqUjJ9W-RZdR9XN7w","rXJZwyz0rJpGKCWDszDUVQ","TAw9a920VeW1Jw892jvfqA","oHYG8qVS42XvDNa3mfiB4Q","tYD-v5M_3mfKVe5-xesKmw","O3VKiWU5ZTv2QQNYHRk80A","Z5N-f80hoSKNPo1WYMy-Qg","hZYaH19h9RKAaWF06aVwzg","5MCBLBxr10NLUKZ4AboAMg","JQNWoyqJc6UbpuNt0t3mBA","02r6AiM9aNUpHeCoWsOxYA","SoyomeVqmZYGZoJC7TQ9ZQ","dt5cHZ_zIvQpTYCN5xPfWw","cuJ5Cu2C3nIQCzrwGlubYQ","frRDi420JPvtPY6BckujGg","aIA3Xo5YH4cg7MlHMhgxAg","Uk1trW0jC4IMChBTayZP_g","Vln_ZuaWNhqkaM7Iho_9Aw","RO78jiBkX61pPweJLVlCgA","jkJ7zkQemWYRXgmoANu-DQ","_XO64jRw22cHJcN4xotINw","lPxPlRORP5xMqXP2XcIUGQ","-qklwtEuXpF72Mvhcdh8ig","-4o6qq6dNHQpXWnGbPkPsA","jzdUdrkwbK8j3lkrDajcZA","LFZn7jtMpFuAyVg8n8LPqA","-SkdK9egKMc7GhkR1GWghw","0ISAHQe1Tojcpj8RqVccgw","2-sRIfKT31GFQD0OCnOmwQ","52oH4DrRvzzl8wh5UXyU0A","71-vm7Jzxat9t42mX1IaKw","3hr-R7njPgn_UnrCMHc9Cg","Annrjy3_yP5vWOL3T3XqLg","Xxzs6muhpyaX9TVlIXFc9A","_PxfoCChnP1uetoqVoMuRw","cGSscPilqZoxjJ-UY1Utvg","_Xij5LNroYcnD_zmek2PXw","80E1aropRMQs5UmHVOZnvQ","IB6su6qGVKcrWl7cOqrqbQ","6dK4Tqq-o_mrZ9lEVuAT7Q","DfRe_wMXIxS9B7bDSx4Stw","KckMVtwmUuc7mhxWJmvvdg","21QDiOO3x_Fv5b0LK4P0Dg","kLOvp6kJN_56bjkiBs24hQ","a010w8zqtYr51YN1Fsh-wA","5l-Cv9QE6CfgDmc3sGB9XA","alvPRKTMbzhOwzF4U2Lf5g","Q2Gj0kCklTb9At3-SNzIfQ","HAciNxeuESR39x_1-mKr1A","86INLbekaSYMY9NQNs0jrQ","NyltIuiXtKMuqtVH85uyxQ","JzDPb9rFVNHsMWqaCGWjHQ","HgD1j4AcbIhsKJdz8oENow","AaROwCTy9GW44woURGngsA","K81GtMwZ5P9wFpuvMPvmKw","XIZ93IR3Yrj2GDlhs_Wf8A","yO7AgteqEpkxkV9BCz59Sw","XwbnUSJeDscLDGfe4A1x3Q","ccfajHmIrUQhs1dpCMNwhw","5Qdgn9b4KZI7gKX1gLIMeA","2uu12ZRCXPjDj8cfWymKIg","KJEHiTAAy5BpIeo1LRr6KQ","5CycHZ3h9BWIcvKQDmjF_Q","GGvLmsKP7rReWrwZCjL43A","5ntIF7j0pVehGjYuDlFVFg","FMW5UU3-fPE1QyqMlVeGdg"],"useful":766,"funny":799,"cool":756,"fans":90,"elite":["2008","2012","2010","2007","2006","2011","2009"],"average_stars":3.77,"compliment_hot":330,"compliment_more":26,"compliment_profile":23,"compliment_cute":39,"compliment_list":17,"compliment_note":174,"compliment_plain":218,"compliment_cool":356,"compliment_funny":356,"compliment_writer":22,"compliment_photos":11,"type":"user"}}
