{"review_id":"K9qbLLQqxE0QhmDciqq6Fw","user_id":"7F6NqK1DsFf5APz1SbJiWA","business_id":"uoUa8ugZLrly0bA268IqEg","stars":5,"date":"2016-06-20","text":"SO MUCH Delicious food. The portions are plentiful! Came for brunch on a Sunday, it was busy. The staff was great and service was fast. Definitely coming back before I leave town.","useful":0,"funny":0,"cool":0,"type":"review","restaurant":{"name":"Mickies Dairy Bar","neighborhood":"Vilas","address":"1511 Monroe St","city":"Madison","state":"WI","postal_code":"53711","latitude":43.067439,"longitude":-89.4129202,"stars":4.0,"review_count":241,"is_open":1,"attributes":["Alcohol: none","Ambience: {'romantic': False, 'intimate': False, 'classy': False, 'hipster': False, 'divey': True, 'touristy': False, 'trendy': False, 'upscale': False, 'casual': True}","BYOBCorkage: no","BikeParking: True","BusinessAcceptsCreditCards: False","BusinessParking: {'garage': False, 'street': True, 'validated': False, 'lot': False, 'valet': False}","Caters: False","GoodForKids: True","GoodForMeal: {'dessert': False, 'latenight': False, 'lunch': False, 'dinner': False, 'breakfast': True, 'brunch': True}","HasTV: False","NoiseLevel: average","OutdoorSeating: False","RestaurantsAttire: casual","RestaurantsDelivery: False","RestaurantsGoodForGroups: True","RestaurantsPriceRange2: 1","RestaurantsReservations: False","RestaurantsTableService: True","RestaurantsTakeOut: True","WheelchairAccessible: True","WiFi: no"],"categories":["Breakfast & Brunch","Restaurants"],"hours":["Tuesday 6:0-14:30","Wednesday 6:0-14:30","Thursday 6:0-14:30","Friday 6:0-14:30","Saturday 6:0-15:0","Sunday 7:0-14:0"],"type":"business"},"user":{"name":"Michael","review_count":25,"yelping_since":"2015-07-06","friends":["vl20RagVTFwb0awgFLudFw","6xoHsjEcYfHuhrV7Ars0BA","iH7MUnCBTtnCEYUqnITHPg","VlGuO99rnBoo0WsBAOMUAw","Ky9fVP4FgxkuveJ7g2yDPQ","Qouk0BgGp9RSmqkhCF_u3g","IJZWQV-H7qOZA3ZyEd-2yQ","sIdiA2MwtDOZBcLak_VR3g","Nm0MFB8oZlkAxvEVFr17rg","t8vDCPg-8z-d9ePghOTXWQ","Y6VtHvP7pNq28_gfo8KrVQ","IqXEvxq5Ycx_9aOmh1ejPw","arqhu3IBiyEUtdl5FqHXnw","yE9Htb6ukXZlz2yhl7oVjQ","nN3unZz2MyFiLDuoMcNzZg","mMgLKWUDX5f5I37hq6RXGw","Qvq8iTdQLSwUzb9qQSLZqQ","qBOvNkTwaglTBEEyvSX8qA","KcXOauiNNzs9xPSgruWVQQ","PugVE5NJH7aJzBcUnAFD-Q","rCF0clpMCEnBz6JHKT5Ljg","k9OlcJ7U4vr_qN1S1CQDdw","J2kDWumMNDdH03TOmryyUA","SQdNjVmCfcIyrLNhQdwUdA","Bx5ommbv7FNhfJ9BbqGVrw","3ep_FXxjiZUNW8npi5H87Q","qcwvvlUwq6NVFVilgwdoJQ","Qa3pUdnCP4SaEx7NMTwqzA","JdNXjEEMJfiqLcju3-w49g","mmdQxnC-yjvD-y4myhW7-w","-FIVp7uJJsJG1mR45PVwCA","jm-MzHT5vLN5C0VzL4F7xg","jAzTpIIzalUo6aqMhuFasQ","yeN66uGuBLqVYyNpro4z4A","G5YCscpSMkDsb4PDLJNk-g","sGDi3obL5IrlFRhkRemnVQ","ssEavyNssS9CuHQIL01lxA","-UK_fHVnT2sKcA1Fm5seRA","S2gEqsjMOdKBh6gQrK_k9g","3UsqCg3-gDrhCw8jn6n-YA","JkGwZXPIeiaGgeaWbf1X-w","rZvG2xJe-00rv4BmntWXIA","lS-B2lBjCscni1KcDa890g","O6OqJpswAbTiO8Tl0ve3VA","KU2M1Uod3yvCjpM5RB3k2Q","1-LTfHCeuFSOkAkGS_wuqA","vENjDZbXTWfIQ9KTkecT5g","dZjiWdDGwsiD21t4NKZ_Jw","nJ8zcAnH7Y0LGYmszaBrRw","kbzzdEQIsE17nbdz_rYltQ","fGWO0VN0bKA82RVDvARnnw","_V17CyvweNVIiHbBpRiAmA","VTUMWBX0KB5IrUBrpHZDlQ","WGiLbjsUlpUBDhL5SqnMag","BwkPnIXGOL-t1uRJJDiqSQ","ST_4-RICMFT8VV7i99KfiQ","WlmuNYc0SsFr2P8YRHBPDA","Pl7QzzbB65YtLzQ0riMBIw","DSBLDt_PHM47-ZYxtGszyw","NL1XxxgE9hExQ_Ec2GNsJg","vCzp57hY5rZ1Y25NNnYVeA","rkY7hkrW71wRCNxH8UOAwg","jj8fqcqQ9GicHbHAyv3MRw","gqmQTnHqhScKxYsocbuDUA","ytMxhnvCsJLJFJXxTtB7hw","X2-Ahr-IdEnVrbm0ErLVnQ","eKMXpBPsVp3yva-OvV005Q","-pmydhVzEe0CaWeHoUItdg","3cAbshoH3hSZls9QsnFXDQ","_DqxBPFoKHEZ_WBjFxyGQg","SyoRlPL_s8ce5h93aL4nkQ","ccFlSV6RzAaGtaHk5AWAog","rqTreJR4rpmWqgS3bvRiJg","eEnN9URn9YFbtRTOE3v6Gg","9ZMqJofrXollsY40mCowlA","JCBdV3CstaKg89asxxSU8A","c9Eh0wkTBjM07OSBdl8IFw","NSOAjLEVOQe0O31jlTWwJg","TKblt8rfwb4L9vTVdqNVDA","dP3i06EMxzWtr1CPguCE7w","HKxTfS85xJT5m4UKWC5L0g","5toC88Im6hKw2Noa9TOR7A","31z1s9PM5QVpNwIwongK9w","c_67O_XuTBMR1z72VzktKQ","usON5FQMMxNoOnZyqtEfsQ","jY2u55UFgaYuPlf4oXC7XA","4k_VCprdGrFHHzEVpS7nHg","BR_Ht5QQkNWgyqp_DV2YWQ","UW_YjANUrN7DSFq6C4Exgg","oHiLqzPGQ29c9HzI8tpwLg","xpQXbnlyHmsPklNL85yeCg","SRVqzax3c_Ic0-KDwfvTzA","EwV5YhxHOkjC0qG0eKOPkw","ZYRhFfMSa8N87xkbi0KxVg","1O0V6uncAJhRGQL9ywix3w","1pVYxa71t1p-6p38PyVZQg","Tt_DP3k-Add6gn65aWc-Vw","4UpN85GFkIkOnCfjBAI7_g","fTZRWk6RvCHu5RJulH-tKQ","L_REai4zgxXzxSdWA1ZInw","8l-U6CcuL5ypAX02NfeI2A","vf4QFAYwb7QVwNnF14OgMw","GP___SYmLMtICX9BpGVODw","igETlJbT3hzbBkmBRPlBLQ","IwZBOUvjKGC0S-JDOvjgWA","9_a8I7LK-jxr899PYIYEfg","RLwhhmSKXhmM_rz3EbEBeg","yZg1elC4X2nDrD_jBjunUg","LpQHrWTf0RYhdHzMtIOkMQ","Pr7e5fqXwIIpr7UOvo7VEQ","zspsbJbgD_oG3ufJ7f1wtg","Pc6v-ku9xCs5ASXiHbjTtw","5iBjQ8xfATUOtRBSsc8MJA"],"useful":1,"funny":1,"cool":1,"fans":2,"elite":["None"],"average_stars":3.46,"compliment_hot":0,"compliment_more":0,"compliment_profile":0,"compliment_cute":0,"compliment_list":0,"compliment_note":0,"compliment_plain":0,"compliment_cool":0,"compliment_funny":0,"compliment_writer":0,"compliment_photos":0,"type":"user"}}
