{"review_id":"ZUMD2uJ9KPA7Ba8LX5BVCg","user_id":"LAN7hd2xD8UotZlz3bktmQ","business_id":"HHCn1akqIpl_BhdcJoYPbw","stars":4,"date":"2008-07-07","text":"I went there with a bunch of buddies because they couldn't believe I've never had <pho> before. I got the number 19 which has everything in it. I absolutely loved it. They have good <eggrolls> and <spring rolls>. Good waitstaff along with clean atmosphere.","useful":0,"funny":0,"cool":0,"type":"review","restaurant":{"name":"Saigon Noodles","neighborhood":"","address":"6754 Odana Rd","city":"Madison","state":"WI","postal_code":"53719","latitude":43.0571457,"longitude":-89.4995195,"stars":4.0,"review_count":267,"is_open":1,"attributes":["Alcohol: beer_and_wine","Ambience: {'romantic': False, 'intimate': False, 'classy': False, 'hipster': False, 'divey': False, 'touristy': False, 'trendy': False, 'upscale': False, 'casual': True}","BikeParking: True","BusinessAcceptsCreditCards: True","BusinessParking: {'garage': False, 'street': False, 'validated': False, 'lot': True, 'valet': False}","Caters: False","GoodForKids: True","GoodForMeal: {'dessert': False, 'latenight': False, 'lunch': True, 'dinner': False, 'breakfast': False, 'brunch': False}","HasTV: True","NoiseLevel: average","OutdoorSeating: False","RestaurantsAttire: casual","RestaurantsDelivery: False","RestaurantsGoodForGroups: True","RestaurantsPriceRange2: 1","RestaurantsReservations: False","RestaurantsTableService: True","RestaurantsTakeOut: True","WheelchairAccessible: True","WiFi: no"],"categories":["Vietnamese","Noodles","Restaurants"],"hours":["Tuesday 11:0-14:30","Tuesday 16:0-21:0","Wednesday 11:0-14:30","Wednesday 16:0-21:0","Thursday 11:0-14:30","Thursday 16:0-21:0","Friday 11:0-22:0","Saturday 11:0-22:0","Sunday 11:30-21:0"],"type":"business"},"user":{"name":"Travis","review_count":9,"yelping_since":"2008-07-06","friends":["ElC-RdCLaI8Vld9EVVccSw","PNE-YgiUsvvawXz9L4skvQ","ZEo52RR8mq3EGr9CvVO3dA"],"useful":1,"funny":0,"cool":1,"fans":2,"elite":["None"],"average_stars":4.56,"compliment_hot":1,"compliment_more":0,"compliment_profile":0,"compliment_cute":0,"compliment_list":0,"compliment_note":0,"compliment_plain":0,"compliment_cool":0,"compliment_funny":0,"compliment_writer":1,"compliment_photos":0,"type":"user"}}
