{"review_id":"r8gRrK_weYb_SCHu0_UogQ","user_id":"vdiCh44bufPzAIHE8xdYkQ","business_id":"nsw3tlB-hwz4KbPYcuaSww","stars":4,"date":"2016-08-08","text":"Nice. Good <pizza> and <salad>, and not a big production. This is one of these fast-casual places. You order your food at the front desk and pay for it; they give you a number, which you put in the number holder on your table. Your food comes out, very quickly. As others have noted the <pizzas> are thin-crusted 90-second affairs, but even the <salad>, which tasted fresh and not premade, came out quickly.  We had the <garbanzo salad> and the <sausage pizza>, and I would recommend both. Just FYI, the <salads> are huge, plenty for a main dish for one or generous for two to share alongside <pizza>.","useful":0,"funny":0,"cool":1,"type":"review","restaurant":{"name":"Novanta","neighborhood":"","address":"8452 Old Sauk Rd","city":"Madison","state":"WI","postal_code":"53562","latitude":43.0749188,"longitude":-89.5298466,"stars":4.5,"review_count":131,"is_open":1,"attributes":["Alcohol: beer_and_wine","Ambience: {'romantic': False, 'intimate': False, 'classy': False, 'hipster': False, 'divey': False, 'touristy': False, 'trendy': False, 'upscale': False, 'casual': True}","BikeParking: True","BusinessAcceptsCreditCards: True","BusinessParking: {'garage': False, 'street': False, 'validated': False, 'lot': True, 'valet': False}","Caters: True","GoodForKids: True","GoodForMeal: {'dessert': False, 'latenight': False, 'lunch': True, 'dinner': False, 'breakfast': False, 'brunch': False}","HasTV: True","NoiseLevel: average","OutdoorSeating: True","RestaurantsAttire: casual","RestaurantsDelivery: False","RestaurantsGoodForGroups: True","RestaurantsPriceRange2: 1","RestaurantsReservations: False","RestaurantsTableService: False","RestaurantsTakeOut: True","WheelchairAccessible: True","WiFi: free"],"categories":["American (New)","Mediterranean","Italian","Restaurants","Pizza"],"hours":["Monday 11:0-21:0","Tuesday 11:0-21:0","Wednesday 11:0-21:0","Thursday 11:0-21:0","Friday 11:0-21:0","Saturday 11:0-21:0","Sunday 11:0-20:0"],"type":"business"},"user":{"name":"Margaret","review_count":72,"yelping_since":"2011-08-18","friends":["XmUoErm8KkfP_ti71nXgAg","V0c-AS2FFCeSaV-3JfG5vA","wd3xoNaDLib8dhQ7BxUl6g","GVuU1qYR_pWFEVezVjm8hQ","EXKDLuYoZUKUNNNYA7TlGQ","l8E2UOiKH6f8E_aoE1GZDg","d5WLqmTMvmL7-RmUDVKqqQ"],"useful":1,"funny":2,"cool":3,"fans":1,"elite":["2017","2016"],"average_stars":4.17,"compliment_hot":1,"compliment_more":0,"compliment_profile":0,"compliment_cute":0,"compliment_list":0,"compliment_note":3,"compliment_plain":3,"compliment_cool":7,"compliment_funny":7,"compliment_writer":0,"compliment_photos":0,"type":"user"}}
