{"review_id":"jd82JviJZ15FRqHRKeXX7Q","user_id":"y4aEhXdfKAX8klEvOszSCA","business_id":"7d84HeexmcgWmKOUIIwyPQ","stars":2,"date":"2017-01-02","text":"Tried this place when my brother was in town and we wanted to grab lunch with my husband, as it is located close to his work. I'd been wanting to try Tanner's for a while, as I'd often passed it while at Greenway Station, but sadly was disappointed with our experience here. It may have been me, but I didn't get a great vibe from this place inside. It had plenty of tvs, typical of sports bars, but it didn't have the fun comfortable atmosphere most sports bars have, in my opinion. The tables and chairs seemed old and uncomfortable, and the inside felt very small, dark, and crunched. The menu seemed to offer a lot of options, but no one in my party was impressed with the food. My brother ordered a <fish sandwich> that was described in the menu as a huge sandwich, but when it came, it was very small and didn't look appetizing at all. My <burger> was okay-nothing great, as was my husband's sandwich. The <fries> we got with our meals were luke warm at best and needed salt or some type of seasoning, as they had absolutely no flavor. For the price, there are many other places in Middleton I'd rather go than here.","useful":0,"funny":0,"cool":0,"type":"review","restaurant":{"name":"Tanner's Bar and Grill","neighborhood":"","address":"1611 Deming Way","city":"Middleton","state":"WI","postal_code":"53562","latitude":43.0909517,"longitude":-89.5266817,"stars":2.5,"review_count":35,"is_open":1,"attributes":["Alcohol: full_bar","Ambience: {'romantic': False, 'intimate': False, 'classy': False, 'hipster': False, 'divey': False, 'touristy': False, 'trendy': False, 'upscale': False, 'casual': True}","BestNights: {'monday': True, 'tuesday': True, 'friday': False, 'wednesday': True, 'thursday': False, 'sunday': False, 'saturday': False}","BikeParking: False","BusinessAcceptsCreditCards: True","BusinessParking: {'garage': False, 'street': False, 'validated': False, 'lot': True, 'valet': False}","Caters: False","CoatCheck: False","GoodForDancing: False","GoodForKids: True","GoodForMeal: {'dessert': False, 'latenight': False, 'lunch': True, 'dinner': False, 'breakfast': False, 'brunch': False}","HappyHour: True","HasTV: True","Music: {'dj': False, 'background_music': True, 'no_music': False, 'karaoke': False, 'live': False, 'video': False, 'jukebox': True}","NoiseLevel: average","OutdoorSeating: True","RestaurantsAttire: casual","RestaurantsDelivery: False","RestaurantsGoodForGroups: True","RestaurantsPriceRange2: 2","RestaurantsReservations: False","RestaurantsTableService: True","RestaurantsTakeOut: True","Smoking: no","WiFi: free"],"categories":["Bars","Restaurants","Burgers","Sandwiches","Sports Bars","American (Traditional)","Nightlife"],"hours":["Monday 11:0-23:0","Tuesday 11:0-23:0","Wednesday 11:0-23:0","Thursday 11:0-23:0","Friday 11:0-0:0","Saturday 11:0-0:0","Sunday 11:0-23:0"],"type":"business"},"user":{"name":"Sarah","review_count":40,"yelping_since":"2012-08-30","friends":["wd3xoNaDLib8dhQ7BxUl6g"],"useful":7,"funny":1,"cool":0,"fans":0,"elite":["None"],"average_stars":2.85,"compliment_hot":0,"compliment_more":0,"compliment_profile":0,"compliment_cute":0,"compliment_list":0,"compliment_note":2,"compliment_plain":1,"compliment_cool":1,"compliment_funny":1,"compliment_writer":1,"compliment_photos":0,"type":"user"}}
