{"review_id":"QWo5sqYcMv7GR_f6eLlO4w","user_id":"-fWsDAPrFXs_l3kda8sNnQ","business_id":"z9copr1p-DBXq-zMmwwKJQ","stars":2,"date":"2014-10-24","text":"<Baked cod> was pretty good. But the service was terrible.  Neither the host or the server knew what the happy hour special was. And when we finally found out, it was pretty weak.....$0.50 off <rails> and <domestic taps>. Boring!!!  Looks like a fun place to watch a have if you can't watch it at home. But we will never go there again.","useful":0,"funny":0,"cool":0,"type":"review","restaurant":{"name":"Lucky's Bar & Grille","neighborhood":"","address":"1008 Quinn Dr","city":"Waunakee","state":"WI","postal_code":"53597","latitude":43.1804073816,"longitude":-89.4314957456,"stars":3.0,"review_count":32,"is_open":1,"attributes":["Alcohol: full_bar","Ambience: {'romantic': False, 'intimate': False, 'classy': False, 'hipster': False, 'divey': False, 'touristy': False, 'trendy': False, 'upscale': False, 'casual': True}","BikeParking: True","BusinessAcceptsCreditCards: True","BusinessParking: {'garage': False, 'street': False, 'validated': False, 'lot': True, 'valet': False}","Caters: False","GoodForKids: True","GoodForMeal: {'dessert': False, 'latenight': False, 'lunch': False, 'dinner': True, 'breakfast': False, 'brunch': False}","HasTV: True","NoiseLevel: average","OutdoorSeating: True","RestaurantsAttire: casual","RestaurantsDelivery: False","RestaurantsGoodForGroups: True","RestaurantsPriceRange2: 2","RestaurantsReservations: False","RestaurantsTableService: True","RestaurantsTakeOut: True","WiFi: free"],"categories":["Cafes","Restaurants"],"hours":null,"type":"business"},"user":{"name":"Dave","review_count":9,"yelping_since":"2012-12-23","friends":["V8IMkbh7EYwYPSgWGQaIkQ"],"useful":0,"funny":0,"cool":0,"fans":1,"elite":["None"],"average_stars":3.44,"compliment_hot":0,"compliment_more":0,"compliment_profile":0,"compliment_cute":0,"compliment_list":0,"compliment_note":1,"compliment_plain":1,"compliment_cool":0,"compliment_funny":0,"compliment_writer":0,"compliment_photos":0,"type":"user"}}
