{"review_id":"EGOR7wxbo1agpHbLRIQ1rg","user_id":"Mc6-Kl2WZnXkjsPakgYjRA","business_id":"7iZYl52Gtica73shRYsuMQ","stars":3,"date":"2013-11-10","text":"Excellent food, with so-so service. \n\nI've been here several times and have never been disappointed in my food. The food is excellent and the portions are always very generous. My two favorites have been the <lasagna> and the <chicken parmigiana>. My husband and I always order a side salad and split it because they're so huge!\n\nThe bar leaves a lot to be desired. I have not been too impressed with the bartenders-- always lacking in personality as well as craftsmanship.\n\nWaitstaff are much like the bartenders... Just so-so. Seem to lack any real personality.","useful":0,"funny":0,"cool":0,"type":"review","restaurant":{"name":"Francesca's Al Lago","neighborhood":"Capitol","address":"111 Martin Luther King Jr Blvd","city":"Madison","state":"WI","postal_code":"53703","latitude":43.0737969,"longitude":-89.3822541,"stars":3.5,"review_count":95,"is_open":1,"attributes":["Alcohol: full_bar","Ambience: {'romantic': False, 'intimate': False, 'classy': True, 'hipster': False, 'divey': False, 'touristy': False, 'trendy': False, 'upscale': False, 'casual': False}","BikeParking: True","BusinessAcceptsCreditCards: True","BusinessParking: {'garage': False, 'street': True, 'validated': False, 'lot': False, 'valet': False}","Caters: True","DogsAllowed: False","GoodForKids: False","GoodForMeal: {'dessert': False, 'latenight': False, 'lunch': False, 'dinner': True, 'breakfast': False, 'brunch': False}","HasTV: True","NoiseLevel: average","OutdoorSeating: True","RestaurantsAttire: casual","RestaurantsDelivery: False","RestaurantsGoodForGroups: True","RestaurantsPriceRange2: 2","RestaurantsReservations: True","RestaurantsTableService: True","RestaurantsTakeOut: True","WheelchairAccessible: True","WiFi: free"],"categories":["Italian","Event Planning & Services","Food","Restaurants","Beer","Wine & Spirits","Venues & Event Spaces"],"hours":["Monday 11:0-21:0","Tuesday 11:0-21:0","Wednesday 11:0-21:0","Thursday 11:0-21:0","Friday 11:0-22:0","Saturday 11:0-22:0","Sunday 11:0-21:0"],"type":"business"},"user":{"name":"Mary","review_count":9,"yelping_since":"2013-11-10","friends":["None"],"useful":0,"funny":0,"cool":0,"fans":0,"elite":["None"],"average_stars":3.67,"compliment_hot":0,"compliment_more":0,"compliment_profile":0,"compliment_cute":0,"compliment_list":0,"compliment_note":0,"compliment_plain":0,"compliment_cool":0,"compliment_funny":0,"compliment_writer":0,"compliment_photos":0,"type":"user"}}
