{"review_id":"ryUSTffzfDdjSK6bmv9VaQ","user_id":"-798mk3CszWzCwM51duzNg","business_id":"zjwdU1OdlbKTGjm-IfD4TQ","stars":4,"date":"2010-12-03","text":"I actually insisted on going here because my husband spent some time in Germany and I wanted to have a little German experience of my own. He recommended the <Jaeger Schnitzel>, which I went nuts over. I'm not a huge beer fan so I didn't get a boot but I had fun watching every other table enjoy theirs. The environment was really neat. Watching people polka dance was quite an experience as well.","useful":0,"funny":0,"cool":0,"type":"review","restaurant":{"name":"Essen Haus","neighborhood":"Capitol","address":"514 E Wilson St","city":"Madison","state":"WI","postal_code":"53703","latitude":43.0762215,"longitude":-89.3765301,"stars":3.5,"review_count":174,"is_open":1,"attributes":["Alcohol: full_bar","Ambience: {'romantic': False, 'intimate': False, 'classy': False, 'hipster': False, 'divey': False, 'touristy': False, 'trendy': False, 'upscale': False, 'casual': True}","BestNights: {'monday': False, 'tuesday': False, 'friday': True, 'wednesday': False, 'thursday': True, 'sunday': False, 'saturday': True}","BikeParking: True","BusinessAcceptsBitcoin: False","BusinessAcceptsCreditCards: True","BusinessParking: {'garage': False, 'street': False, 'validated': False, 'lot': True, 'valet': False}","Caters: True","CoatCheck: False","DogsAllowed: False","GoodForDancing: True","GoodForKids: True","GoodForMeal: {'dessert': False, 'latenight': True, 'lunch': False, 'dinner': False, 'breakfast': False, 'brunch': False}","HappyHour: True","HasTV: False","Music: {'dj': False, 'background_music': False, 'no_music': False, 'karaoke': False, 'live': True, 'video': False, 'jukebox': False}","OutdoorSeating: True","RestaurantsAttire: casual","RestaurantsDelivery: False","RestaurantsGoodForGroups: True","RestaurantsPriceRange2: 2","RestaurantsReservations: True","RestaurantsTableService: True","RestaurantsTakeOut: True","Smoking: outdoor","WheelchairAccessible: True","WiFi: free","NoiseLevel: loud"],"categories":["German","Nightlife","Bars","Restaurants","Music Venues","Arts & Entertainment"],"hours":["Tuesday 15:0-0:0","Wednesday 15:0-0:30","Thursday 15:0-2:0","Friday 15:0-2:30","Saturday 15:0-2:30","Sunday 15:0-0:0"],"type":"business"},"user":{"name":"Rachel","review_count":11,"yelping_since":"2010-07-28","friends":["None"],"useful":3,"funny":0,"cool":0,"fans":0,"elite":["None"],"average_stars":3.64,"compliment_hot":0,"compliment_more":0,"compliment_profile":0,"compliment_cute":0,"compliment_list":0,"compliment_note":0,"compliment_plain":1,"compliment_cool":0,"compliment_funny":0,"compliment_writer":0,"compliment_photos":0,"type":"user"}}
