{"review_id":"P_XoTOVuKZsOHWq9gWffLQ","user_id":"KbtcIPQdfmXToZV24trjVg","business_id":"jb6yNcKwUDsIQOLYmJCcyA","stars":3,"date":"2015-07-14","text":"The subs aphere are decent and also are available for a good price. The size you get is also very nice, just a perfect amount. The bread they use is yummy, but it is just a normal sub, similar to milio's and other fast sub shops.","useful":0,"funny":0,"cool":0,"type":"review","restaurant":{"name":"Cousins Subs","neighborhood":"Capitol","address":"106 S Webster St","city":"Madison","state":"WI","postal_code":"53703","latitude":43.074911,"longitude":-89.3808461,"stars":4.0,"review_count":4,"is_open":0,"attributes":["BusinessAcceptsCreditCards: True","Caters: True","GoodForMeal: {'dessert': False, 'latenight': False, 'lunch': False, 'dinner': False, 'breakfast': False, 'brunch': False}","OutdoorSeating: False","RestaurantsAttire: casual","RestaurantsDelivery: True","RestaurantsGoodForGroups: False","RestaurantsReservations: False","RestaurantsTakeOut: True","WheelchairAccessible: False"],"categories":["Restaurants","Delis","Sandwiches","Event Planning & Services","Fast Food","Caterers"],"hours":["Monday 10:0-17:0","Tuesday 10:0-17:0","Wednesday 10:0-17:0","Thursday 10:0-17:0","Friday 10:0-17:0"],"type":"business"},"user":{"name":"Ally","review_count":289,"yelping_since":"2014-11-16","friends":["_wCp55HsUFSLqTFftqXMrA","_Uwkd0PiAjSSc0fGHzMAxg","wEE-YMx5pmSuagLtNxMPKA"],"useful":0,"funny":0,"cool":0,"fans":3,"elite":["None"],"average_stars":3.49,"compliment_hot":0,"compliment_more":0,"compliment_profile":0,"compliment_cute":0,"compliment_list":0,"compliment_note":0,"compliment_plain":2,"compliment_cool":2,"compliment_funny":2,"compliment_writer":0,"compliment_photos":0,"type":"user"}}
