{"review_id":"pNCeoLpLwiUheUzGNHGhPw","user_id":"Y68d3n7B1jxu7s8AJriiWw","business_id":"t67GMPZ0cv_ItKlID-JFiQ","stars":5,"date":"2014-06-08","text":"YUM!  I have eaten at both the cart and the restaurant. And had delivery.  The Harvest <pita sandwich> is my absolute favorite, somewhat to my surprise, because I usually go carnivore, and I generally don't like sandwiches.  The <Baba Ganoush> and <falafel> are terrific.  We have been sampling widely on the menu, and have yet to find anything we don't like. \n\nAnyway, the food and the service are great.  Highly recommend.","useful":0,"funny":0,"cool":0,"type":"review","restaurant":{"name":"Banzo","neighborhood":"","address":"2105 Sherman Ave","city":"Madison","state":"WI","postal_code":"53704","latitude":43.1016722349,"longitude":-89.3645954132,"stars":4.5,"review_count":244,"is_open":1,"attributes":["Alcohol: beer_and_wine","Ambience: {'romantic': False, 'intimate': False, 'classy': False, 'hipster': False, 'divey': False, 'touristy': False, 'trendy': False, 'upscale': False, 'casual': True}","BikeParking: True","BusinessAcceptsCreditCards: True","BusinessParking: {'garage': False, 'street': True, 'validated': False, 'lot': True, 'valet': False}","Caters: True","GoodForKids: True","GoodForMeal: {'dessert': False, 'latenight': False, 'lunch': True, 'dinner': False, 'breakfast': False, 'brunch': False}","HasTV: False","NoiseLevel: average","OutdoorSeating: True","RestaurantsAttire: casual","RestaurantsDelivery: True","RestaurantsGoodForGroups: True","RestaurantsPriceRange2: 1","RestaurantsReservations: False","RestaurantsTableService: False","RestaurantsTakeOut: True","WheelchairAccessible: True","WiFi: free"],"categories":["Food Trucks","Food","Restaurants","Mediterranean"],"hours":["Monday 11:0-21:0","Tuesday 11:0-21:0","Wednesday 11:0-21:0","Thursday 11:0-21:0","Friday 11:0-21:0","Saturday 11:0-21:0"],"type":"business"},"user":{"name":"Laura","review_count":4,"yelping_since":"2007-04-27","friends":["None"],"useful":0,"funny":0,"cool":0,"fans":0,"elite":["None"],"average_stars":5.0,"compliment_hot":0,"compliment_more":0,"compliment_profile":0,"compliment_cute":0,"compliment_list":0,"compliment_note":0,"compliment_plain":0,"compliment_cool":0,"compliment_funny":0,"compliment_writer":0,"compliment_photos":0,"type":"user"}}
