{"review_id":"PjTSOwS63ClYz9PWlK2K-Q","user_id":"rIEw4f9WJvxDfTPxvPqUtA","business_id":"flCF_Vp9NOpTVeGv673nSg","stars":4,"date":"2015-08-16","text":"Sprecher's is great for a large group; very accommodating wait staff, handled the big table well, and everyone found something on the menu that they liked. \nFood is pretty standard pub fare and was good, not impressive. I was not expecting to be blown away, and it did not disappoint.\nTheir beers were hit or miss - I had the <Scotch Ale> and hated it, and someone else got the <Hefe Weiss> and raved about it. The <root beer> is delicious, and I plan to stick to that in the future.","useful":2,"funny":0,"cool":0,"type":"review","restaurant":{"name":"Sprecher's Restaurant and Pub","neighborhood":"","address":"1265 John Q Hammons Rd","city":"Madison","state":"WI","postal_code":"53717","latitude":43.0864565553,"longitude":-89.5249041143,"stars":3.0,"review_count":138,"is_open":1,"attributes":["Alcohol: full_bar","Ambience: {'romantic': False, 'intimate': False, 'classy': False, 'hipster': False, 'divey': False, 'touristy': False, 'trendy': False, 'upscale': False, 'casual': True}","BestNights: {'monday': False, 'tuesday': False, 'friday': True, 'wednesday': False, 'thursday': True, 'sunday': True, 'saturday': False}","BikeParking: True","BusinessAcceptsBitcoin: False","BusinessAcceptsCreditCards: True","BusinessParking: {'garage': False, 'street': False, 'validated': False, 'lot': True, 'valet': False}","Caters: True","CoatCheck: False","GoodForDancing: False","GoodForKids: True","GoodForMeal: {'dessert': False, 'latenight': False, 'lunch': True, 'dinner': True, 'breakfast': False, 'brunch': False}","HappyHour: True","HasTV: True","Music: {'dj': False, 'background_music': False, 'no_music': False, 'karaoke': False, 'live': True, 'video': False, 'jukebox': False}","NoiseLevel: average","OutdoorSeating: True","RestaurantsAttire: casual","RestaurantsDelivery: True","RestaurantsGoodForGroups: True","RestaurantsPriceRange2: 2","RestaurantsReservations: True","RestaurantsTableService: True","RestaurantsTakeOut: True","Smoking: no","WheelchairAccessible: True","WiFi: free"],"categories":["Bars","Pubs","Nightlife","Restaurants","American (Traditional)","American (New)"],"hours":["Monday 11:0-0:0","Tuesday 11:0-0:0","Wednesday 11:0-0:0","Thursday 11:0-0:0","Friday 11:0-1:0","Saturday 11:0-1:0","Sunday 11:0-0:0"],"type":"business"},"user":{"name":"Alex","review_count":11,"yelping_since":"2014-08-02","friends":["wd3xoNaDLib8dhQ7BxUl6g","HPkNnG84v_IWdgP3beNgJQ"],"useful":0,"funny":0,"cool":0,"fans":0,"elite":["None"],"average_stars":4.09,"compliment_hot":0,"compliment_more":0,"compliment_profile":0,"compliment_cute":0,"compliment_list":0,"compliment_note":4,"compliment_plain":0,"compliment_cool":0,"compliment_funny":0,"compliment_writer":0,"compliment_photos":0,"type":"user"}}
