{"review_id":"8TDq4LaDKMUxvr60dYpW1w","user_id":"toYNgDr6f5R0OLoSrfy-kQ","business_id":"EFOQdRak3K15hIuN2Q3Cpg","stars":5,"date":"2016-08-12","text":"The dogs are bomb, if you want a hotdog in Madison this is the #1 spot you need to try. I moved here from wrigglyville Chicago and couldn't find a decent Chicago style hotdog anywhere. But this place opened and it's awesome.","useful":0,"funny":0,"cool":0,"type":"review","restaurant":{"name":"wiener shop","neighborhood":"Capitol","address":"447 W Gilman St","city":"Madison","state":"WI","postal_code":"53703","latitude":43.0736723016,"longitude":-89.3948453665,"stars":4.0,"review_count":25,"is_open":0,"attributes":["Alcohol: beer_and_wine","Ambience: {'romantic': False, 'intimate': False, 'classy': False, 'hipster': False, 'divey': False, 'touristy': False, 'trendy': False, 'upscale': False, 'casual': False}","BikeParking: True","BusinessAcceptsCreditCards: True","Caters: False","GoodForKids: True","GoodForMeal: {'dessert': False, 'latenight': False, 'lunch': False, 'dinner': False, 'breakfast': False, 'brunch': False}","HasTV: False","OutdoorSeating: True","RestaurantsAttire: casual","RestaurantsDelivery: False","RestaurantsGoodForGroups: False","RestaurantsPriceRange2: 1","RestaurantsReservations: False","RestaurantsTakeOut: True","WiFi: no"],"categories":["Hot Dogs","Restaurants","American (New)","Vegan"],"hours":["Tuesday 11:0-21:0","Wednesday 11:0-21:0","Thursday 11:0-21:0","Friday 11:0-0:0","Saturday 11:0-0:0"],"type":"business"},"user":{"name":"Austin","review_count":4,"yelping_since":"2012-06-13","friends":["None"],"useful":0,"funny":0,"cool":0,"fans":0,"elite":["None"],"average_stars":4.25,"compliment_hot":0,"compliment_more":0,"compliment_profile":0,"compliment_cute":0,"compliment_list":0,"compliment_note":0,"compliment_plain":0,"compliment_cool":0,"compliment_funny":0,"compliment_writer":0,"compliment_photos":0,"type":"user"}}
