{"review_id":"SDKamDvYloRp9bzvIzJFFA","user_id":"GhigkiQr3lZBOkfLchOdGA","business_id":"qaa9M_pUfOv0BPRcnulk4g","stars":1,"date":"2016-08-19","text":"That left a bad taste in my mouth. We loved the food so much last time that we decided to order take out. We were just told over the phone that they \"can't really do that right now\" and to call back in 20 minutes.  So many other ways to go about that.\n\nI can understand if you're busy and that we may have to wait longer to pick up, but you always have time to take an order. It pains me to leave this review, but you've forced us to go elsewhere.","useful":1,"funny":0,"cool":0,"type":"review","restaurant":{"name":"Buraka Restaurant","neighborhood":"Williamson - Marquette","address":"1210 Williamson Street","city":"Madison","state":"WI","postal_code":"53703","latitude":43.0836473,"longitude":-89.3642491,"stars":3.5,"review_count":40,"is_open":1,"attributes":["Alcohol: full_bar","Ambience: {'romantic': False, 'intimate': False, 'classy': False, 'hipster': False, 'divey': False, 'touristy': False, 'trendy': False, 'upscale': False, 'casual': False}","BikeParking: True","BusinessAcceptsCreditCards: True","BusinessParking: {'garage': False, 'street': True, 'validated': False, 'lot': False, 'valet': False}","GoodForKids: True","HasTV: True","NoiseLevel: quiet","OutdoorSeating: True","RestaurantsAttire: casual","RestaurantsDelivery: False","RestaurantsGoodForGroups: True","RestaurantsPriceRange2: 2","RestaurantsReservations: True","RestaurantsTableService: True","RestaurantsTakeOut: True","GoodForMeal: {'dessert': False, 'latenight': False, 'lunch': True, 'dinner': False, 'breakfast': False, 'brunch': False}","Caters: False"],"categories":["Vegetarian","Restaurants","Latin American","Ethiopian","Vegan"],"hours":["Monday 11:0-2:0","Tuesday 11:0-2:0","Wednesday 11:0-2:0","Thursday 11:0-2:0","Friday 11:0-2:0","Saturday 11:0-2:0","Sunday 11:0-2:0"],"type":"business"},"user":{"name":"Anthony","review_count":42,"yelping_since":"2012-05-16","friends":["CsWKCPRyagcVT-vV4U0-iQ","jL1TI1E0Yc0y-yQKCh307A","D0AtAjPiuxAzMvKBagpo7A","wd3xoNaDLib8dhQ7BxUl6g"],"useful":5,"funny":2,"cool":0,"fans":1,"elite":["2016"],"average_stars":3.75,"compliment_hot":1,"compliment_more":1,"compliment_profile":0,"compliment_cute":0,"compliment_list":0,"compliment_note":2,"compliment_plain":3,"compliment_cool":2,"compliment_funny":2,"compliment_writer":1,"compliment_photos":0,"type":"user"}}
