{"review_id":"RF-4oUQKsr45Kyu7KcPFRA","user_id":"mjpa8kZ1wfdqTm0IVG8uAQ","business_id":"VjaHHmV-rSkFaOAnU3faxg","stars":3,"date":"2015-03-28","text":"Have been to this restaurant many times in the past and had great experiences.  Have even recommended it to many people at work.  Tonight was not great.  The restaurant was not busy, with six empty tables.  The hostess was leading us to the only small table in the restaurant and I told her twice that we did not wish to sit there because it's too crowded.  She sat us there anyway, against our wishes.  We asked for extra cheese on our <pizza>, but only noticed the pizza had so much sauce, it was a mess to eat.  Don't care for the new staff, and it will be a very long time before I try it again.","useful":0,"funny":0,"cool":0,"type":"review","restaurant":{"name":"Salvatore's Tomato Pies","neighborhood":"","address":"503 W Main St","city":"Sun Prairie","state":"WI","postal_code":"53590","latitude":43.1830287,"longitude":-89.2128275,"stars":4.5,"review_count":204,"is_open":0,"attributes":["Alcohol: full_bar","Ambience: {'romantic': False, 'intimate': False, 'classy': False, 'hipster': False, 'divey': False, 'touristy': False, 'trendy': False, 'upscale': False, 'casual': True}","BikeParking: True","BusinessAcceptsCreditCards: True","BusinessParking: {'garage': False, 'street': False, 'validated': False, 'lot': True, 'valet': False}","Caters: True","GoodForKids: True","GoodForMeal: {'dessert': False, 'latenight': False, 'lunch': True, 'dinner': True, 'breakfast': False, 'brunch': False}","HasTV: True","NoiseLevel: average","OutdoorSeating: False","RestaurantsAttire: casual","RestaurantsDelivery: True","RestaurantsGoodForGroups: True","RestaurantsPriceRange2: 2","RestaurantsReservations: True","RestaurantsTableService: True","RestaurantsTakeOut: True","WheelchairAccessible: True","WiFi: free"],"categories":["Pizza","Gluten-Free","Italian","American (New)","Restaurants"],"hours":["Tuesday 16:0-22:0","Wednesday 16:0-22:0","Thursday 16:0-22:0","Friday 16:0-23:0","Saturday 16:0-23:0","Sunday 16:0-22:0"],"type":"business"},"user":{"name":"Linda","review_count":3,"yelping_since":"2015-03-27","friends":["None"],"useful":1,"funny":0,"cool":0,"fans":0,"elite":["None"],"average_stars":4.33,"compliment_hot":0,"compliment_more":0,"compliment_profile":0,"compliment_cute":0,"compliment_list":0,"compliment_note":0,"compliment_plain":0,"compliment_cool":0,"compliment_funny":0,"compliment_writer":0,"compliment_photos":0,"type":"user"}}
