{"review_id":"9m5inO4AS8hfhsFdX9Ej9g","user_id":"_UrgR8x-enYzt-XgnjJ3wQ","business_id":"61wUpoim2yzSMPKxg58ReQ","stars":2,"date":"2015-01-26","text":"I'd love to give this place a glowing 5-star review. But after several visits, I just can't. The place is kind of a mess, to be honest. I'm a little shocked by all of the love it's getting on Yelp. Perhaps I've just gone on the wrong days, and missed it's normal greatness.\n\nThe layout of Rosie's is confusing and awful. The first thing you see when you walk in is not a sign of what they offer. You don't see a smiling face. You see the desserts. Not that there is anything wrong with baked goods, but it's awkward. And then you are given a choice to walk left to the coffee bar or go right to the food/bakery area. I believe you can also order <smoothies> and fancy <coffee> drinks at the coffee bar. But who and where you pay or where you go for certain things is confusing. Their sloppily hand-written (in chalk!) signs are also unpleasant to look at and look unprofessional.\n\nThe pour-over coffee (that you can order on the left side) is fantastic. They do a nice job with the coffee, no doubt. But they go way too far in explaining all of the accolades the coffee has collected. Server, I don't care how may awards the coffee has won, calm down and go get me my coffee. I'm not even sure if you can order pour-over coffee at your table, or if you have to go to the bar and order it. There is batch coffee offered over to the right side.\n\nI wanted to try the <Biscuits> & <Gravy> that others have liked, but they were sold out the last time I went. My roommate and I shared two sandwiches and both were mediocre. Not exactly sure what made my turkey sandwich \"tuscan\", but it was not very good. The quality of the meat was also questionable and did not appear to be the greatest. The <pasta salad> that came with my sandwich was flavorless and mushy. My <ginger chai latte> was fine, but had a lot of clumps of cinnamon in it, which made is somewhat unpleasant to drink.\n\nIt's also difficult to even find the place, due to poor signage. You've likely driven by Rosie's and never even noticed. \n\nThe <donuts> were good. I'd order them again.\n\nWhat I'd recommend is walking in and sitting at the coffee bar. Order some delicious pour-over coffee that they will repeatedly tell you won tons of awards. Order a donut or two. Consume. Then leave. Or for much better food (and good coffee) hop just down the street to Crema Cafe. Crema does almost everything better.\n\nAlso, why are you closed on Sunday?! A coffee/breakfast/bakery spot being closed on Sunday makes no sense.\n\nI'll give Rosie's another try or two, but those <Biscuits> & <Gravy> better blow my mind, or I'm likely done with Rosie's. You can find great coffee and baked goods at a handful of other establishments, and I can't really see myself going here as often as I thought I would. Rosie's in it's current form is quite a disappointment. The coffee and donuts are great, everything else...not so much.","useful":5,"funny":2,"cool":1,"type":"review","restaurant":{"name":"Rosie's Coffee Bar & Bakery","neighborhood":"Lake Edge","address":"4604 Monona Dr","city":"Madison","state":"WI","postal_code":"53716","latitude":43.0698651234,"longitude":-89.3257421745,"stars":4.0,"review_count":70,"is_open":1,"attributes":["Alcohol: none","Ambience: {'romantic': False, 'intimate': False, 'classy': False, 'hipster': False, 'divey': False, 'touristy': False, 'trendy': False, 'upscale': False, 'casual': True}","BikeParking: True","BusinessAcceptsCreditCards: True","BusinessParking: {'garage': False, 'street': False, 'validated': False, 'lot': True, 'valet': False}","Caters: True","GoodForKids: True","GoodForMeal: {'dessert': False, 'latenight': False, 'lunch': False, 'dinner': False, 'breakfast': True, 'brunch': True}","HasTV: False","NoiseLevel: quiet","OutdoorSeating: False","RestaurantsAttire: casual","RestaurantsDelivery: False","RestaurantsGoodForGroups: True","RestaurantsPriceRange2: 1","RestaurantsReservations: False","RestaurantsTableService: True","RestaurantsTakeOut: True","WiFi: free"],"categories":["Coffee & Tea","Food","Restaurants","Breakfast & Brunch","Bakeries"],"hours":["Monday 6:30-16:0","Tuesday 6:30-16:0","Wednesday 6:30-16:0","Thursday 6:30-16:0","Friday 6:30-16:0","Saturday 7:0-15:0","Sunday 8:30-13:30"],"type":"business"},"user":{"name":"Christoph","review_count":115,"yelping_since":"2012-01-17","friends":["VHoz-_mf_jFQCINNkBMKSw","ajwMB5QPEZFsU1jEPgS1Dg","_xVip6XWA1pz4FVwqyuToA","4q02ALXu_6i7-GWZAW9ctQ","5MKqkzDbludCpSqBlZU3Kg","Jtq_pKd7GVbXvFY8YU8kmw","cW7cD0n5EwDK_kyfIKV3-g","DzQhMZi4fzsV-nBNvD3Jfw","uf1UdKswKWOqFLUvRvvbzA","8teQ4Zc9jpl_ffaPJUn6Ew","FQpoNfMKbMXub-IUtsvohg","C__1BHWTGBNA5s2ZPH289g","CsIuH3dSJKgsDboKeRMkGw","4lRy-EdMj1iKjCXf3dQZIQ","I2OXWsGgBpmSAgeU43nuDQ","iszv2ZncNwd1o-3kMdO_Yg","wd3xoNaDLib8dhQ7BxUl6g","49ZNCtUNQMpBfchfUya8MA","TQANOs9Q5DpFJgE-BzPi_Q","AEgYsg7EHi-Z6j8R3vd06w","dlQePWQwcDPconG5b2E07g","gOBemMfKRfpvJkz9OIw6aw","KoY4KGxev8gdg5qQpyDlZA","EzXIQ80jbbdounJpaKsK6A","ZBUqJPDeiVcnLj87Lra7mg","dxjehLpGgh08vby2BksV6g","9M3gY85BdlzFidhQyA5o9A","jL1TI1E0Yc0y-yQKCh307A","5ElMnvLAua7OtC7ft1fIlg","srFZ0_Q7ktL5USL63yzrHQ","V7Q6GjezXk1GanE__2DeSg","z1UrbSoWK5-h4nOfMpoliw","uvRVutQ_Gu-OivL6ox0ouQ","niuSuIKt6XCiTwh0hLbbUg","WR4C0U4EML6kzwWDGDsGdg","8ZLAklUl3vS9cnlwpv3v5g","LBGVtPFlxkzAWJPW5KhPNA","rqsP_67pHEmtecH2DsP6_A","Nwb9CPnmRJFBzQsXkCq7-w","FKclATu5-fmK6lsAUuHp7w","QZvlEVPH5yi7dc_9ShB3hQ","XQERLfFxb4pejvKC4JlGbQ","tbycp0aRhRsiAVYUAVR_uQ","fJ_qSZH_akvWzHUPMqab1g","aHrC3wjlpfVOn4vUA3HAKg","fqz6TBmIdWR8sQOOIyzB7g","CgaxrZFHnfdXT8goelBTaA","3S7cA5U-pGl1mC_9J0nTcw","4U2cruCiKdzjbmoy4K0PrQ","hQ7GCAaeLAu6LSgGGUMNvA","NRMlDBUoGJdgoXTUllZpuA","IC7lfS_GpSKd6Dn6nQgcdA","Ll1uVoq_jXAWcgPiYEJmCg","R-zH-BH_4Az7pPtlE31Z8Q","nT3tLANzGy0a7DuB_GIQjA","7D-LTcZexcDPURfkT_GLLA","CapjGj9mWWL6P_eQChu-5g","mUHJuirfyq3EsgNbhTkj2A","iqq1yl2u8D3Pe0PNTOU6hw","28vF5pMO39VMA66H27UM6w","3mwqzfJCBbYSi_0Tpc_Abg","CH9VC7aLLsV8NFdaoU_uog","M_UuEwc_HoqPhqgEzkjPrg","EXKDLuYoZUKUNNNYA7TlGQ","6HNi5OiseTzPM30DX0PkcA","rkPAuvUC0EdMbTD1r3TY4Q","INgocgXv94oeTuzyXtjpYw","nODk_1cOo7Y6ceMyPN1iZw","NLyNvJ9LGG0DFAvUph97wQ","HNycc5PctOiR2PXb-TFCIQ","1uHvCgGtKrtJrQKHSbSOQg","aHiLmgQMMwZR0B49t8ek0w","cTUIAR6lZDp91McnHz8RKw","vklqxaDCBX5oZX395NgKrw","BhXCPy-PK90Qqce3iEqpJA","JUT0U3HTSB3kz9Wh7N0GqA","NTDxrgNmaEOi0sTIRhUyhw","pSYjXb62QotWzt4RKt56pw","TqKg5XonFWPAacSLpUNIVQ","G-pUjm-FGYGibs_syjTHWQ","q8yWYe53s8ExI5KKLVdvtA","yJP-54fC6lpYXXl5X0JyJw","f7Emr9Q4H5r_jO_DW3QuIQ","RJkC9Uwxdeg6rmTipiUu6A","1Fk7obvwQmKiindfMdE4ZQ","Mzx4xG-yeFhtiigsrXcK3A","cDhs0eRMGtVVXzr5eiGiIQ","kS0J0v7cAKUmgfYIxPZEpw","ACP7CyxfItBr-MaRBbGs9Q","adtOywpRnG5-4mjQMQE1FA","SEZVQUIxNukcowUAR14VUQ","Q1IENmNc6bdDruACmhy4mg","btwW4jGa1zFCBu5q5cCnEg","d5WLqmTMvmL7-RmUDVKqqQ","vE53efZrzPlLLjYGtw5MOQ","Nb-ZAunF8qNwwdZEv3wBsA","jlXLXdWqx-KCsHLr9sE7Ow","pgqoh3R5RqP18Er-Ieo17g","SbJ7iiOb6Sj3gaREn-JUZA","mW_jnHry3uBNYptr4jw9Ww"],"useful":50,"funny":20,"cool":11,"fans":7,"elite":["2015","2014","2016"],"average_stars":3.15,"compliment_hot":13,"compliment_more":4,"compliment_profile":1,"compliment_cute":0,"compliment_list":0,"compliment_note":23,"compliment_plain":12,"compliment_cool":13,"compliment_funny":13,"compliment_writer":14,"compliment_photos":1,"type":"user"}}
