{"review_id":"HYoASVUoQYCK3X7sj8ZfaQ","user_id":"ZpL6DHxg5dY0oHqghNtvWg","business_id":"npqc1DO90A5TzavGmYyGhA","stars":5,"date":"2015-12-02","text":"They fixed their buns! They're now delicious and the perfect level of crisp and soft. Love this place so much. Especially their <poutine> and soups! It's hard to find good poutine outside of Canada but they definitely do it right here. I also love the tap selection. The beers pair perfectly with the <sausages>.","useful":1,"funny":0,"cool":1,"type":"review","restaurant":{"name":"OSS","neighborhood":"South Campus","address":"910 Regent St","city":"Madison","state":"WI","postal_code":"53715","latitude":43.0676801,"longitude":-89.4015806,"stars":4.5,"review_count":134,"is_open":1,"attributes":["Alcohol: full_bar","Ambience: {'romantic': False, 'intimate': False, 'classy': False, 'hipster': True, 'divey': False, 'touristy': False, 'trendy': False, 'upscale': False, 'casual': True}","BestNights: {'monday': False, 'tuesday': False, 'friday': True, 'wednesday': False, 'thursday': False, 'sunday': True, 'saturday': True}","BikeParking: True","BusinessAcceptsBitcoin: False","BusinessAcceptsCreditCards: True","BusinessParking: {'garage': False, 'street': True, 'validated': False, 'lot': False, 'valet': False}","Caters: True","CoatCheck: False","DogsAllowed: False","GoodForDancing: False","GoodForKids: True","GoodForMeal: {'dessert': False, 'latenight': False, 'lunch': True, 'dinner': True, 'breakfast': False, 'brunch': False}","HappyHour: False","HasTV: True","Music: {'dj': False, 'background_music': False, 'no_music': False, 'karaoke': False, 'live': False, 'video': False, 'jukebox': False}","NoiseLevel: average","OutdoorSeating: True","RestaurantsAttire: casual","RestaurantsDelivery: True","RestaurantsGoodForGroups: True","RestaurantsPriceRange2: 1","RestaurantsReservations: False","RestaurantsTableService: False","RestaurantsTakeOut: True","Smoking: outdoor","WheelchairAccessible: True","WiFi: no"],"categories":["Restaurants","Hot Dogs","Comfort Food","American (New)","Beer Gardens","Nightlife","Bars","Beer Bar"],"hours":["Tuesday 11:0-21:0","Wednesday 11:0-21:0","Thursday 11:0-21:0","Friday 11:0-23:0","Saturday 11:0-23:0","Sunday 11:0-21:0"],"type":"business"},"user":{"name":"Nikki","review_count":27,"yelping_since":"2009-07-25","friends":["JvENLDh4Nwus9Z1s47AC6A","wd3xoNaDLib8dhQ7BxUl6g"],"useful":1,"funny":0,"cool":0,"fans":1,"elite":["2016"],"average_stars":3.71,"compliment_hot":1,"compliment_more":0,"compliment_profile":0,"compliment_cute":0,"compliment_list":0,"compliment_note":2,"compliment_plain":3,"compliment_cool":1,"compliment_funny":1,"compliment_writer":1,"compliment_photos":0,"type":"user"}}
