{"review_id":"cvaNgvDXr7P0VYjiJPhjLA","user_id":"XRXdInj7T-USyITwSrNYJg","business_id":"fdX_eu-dCaKsDaK_itNIzQ","stars":1,"date":"2012-11-05","text":"We were so excited to return to Madison (for a very special occasion that family from all over the USA flew in for) and to dine at Tutto Pasta for our big special night out meal.  Our 86 year old grandmother has been talking about Tutto for a decade now (last time she was in Madison celebrating another big event!) and we were so, so disappointed in our experience.  The waitstaff didn't seem to give a care about us, and in fact, seemed put off when we would ask for more water or olive oil & balsamic for our bread.  Since we were seated right in the walk-through area that is directly in front of the kitchen, we were in perfect earshot of all the rude things they said about us to the kitchen staff.  I was flabbergasted! I've worked in the industry for many years, and I would have fired my staff if that ever happened!   Additionally, before the restaurant even closed, all of the staff were eating their shift meals at the bar, watching TV, barely acknowledging us leaving.  Talk about not feeling welcome.  Talk about no appreciation for the business.  Talk about never returning to Tutto Pasta Trattoria ever again.  Was an overall drag of an experience.  Tutto, you need to raise the bar on who you hire.  They aren't representing you well AT ALL.","useful":3,"funny":0,"cool":1,"type":"review","restaurant":{"name":"Tutto Pasta State Street","neighborhood":"Capitol","address":"305 State St","city":"Madison","state":"WI","postal_code":"53703","latitude":43.0747684,"longitude":-89.3904622,"stars":3.0,"review_count":131,"is_open":1,"attributes":["Alcohol: full_bar","Ambience: {'romantic': False, 'intimate': False, 'classy': False, 'hipster': False, 'divey': False, 'touristy': False, 'trendy': False, 'upscale': False, 'casual': True}","BikeParking: True","BusinessAcceptsCreditCards: True","BusinessParking: {'garage': False, 'street': True, 'validated': False, 'lot': False, 'valet': False}","Caters: True","GoodForKids: True","GoodForMeal: {'dessert': False, 'latenight': False, 'lunch': True, 'dinner': True, 'breakfast': False, 'brunch': False}","HasTV: True","NoiseLevel: average","OutdoorSeating: True","RestaurantsAttire: casual","RestaurantsDelivery: False","RestaurantsGoodForGroups: True","RestaurantsPriceRange2: 2","RestaurantsReservations: True","RestaurantsTableService: True","RestaurantsTakeOut: True","WheelchairAccessible: True","WiFi: no"],"categories":["Restaurants","Italian"],"hours":["Monday 11:0-21:0","Tuesday 11:0-21:0","Wednesday 11:0-21:0","Thursday 11:0-21:0","Friday 11:0-22:0","Saturday 11:0-22:0","Sunday 11:0-21:0"],"type":"business"},"user":{"name":"Jennifer","review_count":4,"yelping_since":"2010-11-13","friends":["_86bBHexvja2ToRxmWMiLw"],"useful":0,"funny":1,"cool":0,"fans":0,"elite":["None"],"average_stars":3.75,"compliment_hot":0,"compliment_more":0,"compliment_profile":0,"compliment_cute":0,"compliment_list":0,"compliment_note":0,"compliment_plain":0,"compliment_cool":0,"compliment_funny":0,"compliment_writer":0,"compliment_photos":0,"type":"user"}}
