{"review_id":"QZOE3CP8nEMfm-5vfjKc2A","user_id":"4MVOsEviZF96rVi4jmZIyA","business_id":"yLH9mFFwOlzFB_fYKpSyLw","stars":4,"date":"2014-09-28","text":"I went in for lunch hungry, and had just twenty minutes to order something that would take the edge off.  I chose the chili and a side salad and had 4 minutes to get back to the office, which was 3 minutes away if I heeled quick.  Mission accomplished.","useful":0,"funny":0,"cool":0,"type":"review","restaurant":{"name":"The Paradise Lounge","neighborhood":"Capitol","address":"119 W Main St","city":"Madison","state":"WI","postal_code":"53703","latitude":43.0728256377,"longitude":-89.3845476955,"stars":4.0,"review_count":57,"is_open":1,"attributes":["Alcohol: full_bar","Ambience: {'romantic': False, 'intimate': False, 'classy': False, 'hipster': False, 'divey': True, 'touristy': False, 'trendy': False, 'upscale': False, 'casual': False}","BestNights: {'monday': False, 'tuesday': True, 'friday': False, 'wednesday': True, 'thursday': True, 'sunday': False, 'saturday': False}","BikeParking: True","BusinessAcceptsCreditCards: True","BusinessParking: {'garage': False, 'street': True, 'validated': False, 'lot': False, 'valet': False}","Caters: False","CoatCheck: False","GoodForDancing: False","GoodForKids: False","GoodForMeal: {'dessert': False, 'latenight': True, 'lunch': False, 'dinner': False, 'breakfast': False, 'brunch': False}","HappyHour: True","HasTV: True","Music: {'dj': False, 'background_music': False, 'no_music': False, 'karaoke': False, 'live': False, 'video': False, 'jukebox': True}","NoiseLevel: average","OutdoorSeating: False","RestaurantsAttire: casual","RestaurantsDelivery: False","RestaurantsGoodForGroups: True","RestaurantsPriceRange2: 1","RestaurantsReservations: False","RestaurantsTableService: False","RestaurantsTakeOut: True","Smoking: no","WheelchairAccessible: True","WiFi: no"],"categories":["Bars","Restaurants","American (New)","Nightlife","Dive Bars"],"hours":["Monday 9:0-1:0","Tuesday 9:0-1:0","Wednesday 9:0-1:0","Thursday 9:0-1:0","Friday 9:0-2:30","Saturday 9:0-2:30","Sunday 9:0-2:0"],"type":"business"},"user":{"name":"Midwest","review_count":67,"yelping_since":"2010-10-31","friends":["MIYOr8YzOipeS90SrpD7EQ","FTE9zxtjl5EuJ7N7LHC35w","oqZAMILLJJMOyHk72SUgzQ","wd3xoNaDLib8dhQ7BxUl6g","6OzE8im-SU4ko1clkOIXhg","NRMlDBUoGJdgoXTUllZpuA","UTwKwjBOjTruR4gWyZRHFg","M_UuEwc_HoqPhqgEzkjPrg","F6XHUMEGf71QLtzNELJZJA"],"useful":8,"funny":0,"cool":0,"fans":3,"elite":["None"],"average_stars":2.52,"compliment_hot":0,"compliment_more":0,"compliment_profile":0,"compliment_cute":0,"compliment_list":0,"compliment_note":6,"compliment_plain":1,"compliment_cool":1,"compliment_funny":1,"compliment_writer":0,"compliment_photos":0,"type":"user"}}
