{"review_id":"irXkr86TyhOyW21sS0DLfA","user_id":"ZV0AG42X1eXkskLFayRqiA","business_id":"sBoifVfW-caU7Hq05QMJgw","stars":5,"date":"2011-10-04","text":"ON. POINT.\n\nLatin American food that isn't super heavy and salty.  The food was actually very light and bright tasting.  \n\nWe were in for a late dinner so we didn't want to be overwhelmed with anything too heavy.  We wanted something light so we both opted for fish.  I had the open faced Papusa with with fish and my Husband had the fish tacos with a side of patacones.  \n\nBoth dishes were delicious all the way through and the sauces only made things better!  My husband loved the <green salsa> which he said it tasted like it had fresh avocado with a slight kick from the jalapenos.  He also said it was slightly sweet.  The <papusa> with fish was also very delicious.\n\nAfter we walked out we both said \"That was perfect\".  We only wish we came at a better hour so we could have ordered more then we had because we both wanted to try more.\n\nThe service was fast and friendly and helpful.  El Rincon Tico has now become one of our default \"go to\" restaurants.\n\nI can't wait to try everything!","useful":1,"funny":0,"cool":0,"type":"review","restaurant":{"name":"El Rincon Tico","neighborhood":"Williamson - Marquette","address":"1133 Williamson  St","city":"Madison","state":"WI","postal_code":"53703","latitude":43.082528,"longitude":-89.364831,"stars":3.0,"review_count":13,"is_open":0,"attributes":["Alcohol: full_bar","Ambience: {'romantic': False, 'intimate': False, 'classy': False, 'hipster': False, 'divey': False, 'touristy': False, 'trendy': False, 'upscale': False, 'casual': True}","BusinessAcceptsCreditCards: True","BusinessParking: {'garage': False, 'street': True, 'validated': False, 'lot': False, 'valet': False}","Caters: True","GoodForKids: True","GoodForMeal: {'dessert': False, 'latenight': False, 'lunch': True, 'dinner': True, 'breakfast': False, 'brunch': True}","HasTV: False","NoiseLevel: average","OutdoorSeating: False","RestaurantsAttire: casual","RestaurantsGoodForGroups: True","RestaurantsPriceRange2: 2","RestaurantsReservations: True","RestaurantsTableService: True","RestaurantsTakeOut: True"],"categories":["Latin American","Restaurants"],"hours":["Monday 8:0-22:0","Tuesday 8:0-22:0","Wednesday 8:0-22:0","Thursday 8:0-22:0","Friday 8:0-22:0","Saturday 8:0-22:0","Sunday 8:0-22:0"],"type":"business"},"user":{"name":"Nikki","review_count":23,"yelping_since":"2010-12-22","friends":["JUT0U3HTSB3kz9Wh7N0GqA","QcPxIR1YAP3t5EW9pTmZtA","VRNF7v9PRqnfU3XpNmRxpQ","fuz8a-pKmS2XjHU-lhwC5g"],"useful":0,"funny":0,"cool":0,"fans":0,"elite":["None"],"average_stars":4.08,"compliment_hot":0,"compliment_more":1,"compliment_profile":0,"compliment_cute":1,"compliment_list":0,"compliment_note":0,"compliment_plain":0,"compliment_cool":1,"compliment_funny":1,"compliment_writer":0,"compliment_photos":0,"type":"user"}}
