{"review_id":"RKL_3ZqcGC98ArSddDU35A","user_id":"cLaibLFDnqtqW19jJSC9cg","business_id":"Dcj69NZJnbJhK-YHP_nULA","stars":4,"date":"2016-03-10","text":"The perfect Thursday night out. Friendly local bar and restaurant. The <frites> are amazing and so is most of the menu. Spectacular and extensive beer list too. Double sided bar area opening into more seating. They have a record box for listening to old vinyl too. Good service and a fun staff! Great for small groups or a date night.","useful":0,"funny":0,"cool":1,"type":"review","restaurant":{"name":"Brasserie V","neighborhood":"Vilas","address":"1923 Monroe St","city":"Madison","state":"WI","postal_code":"53711","latitude":43.0640503,"longitude":-89.4180168,"stars":4.0,"review_count":263,"is_open":1,"attributes":["Alcohol: beer_and_wine","Ambience: {'romantic': False, 'intimate': False, 'classy': False, 'hipster': False, 'divey': False, 'touristy': False, 'trendy': False, 'upscale': False, 'casual': False}","BYOB: False","BYOBCorkage: no","BikeParking: True","BusinessAcceptsCreditCards: True","BusinessParking: {'garage': False, 'street': True, 'validated': False, 'lot': False, 'valet': False}","Caters: False","GoodForKids: False","GoodForMeal: {'dessert': False, 'latenight': False, 'lunch': False, 'dinner': True, 'breakfast': False, 'brunch': False}","HasTV: False","NoiseLevel: average","OutdoorSeating: False","RestaurantsAttire: casual","RestaurantsDelivery: False","RestaurantsGoodForGroups: True","RestaurantsPriceRange2: 2","RestaurantsReservations: False","RestaurantsTableService: True","RestaurantsTakeOut: False","WheelchairAccessible: True","WiFi: free"],"categories":["Belgian","Brasseries","Restaurants","French"],"hours":["Monday 11:0-23:0","Tuesday 11:0-23:0","Wednesday 11:0-23:0","Thursday 11:0-23:0","Friday 11:0-0:0","Saturday 11:0-0:0","Sunday 16:0-23:0"],"type":"business"},"user":{"name":"Curtis","review_count":79,"yelping_since":"2012-10-14","friends":["3HYMGGvS6mG0aoZohy0tTw","GaFq4FPgU2Zef_QoXOD_tg","zOB2pUPmm6_ppmNdeywgBA","rcU7ysY41qGppbw4pQgjqg","f9hMlebaW2g9r9S747TZMw","YEh-eqDDP-5kP-jyG4XSrw","j5oDsccpAgVD4nBLGN6dsg","qqsAznx0uUoD1sFyaFsmxg","2f0z22RLYES9HpR4gp6lhw","im3w0wt-ZeE-lDa1zSdyMg","7W6qHSynOWzwgtZ_pOd-9Q","b03GkqT7P-E9WCAA2lg9iw","AFGPdJgVP0EnmOxZnC-fJA","KeiOUdpKz3hOn8ncAeddjg","DwWQn8EZFhtrchJIiC9ZmQ","Ja5cpD1wk_DVh-2FxshogA","zFVBIOECiSpDb-e1WZOFVw","fsRF1PCJ16mn3T0eXg-IOg","u7bq8XJPMvTlAl9vTdXRGQ","yIXLkXiXdP7EvdLDKB3cxg","zIb8Pr0e4h0jlWFqEfr7tw","FSGtBjfbjQAY5DotPBR2mA","HTsJa5h1ZkHKDOgFiFde6Q","5Y5KbsI5buMcNh2hTFaRpA","zacONW61-GjaCF9h5_icgA","co-44jCu9NKlWhrjp9Z4Sg","q1tg4-cLJWcy3HTEn9NlGQ","ZH5vwTCYyZGC0jtBvJT68w","UlWDGR0QrBbdFsVY6ugocw","923tuudrN2hDnXQs7umF7A","QEz6osxBbJZNXPA36LVLEA","3gWdk2I7cVJHLuP1c0pT3Q","CpB00022d3I7EhxaM9lNhA","JKfzJj-8hqu_fYNW107cqg","AnRRZ-B6aEzz_SBWADnPbw","AE7YgWh2QgnOxXYs_qFDCg","X-cHFsVb_uFMHpxtWx5RlA","JUajRnrmc0sq_3tARdhsQw","NIXvVPlvmxorOgZLa0U_hA","SHjrHjiseVshtVLQyMdMcQ","T3k8yd4k66U2BtaebW05lw","t575T4yCOS1x_RCRfmYCtA","nJVS18mJIB1hCHq1YsFbUQ","VnCV8qXV3dMG-lcDnSBGow","9mh7ip-UfwQHNQAsSe8_hA","VZtDl5P2YlBojrtJxarsFA","7fpz-KTsgEhFS72o4F2sFQ","zCWsgWoyRxOWlMGg-qG7hg","ff_NJgIatVNcAotugbfjTg","qJPna_YA496aFFlKgHkq5Q","U752ZZvNAUfjP3V3_9El9Q","jWi0LzO0jRpr6TMwo9anwQ","etmS0hnNomEm6ujkN4fEHg","qIyY7m4vi5yaWdX4elFx2w","wd3xoNaDLib8dhQ7BxUl6g","nmmlJN3bVjH-P0WB6-PyMw","hY96-Jt8DbhlTyYwGHziEw","2XHr-Pdqqdp__sgK3pcKZQ","sqTB8nQqe8dCs9DRseeA4A","tDvBETXJCbEZujFMEdsObA","P9i7yR6MI-FMVdCWO3BETg","-KRJwr7DbV_EtggzoPNPgw","Pzft5lIw1gBKyGFVHubwnw","TjQy7St75S_DurFVaMziSQ"],"useful":4,"funny":1,"cool":2,"fans":5,"elite":["2016","2017"],"average_stars":4.21,"compliment_hot":2,"compliment_more":1,"compliment_profile":0,"compliment_cute":0,"compliment_list":0,"compliment_note":2,"compliment_plain":1,"compliment_cool":1,"compliment_funny":1,"compliment_writer":2,"compliment_photos":0,"type":"user"}}
