{"review_id":"CzguzgqNb5JvfhKbspncRA","user_id":"-zKjaln53XYxz595G31fRg","business_id":"yYgeUm-8qXhZiqTrVyQrKg","stars":4,"date":"2009-06-10","text":"I was pleased with the food for the price. We ordered <Triafilos> (red pepper/feta dip, yogurt/cucumber dip, fish roe dip with pita), <lamb kabob> and Moussaka dinner.  The dips were excellent; the fish roe dip was fresh for sure. The vegetables as part of the entree had a good variety, which was a rarity for dinner at that price. \n\nService was good. Decor was good. Not sure why business was slow on a Thurs night.","useful":0,"funny":0,"cool":0,"type":"review","restaurant":{"name":"Plaka Taverna","neighborhood":"Capitol","address":"410 E Wilson St","city":"Madison","state":"WI","postal_code":"53774","latitude":43.0756543,"longitude":-89.3772786,"stars":4.0,"review_count":77,"is_open":1,"attributes":["Alcohol: full_bar","Ambience: {'romantic': False, 'intimate': False, 'classy': False, 'hipster': False, 'divey': False, 'touristy': False, 'trendy': False, 'upscale': False, 'casual': True}","BikeParking: True","BusinessAcceptsCreditCards: True","BusinessParking: {'garage': False, 'street': True, 'validated': False, 'lot': False, 'valet': False}","Caters: False","GoodForKids: True","GoodForMeal: {'dessert': False, 'latenight': False, 'lunch': False, 'dinner': False, 'breakfast': True, 'brunch': False}","HasTV: True","NoiseLevel: average","OutdoorSeating: True","RestaurantsAttire: casual","RestaurantsDelivery: False","RestaurantsGoodForGroups: True","RestaurantsPriceRange2: 1","RestaurantsReservations: False","RestaurantsTableService: True","RestaurantsTakeOut: True","WheelchairAccessible: True","WiFi: no"],"categories":["Restaurants","Breakfast & Brunch","Greek"],"hours":["Tuesday 6:0-13:30","Tuesday 17:0-21:0","Wednesday 6:0-13:30","Wednesday 17:0-21:0","Thursday 6:0-13:30","Thursday 17:0-21:0","Friday 6:0-13:30","Friday 17:0-21:0","Saturday 7:0-13:30","Saturday 17:0-21:0","Sunday 8:0-13:30"],"type":"business"},"user":{"name":"greenjjm","review_count":51,"yelping_since":"2008-07-07","friends":["WiFep6osOtv1penHsLsPKw","IY7_KPqrtN4T5dwROvQ7CQ","-k5lSLbA6LUcbjYtseqN8Q","TBR9fQeq8OR_FwDfLXJAkg","190KwlSWfxzxKvWl5aoKAA","gC17ekvop9STzbbP6cC7sw","Cnv66k3-sV87ZNlyo6QImQ","fuoYjsuU7qy1RlCMEZ0xfA","fvPkfnSvLNhTXJGs2HJYMQ","VXqprvTGZKn3EnS8WCfeGw","5v8D3YsyhsImEq7s-DrIAQ","jCfyi8mOBqMJrj_DZFalgg","GGWjA8v479feCo6OPTLQOg","RltxaRS89a5jtGW2KniNKQ","SAkQID3Q6lxnYoDqFfqpWA"],"useful":35,"funny":9,"cool":4,"fans":0,"elite":["None"],"average_stars":3.73,"compliment_hot":0,"compliment_more":1,"compliment_profile":0,"compliment_cute":1,"compliment_list":0,"compliment_note":0,"compliment_plain":0,"compliment_cool":0,"compliment_funny":0,"compliment_writer":0,"compliment_photos":0,"type":"user"}}
