{"review_id":"xWTA3c08_bWNrVmVqIj-sA","user_id":"YbpPaqAhQlxzobnAM5qlTg","business_id":"g3xzSAq_IcF1HeB7yd_LBg","stars":2,"date":"2016-01-20","text":"Ramen Kid is a newly opened restaurant in the heart of Madison. I had been waiting for it to open since I saw the location being renovated and was excited to try out Madison's second ramen restaurant. This is my first review on Yelp because I was so appalled at my experience there.\n\nUpon entering the restaurant, the atmosphere did not feel welcoming because as new customers, my girlfriend and I did not know what to expect or do. Was I supposed to find my own seat, wait to be seated, or order at the counter and retrieve my food later? Eventually after waiting 15 minutes in the front alongside other loitering customers, the waitress guided us to our seat. The look of the restaurant is that of a typical ramen bar, nothing special besides the manga comic pictures above the bar. It was not spacious and some tables were very close together. \n\nThe waitress asked for our drinks and then minutes later took our order. We ordered the <Takoyaki> to share as an appetizer then ordered the <Tonkotsu> and <Kara-age Curry> as our entree. The time it took for our food to come to our table was incredibly disappointing, it was an upwards of 30 minutes. Our appetizer ended up being the last thing to come to our table. Later on during our meal, I witnessed another customer receiving their food late with a side of an apology from the waitress, just like we had. \n\nThe <Takoyaki> came with 5 pieces, each of which had only small piece of octopus inside a ball filled mostly tasteless batter. I had a taste of the <Kara-age Curry>, but it did not wow me at all. The item tasted like generic Japanese curry with chicken and a side of sliced ginger. The only good thing about the curry was the portion size was large. My entree was Japan's signature <Tonkotsu>. The first thing I noticed that there was an absurd amount of <noodles> compared to the meat, egg, and bamboo shoots. There were only handful of shoots and only two small slices of meat. The <broth> tasted bland and I ended up not finishing it. The egg wasn't prepared as well as other ramen places, instead it was more of a typical boiled egg, this left me disappointed as it is one of my favorite parts of eating ramen.\n\nI will not be going to Ramen Kid again in the near future as the terrible service and mediocre quality has left a bad impression on me for the time being. I do see potential for improvement as it is in a good location. Once they are staffed better and become better prepared for busy nights as well as improvement in food quality, they will be heading in a positive direction.","useful":4,"funny":0,"cool":0,"type":"review","restaurant":{"name":"Ramen Kid","neighborhood":"Capitol","address":"461 Gilman St","city":"Madison","state":"WI","postal_code":"53703","latitude":43.0733863,"longitude":-89.3951756,"stars":3.5,"review_count":70,"is_open":1,"attributes":["Alcohol: beer_and_wine","Ambience: {'romantic': False, 'intimate': False, 'classy': False, 'hipster': False, 'divey': False, 'touristy': False, 'trendy': False, 'upscale': False, 'casual': True}","BikeParking: True","BusinessAcceptsCreditCards: True","BusinessParking: {'garage': False, 'street': True, 'validated': False, 'lot': False, 'valet': False}","Caters: False","GoodForKids: True","GoodForMeal: {'dessert': False, 'latenight': False, 'lunch': True, 'dinner': True, 'breakfast': False, 'brunch': False}","HasTV: False","NoiseLevel: average","OutdoorSeating: False","RestaurantsAttire: casual","RestaurantsDelivery: False","RestaurantsGoodForGroups: True","RestaurantsPriceRange2: 1","RestaurantsReservations: True","RestaurantsTableService: True","RestaurantsTakeOut: True","WheelchairAccessible: False","WiFi: no"],"categories":["Restaurants","Japanese","Ramen"],"hours":["Monday 11:0-21:30","Tuesday 11:0-21:30","Wednesday 11:0-21:30","Thursday 11:0-21:30","Friday 11:0-21:30","Saturday 11:0-21:30","Sunday 11:0-21:0"],"type":"business"},"user":{"name":"Randy","review_count":1,"yelping_since":"2015-06-07","friends":["13cuWsxeHgHQFrPys4I8Gg","ApxQ3ei9-op-6mmbZazaRQ","eJ8DQCuzzdrKup7e9P1Rtw","2UcdefRSwmPjYKiiiTV9Jg","BiY3xGWS_iwT0AFX9Qzu5Q","EE-Ga4Inr8q9Hob-ZOw08Q","7g8O0_bzYtr6b4FoFjhOkw","GUMYpqJDPzfjBl5l4D3WxA","MGkxiuUkBLYijTFVx-E47w","8KZcMq89m5UImOn2qzpdTw","8SECM2xtKC81geapnWLgKA","v6b8o72QjGaSEAv81bkNag","QHJlfGc5k_oqQIld6Dwg_g","mjEchtbCSTSQFjpLtEoawg","M8mqgOu0TW1GPzvryohTJQ","vqlqSL8p7XbvUeD6_jb_iw","FqGby6mYAtGXAdjwcyitZA","kbUgJuC8OsXEVlN-ZFderg","nc6hHb4nqIaGz9-BVZspmQ","FncHSBLzVNO6Gcv4vE3pfA","imrJmaL1h7LVrPpycMMlwQ","7E6HdlzYG57T53jhCPjvAg","nDY89LRkS2yuwVR-JIYtbQ","Y1bv3jw3rfLhA6vt-AxDsg","ut9AuH5-PmWPzbbuyrRKVQ","TNikL9DshHgAMW_DJ2ztYA","nsiEzvXqLr3QHdFzkPu_Fw","QLlEk8FBKWW-yEn1h6ot0A","PeKMtcRSJ5RljCttoHThHw","h0BpFWW-4bfD0qdVGRyskw","rkiMLyRPeqs6u9sHnyixZw","g0sDnjU7bRdsImVdnroM0w","Z0ycmX1y9froEJrgEneLJg","vFwuzMmbSxz5OQiYO-wBNQ","miVAIua-YbSg5aQ44XRCCA","s2cLzyftnC_gT4-13qzp0Q","f4EeaSg66NZL5LGxVMBAhw","esGGneRMU6tfUyXObf7lmw","PpnljsYF-2PbqDeqF39pHg","WnO3PF2cpY0CUpMFQBtTbw","aiGikeBD57BDh4QA-kgyaA","Gh_NrUo_qcaGrKUetCt2qA","l_N6SaFvnfQb0N3esxeuSA","SGlB4O-RtNlUIXJQBVf29Q","98mHPCNpGRwAHHFIQ8TiSg","alZxclErMEeXm0F6zDy7XA","nrrHtR4mOr8IKJ5brrehSQ","glgo60ooq48Ax-R8YOq-4g","pizFx1x3snKRFZ2_b2ozNw","BbGJfzMkgDU2k5KNDSk03g","al7EJozaROyh70lBspqqOg","HHuWTA1GCnwXDb422rRZiA","Q_3vM6ezBq43IVgJ25PMNA","lrlpGR9R4sR1leT93hRFAg","iIcl_EFw4NxShVsRWSEdQA","IJkb9HRTDpfRlN_lKOuL_g","OcGOTUWORuIUYVi9AEkHmQ","c1u3868VdOuA_bjjkGZB4w","Rv-3g-F25mNIc0XDaYhWsQ","rsGqM87DCWt2HtV8rmP4JA","RtAGc4Bw2VnOQE74KVuaJQ","pplzjqqNADJCSjLeAhCFlw","E4lbaxuX3YSMa0y0WKFDzQ","cWEURKLpdGcAezDjbV9OAQ","ZVhk4c7T2LdgaZLHUWqSrA","D1NrwwHC7wAaBURMeAgtAw","QYBMK_LxcqlGeSXBeLmrLg","PeN_ccnAM-vUSBGjo0973A","QoVDitqS3h_c3uH9_CH79Q","Dx5plhj8DFwL3Eq_6x1rFQ","aYSmfyY_iFRXWdUGj9sbJA","huS4ZLTv7xWhMZZLtUavHA","2gn4aopN1v7UHm6S6YQzXg","IalsV55jBF9mRRCIqKlhow","MyHpDK_sM6cbpaA6Bm3jCA","12YgXCAAa--lT7eNUx1Rgg","MI_V_MUcdY_91w7Pdqh8yQ","qIWomijFAHHpwSucNfzw2A","qYBTV8jco-QMaLi9twvBJQ","d_gbacUku1nrJ5PBnqN0OQ","34DI1KKd4z3nOHjztIq0gg","tlF1-7LJzv1stsXmR-_oSA","WYXrY4suTmGTdJ-ZTnODjw","rQQx5HRWFSYomN-xlyQEbw","-Ldkki1SPJfx8m81xUYxkA","bLtEWHlacfiI43A-8RuuiQ","SFLuFdzamngbSIXN4SSlpA","Aqdb9rHsZ6paRGh0wwtb0Q","aoK-Bj5jEivSWP0ycaQRog","F3zraaUjL5PginpcSFcfuA","oYiWoih9kli4AB4_Pin0AQ","phVxV8w5vEpCET6ugBBsAQ","OC008REY9Ch_8dSZa_tsgw","EdEhNk65qMYUiYNC0GRW7A","p1CPlt_E7UZpzH6gqnPMWA","2yw_sUkT2chU3BsFNkIwNg","fuaYYtTrNi2GuiqYUgb3dg","d5HTbx2lZUk_vXvMFIiXQw","f4Ge624_MRQx6axVAO1SDQ","VxxTUQbNubvxHW1ylPt0NA","QQg9fqjHmk8fw7l3NeUfwQ","agF3YNVqHRt6BXIX-b06EA","nwMGId_r0n9H3Dti4zAb-Q","8U8yoCok0Nkyrt2JiCWIEw","q2ht8-uqPWyrLoNNtOLFFA","52l_J-9385RSASvGYuEXjw","ZrAmwxH_FN5uT5Z0zMaOhg","lU_1xF1nEFDIjFVLMI6fCQ","0tBYcAtSJ9occMoj-d_C_w","6y9Dbx4JDqRCZ3v_tJNPDA","56N6_wxBKyT_dd6maRCnEg","tfAMDWkWRJtb9giN68JRQQ","g7pAduS8kioSDt8V82KhBw","gKv8SZJVTb5SM7zwwFu2aA","3TJvhE5VABiKW15GZ5EqRg","hZaE_dthQUad7COQZQ1qHQ","tPUif_cn9EH0ND2ZEtt7CA","U1DE4NepmcPlYr-qlRBFMQ","Af1iwFXkFEw-W973NdR4VA","BwusCj7ippcnk5HfoaKZjA","Ml6aSiOe6VRhJflpS_IZEw","weflvZdqasbleEVn7uSG6w","0uEktUUzlqJgSIgFjmhhsA","uTXqCp182qEl5_5wt9P9mw","KqYYFS5Dy8tqoFFtYCmjgA","dJ_gxYdLAAWEXPj-455n5Q","GGOkPZAh21e9ANX801WB0g","PyHFJuhvicRJJnjARdsdwg","FUe5-vKdykC5dEBBmraizQ","iBhjhnk2klRkru6qGPnu0w","gpcLgLnJRLA9h6wiGM0SJA","SWNiKYqyG-4TbXUIiVC_xw","EbV1gaYWSuTaXXRwxQOApA","bYLPYDLT0R6Mh4wS8EmYfg","3P9PJslk5RPuCdjwPqVrrA","A4IRUl3RhXkrfYcDIUBICw","vRCzNrePXzhOpR7moGn5fw","SDq1Hs087vRjh4OJWr3tgQ","eAOrzG0mDTG3fmB5LLTn2A","YZpjPW-21OoBZ_UoJn37Mg","A9XlAyE8KGs8hqWBH9oN0w","vQVph2ZVOXtwXrzneP94DQ","l0owbtyfrduCrVcPDAq6hw","Ti6sY1tzDoPiRxBB7lUr3A","A4ef-w6iTsDt115M8gfVew","dnFV2w3X6RIsfXtsvcl-sA","uS8pBqO3OV_ut5ZD5efJJA","J8ehpVvx5yTkCikJZ6tOPA","6EeGT6cmhDJ8hhWDBHHP6w","nQP6CrJ0AJfJG8W7X4HZkg","-sQVfeQUdcy0lBCSlIUk6g","Igr4SO83cxyI5JZhUqdCIA","9gbGdmhTRqwS5WnxSGZPvg","dzgzs7IdoNLj1HTQshzE6w","t8YDpALvDkEOnKtnjpLneQ","XTq6bq59IAsfzCQllAiVZA","54KEb2k2tiL3ieOu4KISgw","QPV4Q8Sy9OI1UpxNLlJ_WA","p7l4T112XTWKGxLT5Hp7qw","Lr3XVkqMIuyuB3XKrX67yQ","iE2Sqeqt4E_9bUJrHGLTJA","_3WsJwLoMa0AOl0-bwtQ0w","HFH0mg5EgeboNiphvjXGsw","Yc5zLU6sZdMBiK7kGli4Jg","z4F76ZwY8ahxALRlltWyFQ","EsXI9dJRfQvtamB9JQxN0Q","Ttmf3xxv5zglyc-YYe_Q8A","00Bj7dH0XDkudrId7-PDDQ","AeHeEbYNlvU9sdBbftHYnQ","W6Lb8w5UnWwRcfx9DyH2hw","Oydr0_YTOGzlFjpKXpPC_w","m22ZnY2vuI0HdRY8lggJgg","3KScxs7KyLEGVNmLAN7ftA","zBiYp0hNOtsOkYa6iJo7Jg","Hen0Iv5ZG0EwuLLy6D_hkQ","lzo7D8bx5qGSir4B143ypQ","FQtD6yZzTeqa_OrbNPtbJw","70jpYVdQ83hhqsTIikna9A","8B2ep2LjFcy-uxlHRLCF4A","4EvmlRiU5wkniK90Xl42rg","cnfQuTZrZxJ-W-PWIevHmA","O5JJ0uarjLHkVxV4fPqwfg","H6bC1ymDH1gA6rkCYQKkNQ","agV-nLpqc6flvuWLb3bZdA","AM5uIna2uADeJAjwUQ1Nhg","JZ03tHSiY-g37_yV9Ww5Tw","BaZAR4rYj8zXiUyopdQNwA","CWvutMu0Q7gYzZK7HPGnnw","MzzrYN14VFRG8CfbMDm78w","LUC6BKVi8SefvLiMF1JyNw","wyWftt8zOfiqsd9dNJInnA","eNKDc50GvRkEuvB-dmkEVg","k7tlJ04rj6mEbQXfWJ9OjQ","Qbj8rTkRkscNNeiSjEJoQQ","1kH81vvp1dwdBt4AUrbAfw","PMb6br4weTwn9OOicylkBQ","5rGMCD_4idZfY99AO60Y2Q","E6FHgLwXqU8ELaSx5yhnTQ","nePMqu7jYvk-ei2tnqOdNw","S5WBVGsnG_ngwF91uCTLXQ","rV_ZZNPJVw8tI1Ih9L2X2Q","_4Pf4k4ewdbWITajsYy06Q","li4tQJd8XM9Z0rsJZCBKLw","CsLRbaXI7MM3iZxulz4OCQ","2sHxuPPP3Hudomcn2yTvdQ","vcZxiEYP_ZAQUhACd7GgVQ","WOKQCSp6h9zdloFDOkQnog","JCTwJtiKw1iNMdtu4ytGfg","DN6mV7AMRuROncXLUOLnuA","OlgFs_z9Zwtj0wxv-Qim7Q","cRE1QjRBqap8-QeJGu2Kig","xtaKhjm30pckQjwCTTQg8A","6ECBUSqM0msYNb7jrHeuyQ","GLDnVxwyKL9U9HGL9DvmZQ","VuDJdwZbp5r59BgcfRlksQ","Y-tzgA-wwwQ8gEzh7jJEnw","UrsZyLQgvIm8mr448rYwAg","H7YVaxQtLIiOvy0-Xu1soA","g5UfKzfuqCnld8P-RkF27g","EzmMxmRN_C7G4SCN9uRUkQ","SGLzdDISx23JWRwFRgeeeA","GEU863JrtZiU1x1XjxnzCg","zUe5dy6DEwPenQHD363CSw","JL4Fg44W37-48PIkLWYRDg","jkOnd1n8hxm8jyiedSpzQg","ggFukKof_P5Q6bRtvrTPIQ","jhlgp-3UUQtLER2ZfcCZSg","z4aNM6c5nWcThpnvC2y3QQ","AzmzA5cACqST_8SqriKgpw"],"useful":0,"funny":0,"cool":0,"fans":0,"elite":["None"],"average_stars":2.0,"compliment_hot":0,"compliment_more":0,"compliment_profile":0,"compliment_cute":0,"compliment_list":0,"compliment_note":0,"compliment_plain":0,"compliment_cool":0,"compliment_funny":0,"compliment_writer":0,"compliment_photos":0,"type":"user"}}
