{"review_id":"-7Iu5vQ8Rk_YZeSAujhfdw","user_id":"HVmCgTdi2dvFe8vFGGJ--g","business_id":"aYjZc-3aVbPIPaJgGiUK_A","stars":5,"date":"2012-08-18","text":"I went with my girlfriend and her sister for my girlfriends 21st birthday (before we obviously went out HARD to the bars).\n\nWe shared a <charcuterie> plate, which was very good, but not as good as Underground Kitchen (RIP).  We also shared a carpaccio dish for starters, which was fantastic. Then, for entrees, between us we had a gnocchi dish, lamb ragu & a fennel/brussel sprouts/sausage/citrus dish.  All three were beyond incredible.  Tons of bold flavors.\n\nDesert was also wildly incredible.\n\nOverall, definitely the best meal I've had in Madison.","useful":1,"funny":0,"cool":0,"type":"review","restaurant":{"name":"Nostrano","neighborhood":"Capitol","address":"111 S Hamilton St","city":"Madison","state":"WI","postal_code":"53703","latitude":43.072631,"longitude":-89.384011,"stars":4.0,"review_count":174,"is_open":1,"attributes":["Alcohol: full_bar","Ambience: {'romantic': False, 'intimate': False, 'classy': True, 'hipster': False, 'divey': False, 'touristy': False, 'trendy': False, 'upscale': False, 'casual': False}","BikeParking: True","BusinessAcceptsCreditCards: True","BusinessParking: {'garage': False, 'street': True, 'validated': False, 'lot': False, 'valet': False}","Caters: False","GoodForKids: False","GoodForMeal: {'dessert': False, 'latenight': False, 'lunch': False, 'dinner': True, 'breakfast': False, 'brunch': False}","HasTV: False","NoiseLevel: average","OutdoorSeating: True","RestaurantsAttire: dressy","RestaurantsDelivery: False","RestaurantsGoodForGroups: False","RestaurantsPriceRange2: 3","RestaurantsReservations: True","RestaurantsTableService: True","RestaurantsTakeOut: False","WheelchairAccessible: True","WiFi: free"],"categories":["Restaurants","Mediterranean","Italian"],"hours":["Monday 17:0-21:0","Tuesday 17:0-21:0","Wednesday 17:0-21:0","Thursday 17:0-22:0","Friday 17:0-22:0","Saturday 17:0-22:0"],"type":"business"},"user":{"name":"Kenny","review_count":2,"yelping_since":"2012-08-18","friends":["ljPsdLYtOH81LT4Px5MOIg","aEq1AxwWDSluDebvLqhCeQ","5LYpXpCFtHSaC_0rMVdx0A","w1V4uO1AjLj8bTsSYGUoZg","ywMK8EfwkiP8MkxDrwTwCA","LUfRr8utrlJU6I-eZAZsVQ","TOAOFm_74gMTg8WG7acp1g","NmlPUEAbCqm1myoBT119PA","iHMz-rLQ1IdWBRIOxPt5nA","MDlcKcy9QOKMmIf9EYCPFQ","XXAwngdvdLKO85Gur0TNUg","jAGLfW0cUW7giQzxzpIJGQ","NQ6gUj-pMDOYMWxpVQ5sbg","NtA8sp3r6J-lDKK5c-1iGA","DWWNuBbcfyTeErtxf6bcNQ","Fqn7gQ4g4RU-U4Pzvc8Nvw","NI3ulIy3M95pVfF4DlAuaA","PTXgxa4puzB6qaYg76xL2A","CiDK3BGYE7cXM_-Yb3PpMw","uA42lw9GPTUpLJ7ADiik8Q","J-Qh4hBIeZNJ_LQwjYdwXg","uRgBqQtSg6OZ9Da16mqYBg","l6S6_7VnSIb8ZU-53rJ62A","x7WhDz4pbiypohlAeC6W1A","WaB-cgnjWcl3kRK2qSOBCQ","1CamvUWHoLclIfCsoGrnBw","VemWKKFD-Y9cjnagQYLY3g","6sPs98daoi6BYKHiwXmrwA","3mFKN2cfm_-ulPXv59yWkg","-CHj1m03T6MkC1PGW1CPSQ","BTU69tZuylX4R58uOvb6Ow","brjiHtYHRf8UhB7opUvRcg","M-TQhKUsUAtafw46g4maBg","MYMDG5Xi6DBBIzaGkfUorA","CwwKCLiYGmViLzKR2DAPow","Z4ah7o4J8mpEEpZOO8eyng","39QZZdd4DJLxqSA9ZedCiQ","vYFTr0SPhOTWY-4tyq6_0A","0dsYF7jtVo-eq11xmlaKyQ","Z3lqMCm1_MZvhT_uGs1KvQ","puQBJhNla_cl_yimFzgIqg","4ogFMDeuTOaI2lo_cnaBYg","rGwcUiwPZL-TmygdX45z5g","xDb03SHJIQUESzBzZJ3zRw","8OHGclPvR9sehyi3LYD_hA","EwdsEftNssRXUPZ2cthAaA","qjkEQjwdOSXqYBbPiT2s4w","-43uAiZZ6wsGhaurBi3Cdw","Jo_wM7j-Rwx_XmR-084pzg","qRSj4RtwjKB81NTXiQbS_A","wAh5d5tPqBRFqlEUP4Ch5Q","NJWu54_uD1IAQDwyKxbYqQ","Aix8SC6LPJJxF_gJuWxnTw","htR5samHwfbl8Jn2hCjrrQ","IqHDVTPhuLySUO2HsCMzHg","ZLJMCYc8UpR-u5lhl7dg2Q","Y1UNaKPAFEQlh3rmMpmoQg","ZF2Dy3UA-S-QdI_z7UD10g","PcACmEImhSrab7ZyPavy2Q","XEwHtcEJha6PkuG7FDgNIw","Yb6vwZKVrycKKD2KIQneWg","5Oh0kvYINQ8Or5rS-dWwmQ","s6flra_kWsUMbzWS4w8Mwg","nVZOUBXmrwMFmKZPTl0FQg","f43j-YpLQMd5I0thU4Ec0w","j1EzDQVOd1xlKOJyAKtJog","v-kGk7ZFqkHFiNp9qui2JA","fOqMDyITEJPFLbk1oqdTDA","0l373GK98WlV8OfQLDSEXQ","yDTfET2aytcf5Iq0OcsHcA","KZ1eQVWQ1ufzapROA-NMRA","I-4JgpQkDNnhaLLdAPmLSA","ShkfMjssSZ9IMT0dFYAGow","zx_M0Ab_BXrqr1vEQw8h5w","_qRxu1EotyU4MqGRZk2OTg","UZsKm6QThuZY0TYRJXdM1A","s1glfdSjHrSN393Xsaox_A","L77MrdvPhXj2-wQdHcp0lQ","iY_3wcg-wi_SPERCU-1U5A","8xG-mK-bvsD8Rp3pX3KFNA","mJjg_yuTEa6mKaFofiA-jA","cYCf4UUQONUI7JA6aG1CzQ","i1lbRjvquTQeBxbIm31ltA","9NZ5ayexWt6wLF6hCU0zvA","YeF1kwRHPWPMEGQUkxd4xw","lKLadtJwCEKvTPlv9QLQAg","HhKDdX1qG6qLzuv7b1sf5w","gAPKLYpgVwpbVRzCAVmRbA","bIxsfOBQOWchRVfyB4Tm-g","Jug5ot-efLR3rU7Jq2dxpg","dfS8xi6F2GqMdUmlvzKxsQ","WgMTM7cO1xdpjExJ2oyyOg","S4MgGRVfg6P4JzVtwTkpmA","786tc08lF_88N8qF6OXG2w","ZhT3LNK08QnHnELVTdFUUA","sUbU-RuwoRSofwpFuPzx0g","PzP89tj7hvFRK5oJfxEbag","7eNV2RxtXxlXkuyu0_C4_Q","6pAOrtwVDdG5uKMe3o69EA","De7n3W8VUCuNk2dFEaya-Q","5hGiJxCMDP6pmxbPh4Nchg","kWjwKA_-GWwDDL9kF3PCxg","IEtYUJkka_CpiIP69-4oIA","hlPXMjZUtNQMA8aUyZ0WVQ","KbYUSIBLa1P3ROOPEoQWHQ","JB9cVNR0ym6Ig-gxFuI3LQ","Z27sudWRxeJvYqq63MoeQw","2grkBohedWGJZZy3I716yA","SxXG7wqun2oZSRYevgEZiA","tF042AILcuRQ07s_AYgQyg","kAp50nAPRjlzd2Uj5619qQ","biRiaIiRRk-1xX8bO46DWQ","WoieAJG7FYCCYDywAoG0Yw","V2eR7oI45ttDMZ71fAZpqw","85Z6MnSPwtxdj--utI4IYw","epXWA57DuxfFOZ2IiFd2Pg","SqCbHZsaixLsXcA3CSiTaw","0uLEb2n2pi2L0Hyb-ZlZTA","tf12h51124grOdLKcvqVNg","J-1S-a2EUaJb1SlDrQZ_nw","c4lpJHNzvqyRuuoRoDvWtQ","2YJDbaS6CTEtn17TJNC1oQ","99ZD_bwwH-UcF_QaCHKsuA","kyHQE8A_56nHv_vVKag73w"],"useful":0,"funny":0,"cool":0,"fans":0,"elite":["None"],"average_stars":5.0,"compliment_hot":0,"compliment_more":0,"compliment_profile":0,"compliment_cute":0,"compliment_list":0,"compliment_note":0,"compliment_plain":0,"compliment_cool":0,"compliment_funny":0,"compliment_writer":0,"compliment_photos":0,"type":"user"}}
