{"review_id":"61tCEQvRQ0a-I3sove0NyQ","user_id":"V12HIIwQU-dYEQZBxEQTPg","business_id":"YgBQEX8dB27FdYj7PaPhPw","stars":3,"date":"2014-04-28","text":"We went on a Friday night and it was packed with families at 6 PM.  We were luckily able to nab a spot at the bar and not have to wait 20 minutes for a table.  The bartenders were busy, but we never had to wait unnecessarily long for service.  They have a very large beer selection and a well-stocked bar.  They had about 6 signature drinks.  I didn't get one, but I saw the <mint vodka lemonade> being made and it looked good!  They used fresh mint and muddled it.  \nThe menu was a little limited.  Lots of seafood options, so I don't recommend it if you aren't a fan of seafood, but if you are, it's a great place for you!  I got the Friday <fish fry> and had the option of cod or blue gill.  I chose the cod and it was pretty standard fish fry-nothing too special.  It was good and I enjoyed it, but it wasn't great.  I did like that they offered malt vinegar for the fish and fries and they served it with Ranch without me having to ask.  The <coleslaw> was good but a bit too acidic. \nMy fiancee got the <G&B Burger> and enjoyed it.  He especially liked the special sauce.  However, I was disappointed that it didn't come with any fries or other sides for the price that it was.\nI liked the decor and atmosphere.  It made me think of a New England pub with the emphasis on seafood and beer.  \nOverall, it was a good dinner and I can't complain about much, but I don't know if I'd go back.  It seems like a great place for families with kids because of the pizza options.  The prices seemed fair as well.","useful":0,"funny":0,"cool":0,"type":"review","restaurant":{"name":"Gates & Brovi","neighborhood":"Dudgeon-Monroe","address":"3502 Monroe St","city":"Madison","state":"WI","postal_code":"53711","latitude":43.052916,"longitude":-89.435789,"stars":3.5,"review_count":130,"is_open":1,"attributes":["Alcohol: full_bar","Ambience: {'romantic': False, 'intimate': False, 'classy': False, 'hipster': False, 'divey': False, 'touristy': False, 'trendy': False, 'upscale': False, 'casual': True}","BikeParking: True","BusinessAcceptsCreditCards: True","BusinessParking: {'garage': False, 'street': True, 'validated': False, 'lot': False, 'valet': False}","Caters: True","GoodForKids: True","GoodForMeal: {'dessert': False, 'latenight': False, 'lunch': True, 'dinner': True, 'breakfast': False, 'brunch': False}","HasTV: True","NoiseLevel: average","OutdoorSeating: False","RestaurantsAttire: casual","RestaurantsDelivery: False","RestaurantsGoodForGroups: True","RestaurantsPriceRange2: 2","RestaurantsReservations: False","RestaurantsTableService: True","RestaurantsTakeOut: True","WiFi: free"],"categories":["American (New)","Restaurants"],"hours":["Tuesday 11:0-0:0","Wednesday 11:0-0:0","Thursday 11:0-0:0","Friday 11:0-1:0","Saturday 8:0-1:0","Sunday 8:0-0:0"],"type":"business"},"user":{"name":"Kara","review_count":75,"yelping_since":"2012-09-11","friends":["WE97LwY7vA1Va2mMK-1VNA","vy3VhAYOIMsrJCQ_vHMi_g","I2pw5fRuP3jaPeXFACZKlw","xBXtdrBDWvQmNZZuYMpiTA","53cw1AEah7zFuEpVjKD00w","fJ_qSZH_akvWzHUPMqab1g","wd3xoNaDLib8dhQ7BxUl6g","74Jpfd2Uj_txfT9knsHQaQ","o_KVpeRRprqIAI3r_ssvKQ","ZVKe0xhrznhufR3X-r2RXQ","sRqKcZa8VcTzF89yAKr3Lg","ypl2HORiTJfQVgSjdWubZQ","58O65cdjNkVfDmwKhj6s1Q","9J9V9GOvip-_OlJjMT-EVA","udLLbeuyWDfJth_HWE8k5g","u6MMFro5Rv4eXgWSeL3_dg","elG-x7OM2wALb6RRhLykZw","dX1cdRUAwAi5fSrJ5ySDPQ","oNQI-ZQnalRlLyZxKkJ08A","xc6JWu6MFO6-zRhgDmruug","JxT9dkfgQMrhc8nXSNX7XQ","8teQ4Zc9jpl_ffaPJUn6Ew","BnQrgOLNyi-tv5U9nOS5Ew","gdAos3mDO1t07O5d8iO3Dw","W_NExRpGhhMFWuuvMt8xLg","4Ufc5XYhuClFeFRX_9fBCA","ZN74ea91lxgk-_qGPfgajQ","CLBhU0yc2OPoJTRRSdqN8Q","kPQYhmwgsbYKxFGeGAsIVg","j_h8G2LiXWlNwnLgowWuVA","fccY-4-RO_2zAFtlbDVoLQ","of3MD4TaQVxPC44I9b6WEQ","lrRxjyh7L3rLRcKzDEuTVw","SfNjy6u2_78XNVbDDMBo5A","o4R_2OE1LI4PRnCv0qQONw","ilgrAfnldXykcpoBwSMgnQ","NIWzMJJeIbpj75rgNdSumQ","p8dIoHSaiiKETBDL0WpGuA","BaG6rFSgrbetBnH9KcZcVw","A5nM0eEp2L2r_NZV0uFx4w","bGzQELylOfNPi_XpitxPTQ","Ka04Zm9hoy-vfYEzlRIcHw","d5WLqmTMvmL7-RmUDVKqqQ","ACP7CyxfItBr-MaRBbGs9Q","btwW4jGa1zFCBu5q5cCnEg","_Ubu60FsytqgtXbH2NW9vA","iD7HFt90AyDEAIBVPg93og","3euNAo0WdD2rPXDARW1Chw","M2r8luUYvpXpaTRrwNU97g","K9uJ8PTiZEg4QUX4i73EhA","5TgA3YNBb3JsIy-LKfjrlQ","ByWICHgoxW4HXg-2tOExEQ","tOMfTEKuz21M9bNPJMH9JQ","nrNmOtjU3sanx80TG73gRQ","mEDRWfEVKxSOz8Q6Vkh1Pw","5BJZI4x50ni34pbHrPOlDA","HNycc5PctOiR2PXb-TFCIQ","EAClA9PAEDvtd9ilfpRJuA","aHiLmgQMMwZR0B49t8ek0w","1UHIvB6uisSkKcXatUft1w","T4zni1eDM4-tXjbAxua2Lw","Vif1Se1cWp_ip3ftVrgrKQ","oda3_YCYUbR2M3HvdxFbyg","osfUCq3T5hPtTI8o47z7UQ","GdBYLFDfOIYpUuQodxq8wg","zqCR1ImY_5BZuTjrcEyrCw","JUT0U3HTSB3kz9Wh7N0GqA"],"useful":151,"funny":5,"cool":50,"fans":3,"elite":["2016","2017","2015"],"average_stars":3.87,"compliment_hot":12,"compliment_more":0,"compliment_profile":0,"compliment_cute":0,"compliment_list":0,"compliment_note":4,"compliment_plain":4,"compliment_cool":18,"compliment_funny":18,"compliment_writer":8,"compliment_photos":0,"type":"user"}}
