{"review_id":"mG1l4wwEw94n3VcjDQK9IA","user_id":"7II-NR-pdZFEwhP7AthFfQ","business_id":"Z8SXv1u_6rKicQy9P7G6fw","stars":4,"date":"2016-05-07","text":"Had really good <fajita> type meal and tummy <margaritas>! The staff was quick and pleasant, highly recommend","useful":0,"funny":0,"cool":0,"type":"review","restaurant":{"name":"La Hacienda","neighborhood":"","address":"515 S Park St","city":"Madison","state":"WI","postal_code":"53715","latitude":43.0615157,"longitude":-89.4004109,"stars":3.0,"review_count":80,"is_open":1,"attributes":["Alcohol: full_bar","Ambience: {'romantic': False, 'intimate': False, 'classy': False, 'hipster': False, 'divey': False, 'touristy': False, 'trendy': False, 'upscale': False, 'casual': True}","BikeParking: True","BusinessAcceptsCreditCards: True","BusinessParking: {'garage': False, 'street': False, 'validated': False, 'lot': True, 'valet': False}","Caters: True","GoodForKids: True","GoodForMeal: {'dessert': False, 'latenight': True, 'lunch': False, 'dinner': False, 'breakfast': False, 'brunch': False}","HasTV: False","NoiseLevel: average","OutdoorSeating: False","RestaurantsAttire: casual","RestaurantsDelivery: False","RestaurantsGoodForGroups: True","RestaurantsPriceRange2: 1","RestaurantsReservations: False","RestaurantsTableService: True","RestaurantsTakeOut: True","WheelchairAccessible: True","WiFi: free"],"categories":["Mexican","Restaurants"],"hours":["Monday 9:0-3:0","Tuesday 9:0-3:0","Wednesday 9:0-3:0","Thursday 9:0-3:0","Friday 9:0-4:0","Saturday 9:0-4:0","Sunday 9:0-3:0"],"type":"business"},"user":{"name":"Monica","review_count":6,"yelping_since":"2016-01-20","friends":["None"],"useful":3,"funny":0,"cool":1,"fans":0,"elite":["None"],"average_stars":3.43,"compliment_hot":0,"compliment_more":0,"compliment_profile":0,"compliment_cute":0,"compliment_list":0,"compliment_note":0,"compliment_plain":0,"compliment_cool":0,"compliment_funny":0,"compliment_writer":0,"compliment_photos":1,"type":"user"}}
