{"review_id":"4CUpj4KREZY3STc8i3PoXQ","user_id":"uPxY3FjK-ESxiwUJ_kpbfg","business_id":"DpWCY7KPhaL_7jonOTSJyA","stars":1,"date":"2011-01-06","text":"The worst bartender in town works here!! BEWARE! I believe his name is Daniel? Horrible customer service. I will not return until he no longer works at this establishment. He has a short temper and should not be working in a customer service field. I was at this bar last night and he tried to start something with my boyfriend over a corn dog he order? Which was on their late night menu (this was at 11pm?) apparently he had turned his equipment off and he only got the fries he ordered...my boyfriend questioned where his <corn dog> was? and the bartender goes \"COME HERE! COME HERE! (takes him aside) You wanna start something?\" Minutes before this happened I took a seat at the bar to play photo hunt, I was sitting next to an acquaintance and said \"oh I'm gonna come sit next to you\" and quickly say \"just kidding, I'm gonna play photo hunt, you wanna play?\" The bartender blurts in, \"Why would you wanna be with that douchbag?\" I thought he was kidding, I really thought he liked my boyfriend as the last time we were in that bar, he (the bartender) was talking to for quite a while. I only had one drink and the two guys I was with each had two beer. Nobody was drunk or acting up? He literally freaked out over a <CORN DOG>. We were all confused and talking at our table like WTF? and the table next to us said, yeah he just cut us off so were leaving and we're not even drunk. I worked in a bar for quite some time and this group was fine. They were drinking, playing games and really not even being loud. He told my boyfriend to leave in front of the whole bar while he was sitting eating his fries with me. He then told our friends at the bar \"he doesn't know what it is, but my boyfriends face makes him want to punch him.\" Pretty strange guy, somethings loose in his head. TOTALLY unexpected and TOTALLY miss treated, my boyfriend has been going to this bar for over 6 years and was friends with the previous owner, but he refuses to return until this guy is GONE!","useful":4,"funny":1,"cool":0,"type":"review","restaurant":{"name":"Lucky's Bar & Grille","neighborhood":"Vilas","address":"1421 Regent St","city":"Madison","state":"WI","postal_code":"53711","latitude":43.0676767,"longitude":-89.4101225,"stars":3.0,"review_count":18,"is_open":0,"attributes":["Alcohol: full_bar","Ambience: {'romantic': False, 'intimate': False, 'classy': False, 'hipster': False, 'divey': False, 'touristy': False, 'trendy': False, 'upscale': False, 'casual': False}","BestNights: {'monday': False, 'tuesday': False, 'friday': True, 'wednesday': False, 'thursday': False, 'sunday': False, 'saturday': True}","BikeParking: True","BusinessAcceptsCreditCards: True","BusinessParking: {'garage': False, 'street': True, 'validated': False, 'lot': False, 'valet': False}","Caters: False","CoatCheck: False","GoodForDancing: False","GoodForKids: False","GoodForMeal: {'dessert': False, 'latenight': False, 'lunch': False, 'dinner': False, 'breakfast': False, 'brunch': False}","HappyHour: True","HasTV: True","Music: {'dj': False, 'background_music': False, 'no_music': False, 'karaoke': False, 'live': False, 'video': False, 'jukebox': True}","NoiseLevel: average","OutdoorSeating: False","RestaurantsAttire: casual","RestaurantsDelivery: False","RestaurantsGoodForGroups: True","RestaurantsPriceRange2: 1","RestaurantsReservations: False","RestaurantsTableService: True","RestaurantsTakeOut: False","Smoking: no","WiFi: free"],"categories":["Restaurants","Nightlife","Bars","Pubs","Sports Bars","American (Traditional)"],"hours":["Monday 11:0-2:0","Tuesday 11:0-2:0","Wednesday 11:0-2:0","Thursday 11:0-2:0","Friday 11:0-2:30","Saturday 11:0-2:30","Sunday 11:0-2:0"],"type":"business"},"user":{"name":"Lauren","review_count":32,"yelping_since":"2010-11-17","friends":["6Fe4uasT6z1hjI6c42rAJg","PU6r1-HAY3Tl5Z0Svni5rA","Ry2t3MCZEH6WjP5BiLHeOA","LpJMGQBnYWOo5e6djUo5ow","ElC-RdCLaI8Vld9EVVccSw"],"useful":0,"funny":2,"cool":0,"fans":0,"elite":["None"],"average_stars":3.79,"compliment_hot":0,"compliment_more":0,"compliment_profile":0,"compliment_cute":1,"compliment_list":0,"compliment_note":5,"compliment_plain":0,"compliment_cool":1,"compliment_funny":1,"compliment_writer":0,"compliment_photos":0,"type":"user"}}
