{"review_id":"qNmPhHONKEh9F7LOQvvAwA","user_id":"F6XHUMEGf71QLtzNELJZJA","business_id":"aUrOyWFKxKeVXiFzwbTXSA","stars":3,"date":"2013-03-10","text":"Was good...TLT with avocado delish.. Reasonably priced.. I just went there again and had the <jackfruit BBQ> which was good along with the kale chips as a side that was surpassingly good.","useful":1,"funny":0,"cool":0,"type":"review","restaurant":{"name":"The Green Owl","neighborhood":"Williamson - Marquette","address":"1970 Atwood Ave","city":"Madison","state":"WI","postal_code":"53704","latitude":43.0922989,"longitude":-89.355528,"stars":4.0,"review_count":201,"is_open":1,"attributes":["Alcohol: full_bar","Ambience: {'romantic': False, 'intimate': False, 'classy': False, 'hipster': False, 'divey': False, 'touristy': False, 'trendy': False, 'upscale': False, 'casual': True}","BikeParking: True","BusinessAcceptsCreditCards: True","BusinessParking: {'garage': False, 'street': True, 'validated': False, 'lot': False, 'valet': False}","Caters: False","GoodForKids: True","GoodForMeal: {'dessert': False, 'latenight': False, 'lunch': True, 'dinner': True, 'breakfast': False, 'brunch': False}","HasTV: False","NoiseLevel: average","OutdoorSeating: True","RestaurantsAttire: casual","RestaurantsDelivery: False","RestaurantsGoodForGroups: True","RestaurantsPriceRange2: 2","RestaurantsReservations: True","RestaurantsTableService: True","RestaurantsTakeOut: True","WheelchairAccessible: True","WiFi: no"],"categories":["Vegetarian","Restaurants","Vegan","Cafes"],"hours":["Tuesday 11:0-21:0","Wednesday 11:0-21:0","Thursday 11:0-21:0","Friday 11:0-21:0","Saturday 11:0-21:0","Sunday 10:0-15:0"],"type":"business"},"user":{"name":"Mandy","review_count":69,"yelping_since":"2010-09-21","friends":["tBNR7KiXHm-hWTUlErVgEw","2rLMpj5DZRFwtf5b1yHftw","2WWXbgjGngjKsEuhfza6vw","FKclATu5-fmK6lsAUuHp7w","PknZ4ckea5_M5Q1_Z2LXVQ","FpB44ccQnPntnZQmWTTKDA","fJ_qSZH_akvWzHUPMqab1g","4MVOsEviZF96rVi4jmZIyA","-s_illxUZ8taJiwH2s43kQ","VHoz-_mf_jFQCINNkBMKSw","xnGyAdv6M81x3QhPoihEHw","niW2naY4bKoPi11dr3dYbQ","f7Emr9Q4H5r_jO_DW3QuIQ","YXfvyiFUFbjcjhU9j043FQ","X3H72KED1DO1qNbMZqoBrg","R44RllbTjxq3rmAX5pUCAQ","CH9VC7aLLsV8NFdaoU_uog","G-mWHSm6XVp1oe9PN7NUPg","adtOywpRnG5-4mjQMQE1FA","gNyQ8VrJbRhJ9Iiiqi5wqQ","d5WLqmTMvmL7-RmUDVKqqQ","SbJ7iiOb6Sj3gaREn-JUZA","OtBLrsf_p2QZeDcs3d-UyQ","F-UAID6IGVUui66eFHXXxw","j8ERK-hBa8dYjBynS91hLA","jB4JeAu_8O_1AcWolhPgrg","mtbgOS4lra7vtP2RmqBKkA","Pf7FI0OukC_CEcCz0ZxoUw","Vpx4OkT_6LgtF26FkzcSGQ","64txTla3gWRXyKwqQQx7nA","JUT0U3HTSB3kz9Wh7N0GqA","wXSzeF0XoUm3P9MezcVKtQ","TkWPUBM_k3hmchAc_2cz0A","yB-ryubCICitZj7hj0-hcA","5Iokhs9ONNdT_mbE4Fe4BQ","KDewJBJknfWvQyHHFNbfdg","GerMhlVWTNkcyI77oQ8Ckw","Yk7uDMZfOBFqMYe4rXg3fg","e9bVxMuG-1NIJWqT_pDEmQ","8teQ4Zc9jpl_ffaPJUn6Ew","DmdksmfNKLV50R-8Rz5FgQ"],"useful":4,"funny":0,"cool":0,"fans":5,"elite":["None"],"average_stars":3.51,"compliment_hot":4,"compliment_more":2,"compliment_profile":0,"compliment_cute":0,"compliment_list":0,"compliment_note":4,"compliment_plain":4,"compliment_cool":4,"compliment_funny":4,"compliment_writer":3,"compliment_photos":0,"type":"user"}}
