{"review_id":"CgsBGDKhlsYKKuWdJLVsow","user_id":"s6i8mNWx71wLDCq12NUotQ","business_id":"HxC7kYHEVO-GKHvDoeI2RQ","stars":4,"date":"2012-11-19","text":"It's really good.\nDefinite emphasis on fusion. The kitchen seems to be having fun and in a  good and interesting way. \nI'd generally skip the appetizers.","useful":1,"funny":1,"cool":1,"type":"review","restaurant":{"name":"K Peppers","neighborhood":"","address":"1901 Cayuga St, Ste 110","city":"Middleton","state":"WI","postal_code":"53562","latitude":43.0962004007,"longitude":-89.5136945802,"stars":3.5,"review_count":89,"is_open":1,"attributes":["Alcohol: beer_and_wine","Ambience: {'romantic': False, 'intimate': False, 'classy': False, 'hipster': False, 'divey': False, 'touristy': False, 'trendy': False, 'upscale': False, 'casual': True}","BikeParking: True","BusinessAcceptsCreditCards: True","BusinessParking: {'garage': False, 'street': True, 'validated': False, 'lot': True, 'valet': False}","GoodForKids: True","GoodForMeal: {'dessert': False, 'latenight': False, 'lunch': True, 'dinner': True, 'breakfast': False, 'brunch': False}","HasTV: False","NoiseLevel: average","OutdoorSeating: False","RestaurantsAttire: casual","RestaurantsDelivery: False","RestaurantsGoodForGroups: True","RestaurantsPriceRange2: 2","RestaurantsReservations: True","RestaurantsTableService: True","RestaurantsTakeOut: True","WheelchairAccessible: True","WiFi: no"],"categories":["Restaurants","Asian Fusion","Korean"],"hours":["Monday 17:0-20:30","Tuesday 11:0-14:0","Tuesday 17:0-20:30","Wednesday 11:0-14:0","Wednesday 17:0-20:30","Thursday 11:0-14:0","Thursday 17:0-20:30","Friday 11:0-14:0","Friday 17:0-20:30","Saturday 17:0-20:30"],"type":"business"},"user":{"name":"Scott","review_count":36,"yelping_since":"2006-10-02","friends":["dF6eg9Kx_WaiTPhu2BdN5A","IQby9-xso7bfdutz_KpGxQ","JUT0U3HTSB3kz9Wh7N0GqA","dhxSgVIUnfM6NO9mjHWTiQ","zn9QgHi31NRj5e8x8Ii9gw","WwoRljgRQJjuQL-EsTITaQ","ZYEIuQ7TCm8auluFeVkNfQ","bfZ2r-Ct_dRSfH0g2OBGPQ","Q7FMebji_M00usrhNiVxBA","466Tq5KB6xjDaUxABwUTGg","yZlx2v4AOs9pV-Ap7g3pnQ","gzfvHJKfPjaV7wVAtXvD2g","xBc6e0C6uRJgKnymUAt-hA","XAwsQeOiqhYA4jKJFJJhnw","IFXJh2K-vm0VV5yK1RPMNQ","lkAzVdzEZE0jEU91PmvQhQ","r7Vfu28zfoorrvZ21Duo9A","ZLlEJMYRJX3uRKWKOA3zEQ","T92OitLh82mngpaSks32Qw","v8rQxvXyaws7RyprCblJrg","aqaPIOGq9DqGPiuHMa_-1A","i8tdd1slP643uHqwA1lQjA","OMhCDWX1KJMu9qmK2tsyYg","Ms5LaYgOm9vorwtTRatXhw","yHdWFZFYwyiDZKdIY_RZJg","aKCfff2bUSh3BAnpEnuzyQ","a1cF0D4wG4h9QF37OEBdSw","LGsrOsdobT3gPHlhW-fMKw","C3RXtVw6_HmB4IVlyR0bwQ","4_HbLYa7tKe7lglcYqzOSw","owTVl-vdYBwf0ZPS6yjcTg","fml00FRkbnSML_7iGAgArQ","xGCa45UYrRn_z_1MyTWDvQ","JB8xCpD5cEmM-aKhr6dOPQ","4YS0VXmIpBt99X0ryWcbsw","wd3xoNaDLib8dhQ7BxUl6g","dfd69SsFaJp_fQx6rD-WRg","MA7YZA4sxwCTpAyxFqcI9w","dITWIRf0_1g6YhwXpYFFuQ"],"useful":19,"funny":3,"cool":2,"fans":1,"elite":["None"],"average_stars":4.43,"compliment_hot":0,"compliment_more":1,"compliment_profile":0,"compliment_cute":0,"compliment_list":0,"compliment_note":2,"compliment_plain":0,"compliment_cool":1,"compliment_funny":1,"compliment_writer":1,"compliment_photos":0,"type":"user"}}
