{"review_id":"Ab2Uj_BzDILEtydGGVgjNw","user_id":"jdpBb2Eet5ltZ70qPpPxsQ","business_id":"KAhavksKQwKbMzZHiNOyOQ","stars":4,"date":"2012-09-11","text":"Stopped by this place while in Madison for the Ironman, very friendly, kind staff.  Food was very good also.","useful":0,"funny":0,"cool":0,"type":"review","restaurant":{"name":"Gino's Restaurant","neighborhood":"Capitol","address":"540 State St","city":"Madison","state":"WI","postal_code":"53703","latitude":43.075131,"longitude":-89.394445,"stars":3.5,"review_count":37,"is_open":0,"attributes":["Alcohol: full_bar","Ambience: {'romantic': False, 'intimate': False, 'classy': False, 'hipster': False, 'divey': False, 'touristy': False, 'trendy': False, 'upscale': False, 'casual': True}","BYOBCorkage: no","BusinessAcceptsCreditCards: True","BusinessParking: {'garage': False, 'street': True, 'validated': False, 'lot': False, 'valet': False}","Caters: True","GoodForKids: True","GoodForMeal: {'dessert': False, 'latenight': False, 'lunch': False, 'dinner': True, 'breakfast': False, 'brunch': False}","HasTV: True","NoiseLevel: average","OutdoorSeating: True","RestaurantsAttire: casual","RestaurantsDelivery: True","RestaurantsGoodForGroups: True","RestaurantsPriceRange2: 2","RestaurantsReservations: True","RestaurantsTableService: True","RestaurantsTakeOut: True","WheelchairAccessible: True"],"categories":["Pizza","Restaurants","Italian"],"hours":["Monday 11:0-22:0","Tuesday 11:0-22:0","Wednesday 11:0-22:0","Thursday 11:0-22:0","Friday 11:0-23:0","Saturday 11:0-23:0","Sunday 11:0-22:0"],"type":"business"},"user":{"name":"Chris","review_count":4,"yelping_since":"2011-05-01","friends":["None"],"useful":1,"funny":0,"cool":0,"fans":1,"elite":["None"],"average_stars":4.75,"compliment_hot":0,"compliment_more":0,"compliment_profile":0,"compliment_cute":0,"compliment_list":0,"compliment_note":0,"compliment_plain":0,"compliment_cool":0,"compliment_funny":0,"compliment_writer":0,"compliment_photos":0,"type":"user"}}
