{"review_id":"kzvcOufcI81wD4XE4Iu4-A","user_id":"sUbgF8kVzWAHOwNe_WLsSg","business_id":"p4qvXkb34X8hgidxEZ33Gw","stars":3,"date":"2012-12-06","text":"Since I wrote my old review I have eaten here many many times and while it is probably still my fave lao/viet/thai place in Madison the quality seems to have really dropped off substantially.\n\nThe dumplings still taste good but often they are haphazardly assembled wads of dough and meat.  The <Pad Thai> is a huge gamble, one time it is is sweet and not hot at all with four stars, the next time it is super greasy and not hot, the third time it is dry flavorless noodles CRUSTED in pepper seeds, completely indelibly hot.  And I grow my own chilies, I love hot food.  That has happened several times now.\n\nIt seems to have really gotten busy (though the last few months less so) with there often being four people running the front desk and it still takes a while to get their attention.  I think they have had trouble dealing with the success of the restaurant and keeping the same level of quality up.  I wish I could figure out what day the good cooks work and only order from them then.","useful":1,"funny":0,"cool":0,"type":"review","restaurant":{"name":"Ha Long Bay Vietnamese & Thai Bistro","neighborhood":"Williamson - Marquette","address":"1353 Williamson St","city":"Madison","state":"WI","postal_code":"53703","latitude":43.0855448,"longitude":-89.3607155,"stars":4.0,"review_count":468,"is_open":1,"attributes":["Alcohol: beer_and_wine","Ambience: {'romantic': False, 'intimate': False, 'classy': False, 'hipster': False, 'divey': False, 'touristy': False, 'trendy': False, 'upscale': False, 'casual': True}","BikeParking: True","BusinessAcceptsCreditCards: True","BusinessParking: {'garage': False, 'street': True, 'validated': False, 'lot': False, 'valet': False}","Caters: False","GoodForKids: True","GoodForMeal: {'dessert': False, 'latenight': False, 'lunch': True, 'dinner': True, 'breakfast': False, 'brunch': False}","HasTV: False","NoiseLevel: average","OutdoorSeating: False","RestaurantsAttire: casual","RestaurantsDelivery: False","RestaurantsGoodForGroups: True","RestaurantsPriceRange2: 2","RestaurantsReservations: True","RestaurantsTableService: True","RestaurantsTakeOut: True","WheelchairAccessible: True","WiFi: no"],"categories":["Restaurants","Vietnamese","Thai"],"hours":["Monday 11:0-21:30","Tuesday 11:0-21:30","Wednesday 11:0-21:30","Thursday 11:0-21:30","Friday 11:0-21:30","Saturday 11:0-21:30","Sunday 11:30-21:0"],"type":"business"},"user":{"name":"Andrew","review_count":54,"yelping_since":"2009-12-31","friends":["wd3xoNaDLib8dhQ7BxUl6g"],"useful":3,"funny":0,"cool":0,"fans":0,"elite":["None"],"average_stars":3.19,"compliment_hot":0,"compliment_more":0,"compliment_profile":0,"compliment_cute":0,"compliment_list":0,"compliment_note":3,"compliment_plain":1,"compliment_cool":0,"compliment_funny":0,"compliment_writer":1,"compliment_photos":0,"type":"user"}}
