{"review_id":"A1z1R3o85n33OJr3hze6fA","user_id":"UasklH6YXUWc84xIbbfzuQ","business_id":"C63sF-wG4f1doMIMv2qvOg","stars":4,"date":"2014-03-23","text":"Light simple <pizza> with fresh ingredients, there are a few pasta dishes and often a couple of specials. This cafe fits right in between a quick place and a fancy place making it perfect for when you want a little something nice. A <pizza> a pasta choice and a salad can feed two with just a little left over.","useful":3,"funny":0,"cool":0,"type":"review","restaurant":{"name":"Cafe Porta Alba","neighborhood":"","address":"Hilldale Mall, 558 N Midvale Blvd","city":"Madison","state":"WI","postal_code":"53705","latitude":43.0721304,"longitude":-89.4512861,"stars":4.0,"review_count":133,"is_open":1,"attributes":["Alcohol: beer_and_wine","Ambience: {'romantic': False, 'intimate': False, 'classy': False, 'hipster': False, 'divey': False, 'touristy': False, 'trendy': False, 'upscale': False, 'casual': True}","BikeParking: True","BusinessAcceptsCreditCards: True","BusinessParking: {'garage': True, 'street': True, 'validated': False, 'lot': False, 'valet': False}","Caters: False","GoodForKids: True","GoodForMeal: {'dessert': False, 'latenight': False, 'lunch': False, 'dinner': True, 'breakfast': False, 'brunch': False}","HasTV: False","NoiseLevel: average","OutdoorSeating: True","RestaurantsAttire: casual","RestaurantsDelivery: False","RestaurantsGoodForGroups: True","RestaurantsPriceRange2: 2","RestaurantsReservations: False","RestaurantsTableService: True","RestaurantsTakeOut: True","WheelchairAccessible: True","WiFi: no"],"categories":["Restaurants","Italian","Pizza"],"hours":["Monday 11:0-22:0","Tuesday 11:0-22:0","Wednesday 11:0-22:0","Thursday 11:0-22:0","Friday 11:0-22:0","Saturday 11:0-22:0","Sunday 11:0-20:0"],"type":"business"},"user":{"name":"D.","review_count":99,"yelping_since":"2011-08-12","friends":["8ZLAklUl3vS9cnlwpv3v5g","tGttNiR6zHGKlh128C3dYA","AgV7jUfWVNuVkruEUXdFNw","TubeeO85RO_Pd3N8x4S5dQ","zRmfbwMXJ_CPbc3uOc9eng","t-Y8oG0cz8gBhRmRoT-HnA","5MKqkzDbludCpSqBlZU3Kg","FQ-Bi_zNgVFXWBJdGXRoew","fJ_qSZH_akvWzHUPMqab1g","e541kBFOr2UZo5VNH4BYiQ","evNolV21f1Mf4CkSbdflSQ","NRMlDBUoGJdgoXTUllZpuA","HM7k4r8LbOR_gWiW33uYZw","4om0MPJHqQtrt9AiCll0GQ","adtOywpRnG5-4mjQMQE1FA","WimSUxP-QlXzMnWT_P938w","4QazAwPkW0LRVFEL7Uf1Fg","yJP-54fC6lpYXXl5X0JyJw","J6V3fMYvcsTaVY3Xze4k_g"],"useful":154,"funny":6,"cool":13,"fans":3,"elite":["None"],"average_stars":3.38,"compliment_hot":0,"compliment_more":1,"compliment_profile":0,"compliment_cute":0,"compliment_list":0,"compliment_note":2,"compliment_plain":7,"compliment_cool":3,"compliment_funny":3,"compliment_writer":1,"compliment_photos":2,"type":"user"}}
