{"review_id":"9EIUh4UQc3bRAZx_t_I9MA","user_id":"elnNoTi0MbT0aP2ptrapQQ","business_id":"7Tp53xZh1ypd2wbudP6Qcw","stars":3,"date":"2014-03-17","text":"<Drunken noodles> were really good. No debit or credit cards accepted here which is pain. I mean c'mon people I can take a credit card with my phone these days,  your restaurant could certainly. Luckily I had cash.","useful":0,"funny":0,"cool":0,"type":"review","restaurant":{"name":"Rising Sons Deli","neighborhood":"Capitol","address":"617 State St","city":"Madison","state":"WI","postal_code":"53703","latitude":43.0748716,"longitude":-89.3962559,"stars":3.5,"review_count":71,"is_open":1,"attributes":["Alcohol: none","Ambience: {'romantic': False, 'intimate': False, 'classy': False, 'hipster': False, 'divey': False, 'touristy': False, 'trendy': False, 'upscale': False, 'casual': True}","BikeParking: True","BusinessAcceptsCreditCards: False","BusinessParking: {'garage': True, 'street': False, 'validated': False, 'lot': False, 'valet': False}","Caters: False","GoodForKids: True","HasTV: True","NoiseLevel: average","RestaurantsAttire: casual","RestaurantsDelivery: False","RestaurantsGoodForGroups: True","RestaurantsPriceRange2: 1","RestaurantsReservations: False","RestaurantsTableService: True","RestaurantsTakeOut: True","WheelchairAccessible: True","WiFi: no","GoodForMeal: {'dessert': False, 'latenight': False, 'lunch': True, 'dinner': True, 'breakfast': False, 'brunch': False}","OutdoorSeating: False"],"categories":["Thai","Restaurants"],"hours":["Monday 11:0-21:0","Tuesday 11:0-21:0","Wednesday 11:0-21:0","Thursday 11:0-21:0","Friday 11:0-21:0","Saturday 11:0-21:0","Sunday 11:0-21:0"],"type":"business"},"user":{"name":"Matt","review_count":15,"yelping_since":"2012-08-06","friends":["rgrRLn9dF33d52EbZjpFLg"],"useful":1,"funny":0,"cool":0,"fans":0,"elite":["None"],"average_stars":3.73,"compliment_hot":0,"compliment_more":0,"compliment_profile":0,"compliment_cute":0,"compliment_list":0,"compliment_note":0,"compliment_plain":0,"compliment_cool":0,"compliment_funny":0,"compliment_writer":0,"compliment_photos":0,"type":"user"}}
