{"review_id":"_alIM8T_3Pg9OCqzr-4egA","user_id":"DteIECa103SXEdRpwLs4qQ","business_id":"d4JTF7OUIMpxpIHVl9wPJA","stars":2,"date":"2015-12-20","text":"I was very disappointed in my meal. The <brisket> tastes old and had an off taste to it. The pit beans tasted like just chili with extra beans in it. My buddy had same opinion on meal. I will say had good atmosphere and the service was good but if they continue to serve sub part food won't be there for long. I hope they get it together.","useful":1,"funny":0,"cool":0,"type":"review","restaurant":{"name":"Brickhouse BBQ","neighborhood":"Capitol","address":"408 W Gorham St","city":"Madison","state":"WI","postal_code":"53703","latitude":43.0740793,"longitude":-89.3931756,"stars":3.0,"review_count":179,"is_open":1,"attributes":["Alcohol: full_bar","Ambience: {'romantic': False, 'intimate': False, 'classy': False, 'hipster': False, 'divey': False, 'touristy': False, 'trendy': False, 'upscale': False, 'casual': True}","BikeParking: True","BusinessAcceptsCreditCards: True","BusinessParking: {'garage': False, 'street': True, 'validated': False, 'lot': False, 'valet': False}","Caters: True","GoodForKids: True","GoodForMeal: {'dessert': False, 'latenight': False, 'lunch': False, 'dinner': True, 'breakfast': False, 'brunch': False}","HasTV: True","NoiseLevel: average","OutdoorSeating: True","RestaurantsAttire: casual","RestaurantsDelivery: False","RestaurantsGoodForGroups: True","RestaurantsPriceRange2: 2","RestaurantsReservations: True","RestaurantsTableService: True","RestaurantsTakeOut: True","WheelchairAccessible: True","WiFi: no"],"categories":["Restaurants","Barbeque","Bars","Pubs","Nightlife","Event Planning & Services","Venues & Event Spaces"],"hours":["Monday 11:0-1:0","Tuesday 11:0-1:0","Wednesday 11:0-1:0","Thursday 11:0-1:0","Friday 11:0-2:0","Saturday 11:0-2:0","Sunday 11:0-1:0"],"type":"business"},"user":{"name":"John","review_count":6,"yelping_since":"2015-07-29","friends":["ZKeUfNF2sV96JNLkC6buHw","3z0cqFt0NkbidjnaDHCVoQ","2CIvr2_CPeUcP1VmYy6snA","yRy4G7Mfnfrk1hIH-IQ6kw","ok4x54ev7hL6wwW7jD79MA","Hi9wrEMq8BLuZy_8SeI3ag","eomMT9ohclFPGg5wr6oY0w","7__CLlQVDNiFQ06E6UbHxg","_E7LqXTKwb7fHJkxqE9H-A","vu-SSTbdO-IaXroZqOK-6w","88eh6DmuVwCq27OLqIOltQ","q0e5TsiBx8obdxss6JDCPg","-o5oqr2k0j62VKibijMPTg","K3zItx18C2wR3k4p_FVofA","6WnYWvUWrEZbtg2pI-QtAg","NcnubIIRTMN2OciJl5oTsg","pJkO5PLuTabuiUGtc8GeTg","nP-zp8_UQCrZarOd9--FGQ","kP_E2ic7vcm2at2bFjGuRQ","rkzVR1ba3xXxtBA8p6gupQ","GzyMy6qWK2KTsDSmwENAfg","T_SEWiP2JyPRA_NRLsGvxQ","ZpEX9XT37K4eq5d5ffxujg","arXwAFxS0X1kPzVbANYnfw","drYER8DCi1g-E4ooJtGuaw","wvtOjfM7YSsqkN4lWu1U7g","1VAr-ClbKwieH1YbDAQxpQ","KVSy9TmQuO8p9Km4uk19iA","cL9l956V3z6rLhVwXqcbTw","pwkaki2a8MSWaNn0gEeNBA","bzOdnPj83Oj1wqFhyAifqQ","VroD3BkTnMGTscJspJWHcQ","_KnukE8uCd1ANSJTYHGaeg"],"useful":0,"funny":0,"cool":0,"fans":0,"elite":["None"],"average_stars":3.67,"compliment_hot":0,"compliment_more":0,"compliment_profile":0,"compliment_cute":0,"compliment_list":0,"compliment_note":0,"compliment_plain":0,"compliment_cool":0,"compliment_funny":0,"compliment_writer":0,"compliment_photos":0,"type":"user"}}
