{"review_id":"S4RYyYSMf0HXw2ulE47Nqg","user_id":"7lOShDEN8pEABaNfKG4o1A","business_id":"aPv_Hk2yh0A-AceqCuTO9A","stars":1,"date":"2015-07-21","text":"Order was going to be an hour late, cancelled it... They still charged me. Never will ever give any Milio's my business again. Disgusting practice.","useful":0,"funny":1,"cool":0,"type":"review","restaurant":{"name":"Milio's Sandwiches","neighborhood":"Emerson East","address":"2202 East Johnson St","city":"Madison","state":"WI","postal_code":"53704","latitude":43.098497,"longitude":-89.357178,"stars":2.5,"review_count":5,"is_open":1,"attributes":["Alcohol: none","Ambience: {'romantic': False, 'intimate': False, 'classy': False, 'hipster': False, 'divey': False, 'touristy': False, 'trendy': False, 'upscale': False, 'casual': False}","BikeParking: True","BusinessAcceptsCreditCards: True","BusinessParking: {'garage': False, 'street': False, 'validated': False, 'lot': False, 'valet': False}","Caters: True","GoodForKids: True","GoodForMeal: {'dessert': False, 'latenight': False, 'lunch': False, 'dinner': False, 'breakfast': False, 'brunch': False}","HasTV: False","NoiseLevel: average","OutdoorSeating: False","RestaurantsAttire: casual","RestaurantsDelivery: True","RestaurantsGoodForGroups: True","RestaurantsPriceRange2: 1","RestaurantsReservations: False","RestaurantsTableService: False","RestaurantsTakeOut: True","WiFi: no"],"categories":["Restaurants","Sandwiches"],"hours":["Monday 10:0-21:0","Tuesday 10:0-21:0","Wednesday 10:0-21:0","Thursday 10:0-21:0","Friday 10:0-21:0","Saturday 10:0-21:0","Sunday 10:0-21:0"],"type":"business"},"user":{"name":"Kelly","review_count":2,"yelping_since":"2014-12-20","friends":["PwwxZQROYY3a-1kTj83VQA","3Ynko3zgVw_CIc-SyeEc1w"],"useful":0,"funny":0,"cool":0,"fans":0,"elite":["None"],"average_stars":3.0,"compliment_hot":0,"compliment_more":0,"compliment_profile":0,"compliment_cute":0,"compliment_list":0,"compliment_note":0,"compliment_plain":0,"compliment_cool":0,"compliment_funny":0,"compliment_writer":0,"compliment_photos":0,"type":"user"}}
