{"review_id":"YCcGiJ6ilMbZkwjxdSPFsA","user_id":"CLBhU0yc2OPoJTRRSdqN8Q","business_id":"mCtkHCPp7OFZtqO4Fzlp1A","stars":4,"date":"2012-06-04","text":"I went here Saturday around 8pm and it wasn't busy so that was really nice, i also got a pizza and a big basket of <fries> for a decent price... the only thing i didn't  like was the fact that in the game room the air hockey is timed and i didn't know that till the machine shut off half way through my game, plus the games are $1 each so it's a bit of a rip off, but other than that my night at Badger Bowl went really well!","useful":0,"funny":0,"cool":0,"type":"review","restaurant":{"name":"Badger Bowl","neighborhood":"Moorland - Rimrock","address":"506 E Badger Rd","city":"Madison","state":"WI","postal_code":"53713","latitude":43.038813,"longitude":-89.37714,"stars":3.0,"review_count":17,"is_open":0,"attributes":["Alcohol: full_bar","BikeParking: False","BusinessAcceptsBitcoin: False","BusinessAcceptsCreditCards: True","BusinessParking: {'garage': False, 'street': False, 'validated': False, 'lot': True, 'valet': False}","GoodForKids: True","GoodForMeal: {'dessert': False, 'latenight': False, 'lunch': False, 'dinner': False, 'breakfast': False, 'brunch': False}","HasTV: True","NoiseLevel: average","OutdoorSeating: False","RestaurantsAttire: casual","RestaurantsDelivery: False","RestaurantsGoodForGroups: True","RestaurantsPriceRange2: 2","RestaurantsReservations: False","RestaurantsTakeOut: True","WheelchairAccessible: True"],"categories":["Restaurants","Caterers","American (Traditional)","Event Planning & Services","Bowling","Venues & Event Spaces","Arts & Entertainment","Active Life","Music Venues","Nightlife"],"hours":["Monday 11:30-0:0","Tuesday 11:30-0:0","Wednesday 11:30-0:0","Thursday 11:30-0:0","Friday 11:30-2:0","Saturday 11:30-2:0","Sunday 11:30-1:0"],"type":"business"},"user":{"name":"Sarah","review_count":75,"yelping_since":"2012-05-18","friends":["tbycp0aRhRsiAVYUAVR_uQ","nT3tLANzGy0a7DuB_GIQjA","FvONuMciptWyWj8tKYAMmg","B4KzF2CMurb9Cse4tk5UWQ","gOBemMfKRfpvJkz9OIw6aw","lrgq-Gr-l8m0v5WEmVXP6g","9I-kXfb7-1iAQFvHplk1PA","AmFhfINp_X2QwpkNNqEFsQ","Z4O1QlshQtbqy9u448odOw","dxjehLpGgh08vby2BksV6g","mSw98n1gt8bCmSs0fznfQg","V12HIIwQU-dYEQZBxEQTPg","FKclATu5-fmK6lsAUuHp7w","e9bVxMuG-1NIJWqT_pDEmQ","ISJ860z59OPGcuBbo-kjXg","G5BqF32PyIQ5IvplDvpKnA","wd3xoNaDLib8dhQ7BxUl6g","JKzqdJ8Xe7uHHcQo5vthNA","vO1a12SLh9EgKLnEw9vkcg","fJ_qSZH_akvWzHUPMqab1g","DvxgyNbQJL7MMJqzQzeyIw","alCsEBEMDCKrT0qZEdJ4Xg","AEgYsg7EHi-Z6j8R3vd06w","bpgfLdp69PIjI83hIsAwog","L-IwJ7QPpg381tOfl61x7A","BS3qOK1iRLcWtoV9KnwyXg","s4BgZ9tRRPKxjUcOJcyomA","f7Emr9Q4H5r_jO_DW3QuIQ","ohYnCSs6eTl7O6o3UySpgg","JUT0U3HTSB3kz9Wh7N0GqA"],"useful":336,"funny":178,"cool":77,"fans":1,"elite":["None"],"average_stars":3.43,"compliment_hot":1,"compliment_more":0,"compliment_profile":1,"compliment_cute":0,"compliment_list":0,"compliment_note":6,"compliment_plain":1,"compliment_cool":0,"compliment_funny":0,"compliment_writer":0,"compliment_photos":1,"type":"user"}}
