{"review_id":"Ii5ecZSBYaW5VHN67NHIjg","user_id":"1aoFbEXJ3qYXayRbfqM-dg","business_id":"70xPPH9jN7TI9etfueFetA","stars":5,"date":"2015-01-16","text":"I have eaten there twice.  I had the <Cuban sandwich> with the family.  It had <Berkshire ham> which is super flavorful and awesome fries.  Homemade I would guess.  My son had the giant burger.  He raved and couldn't even finish it.  My daughter had the seared <tuna sandwich> and she liked it a lot.  Split some curds which were <Carr Valley> (Best Wisconsin Curd) and they were gone before I got my share :(   because they rocked.\n\nMy other time I had the Mac and cheese.  Huge portion and very good.  Came with some toasted bread and I give it the thumbs up.\n\nThe drinks we had were very unique and well thought out.  Decent beer selection for my son.  Bar is large and comfortable.\n\nThe restaurant as well is very chic.  Well thought out and laid out.\n\nIt's on my \"go to\" list moving forward.   \n\nGood job Twist on bringing a new awesome restaurant to Madtown.","useful":0,"funny":0,"cool":0,"type":"review","restaurant":{"name":"Twist Bar & Grill","neighborhood":"","address":"6617 Odana Rd","city":"Madison","state":"WI","postal_code":"53719","latitude":43.0555199905,"longitude":-89.4958404233,"stars":3.5,"review_count":22,"is_open":1,"attributes":["Alcohol: full_bar","Ambience: {'romantic': False, 'intimate': False, 'classy': False, 'hipster': False, 'divey': False, 'touristy': False, 'trendy': True, 'upscale': False, 'casual': False}","BestNights: {'monday': False, 'tuesday': True, 'friday': False, 'wednesday': False, 'thursday': False, 'sunday': True, 'saturday': True}","BikeParking: True","BusinessAcceptsCreditCards: True","BusinessParking: {'garage': False, 'street': False, 'validated': False, 'lot': True, 'valet': False}","Caters: False","CoatCheck: False","DogsAllowed: False","GoodForDancing: False","GoodForKids: True","GoodForMeal: {'dessert': True, 'latenight': False, 'lunch': True, 'dinner': False, 'breakfast': False, 'brunch': False}","HappyHour: True","HasTV: True","Music: {'dj': False, 'background_music': False, 'no_music': False, 'karaoke': False, 'live': False, 'video': False, 'jukebox': False}","NoiseLevel: average","OutdoorSeating: False","RestaurantsAttire: casual","RestaurantsDelivery: False","RestaurantsGoodForGroups: True","RestaurantsPriceRange2: 2","RestaurantsReservations: True","RestaurantsTableService: True","RestaurantsTakeOut: True","Smoking: outdoor","WheelchairAccessible: True","WiFi: free"],"categories":["Bars","Nightlife","American (New)","Restaurants","Lounges","Soup","Sandwiches","Salad"],"hours":["Monday 7:0-22:0","Tuesday 7:0-22:0","Wednesday 7:0-22:0","Thursday 7:0-22:0","Friday 7:0-22:0","Saturday 7:0-22:0","Sunday 7:0-22:0"],"type":"business"},"user":{"name":"Brain","review_count":23,"yelping_since":"2010-04-27","friends":["v2K-M15qsd4MJtoTF8RUGw","BEtByeYY_jLtN1OiJhAr_g","-qloZkeN_XVV6VjOVdBOXQ","d0obTkK7jwKjnrET3liLmQ","IkjoL-2-hAlwHtAUsm2GiQ","MHdga0r65ACt31qm0pQeyQ","S1WvIUg5-b3OnZ1u8_FeTg"],"useful":0,"funny":1,"cool":0,"fans":1,"elite":["None"],"average_stars":4.8,"compliment_hot":0,"compliment_more":0,"compliment_profile":0,"compliment_cute":0,"compliment_list":0,"compliment_note":1,"compliment_plain":0,"compliment_cool":0,"compliment_funny":0,"compliment_writer":0,"compliment_photos":0,"type":"user"}}
