{"review_id":"jCgYnUSu4maG4AcWQs1xEw","user_id":"5ZYw-Jlplz7coAkSWsn6hQ","business_id":"OnKyFU0FsiPVd8Jwl6st6g","stars":4,"date":"2014-04-02","text":"although yes, their cheese is more expensive than what you would get elsewhere. but nonetheless, they have so much selection and they are good.\nYOU MUST TRY THEIR <SANDWICHES>","useful":0,"funny":1,"cool":0,"type":"review","restaurant":{"name":"Fromagination","neighborhood":"Capitol","address":"12 S Carroll St","city":"Madison","state":"WI","postal_code":"53703","latitude":43.0733776,"longitude":-89.3850765,"stars":4.0,"review_count":163,"is_open":1,"attributes":["Alcohol: beer_and_wine","BikeParking: True","BusinessAcceptsCreditCards: True","BusinessParking: {'garage': False, 'street': True, 'validated': False, 'lot': False, 'valet': False}","Caters: True","GoodForKids: False","GoodForMeal: {'dessert': False, 'latenight': False, 'lunch': True, 'dinner': False, 'breakfast': False, 'brunch': False}","HasTV: False","NoiseLevel: quiet","OutdoorSeating: True","RestaurantsAttire: casual","RestaurantsDelivery: True","RestaurantsGoodForGroups: False","RestaurantsPriceRange2: 2","RestaurantsReservations: False","RestaurantsTableService: False","RestaurantsTakeOut: True","WheelchairAccessible: True","WiFi: no","Ambience: {'romantic': False, 'intimate': False, 'classy': False, 'hipster': False, 'divey': False, 'touristy': False, 'trendy': True, 'upscale': False, 'casual': True}"],"categories":["Restaurants","Food","Specialty Food","Cheese Shops","Sandwiches"],"hours":["Monday 10:0-18:0","Tuesday 10:0-18:0","Wednesday 10:0-18:0","Thursday 10:0-19:0","Friday 10:0-19:0","Saturday 8:0-17:0","Sunday 11:0-16:0"],"type":"business"},"user":{"name":"Ahran","review_count":121,"yelping_since":"2010-08-28","friends":["NNmUHKopKge-_39UpGkWhQ","BTLmN1gvrEQ_VTTtsB686g","n8ThCXTo2O0YcsVIjqN4Xw","NHr6Z0aDvvu3EBmhAg_yhQ","IFrL_HdL6o7ORZt8luANlg","Ia4Tkl10GRAOvYrl-Uewfg","SB99H6_FKCiTOvqYyYqueg","3FMK2LpNHcUyuY09_4bGFw","GsYR6ZKXIGdlfuc9loJHTQ","Kr38ub29S1nU6Uk7IoVlOg","FlQdQmE-m0AV8GuMcpoeiA","_vY8AQuh_LhZxAFhV97shQ","7U2cRTa3L6KUOD05L-5gew","m06LnRv3dJJABFe0-L9vDA","b6vXUJtW76_uguIeBthrdQ","RWAOOc7Wb0_WCpOcSWZgug","8RBR0hsNfWOGGqdHmAu_aQ","Sn-dZtqyZZ0tCaC80M-6YQ","kIiqE7Bs1S9UFjsd9TwOvw","yHXMXPBJrmsrP_6Ds21hxg","-JWKzWeEFGDGf2sE1JNQkA","w4Bpib7YwJAsGACs5GEPQg","f3xJJpUIFWmdZhhc912Leg","8lEywHSvti2UjFP8ODbnHg","y-5cEskemFiwQ2bKrrMwAA","eSS4cgO9mpy7_2rh6NNDWQ","ihXAz7lGvptjOFzmbwm_cA","s2n__eixW50VljwU270A3A","bLAsPiPSGp0FR9q7IXEoSw","lt9X5UT_zoxgZUzqk8sVxQ","d1hOyiECAbAVhQu5xC4qvA","_-J6ZlDbNPoqjYn-l-SnPw","8VI-uGl-qt_ltBTw7tL_wg","eWz272mQDO02gtI5KFmsJA","ISB5jPn1air2I-kR6oXQag","IME8JSKZSyW387ld6btGxA","KzTTS0A0QvSflNtqihA3CA","f1MFQxTZAWJnRQdrouLg_A","-XXxSthEst1LYCsNlrAWJA","8SHfnN92wTJoWhnbSDdwSg","aLc-ZYOeX83qiHtqyZQhEg","mlPlHSZDd5CbN4SkbVjpHw","By9pvkDDu8PrFRqkRrwL9w","HU8VxUn-hDsKBGKzie9TvQ","bXwZ86LHDjW2iEAQcPPDtQ","-G4BoickD36tIDdZtl6isA","BzLUyHSJrl-lUVWw9rqlvQ","TJk0R2UUl_1lYV-YG3Ug2Q","C-YKDqSWocx0JfRqbv6irw","FFDi-vtZvxTuiItZDrdXrg","3bnoWZKg2MydPm9X32zz9g","puC2_smLna4fYDEpbU4DCw","hTUv5oh2do6Z3OppPuuiJA","2ktHLC_KSwjcors0kqoMNg","OcteA4PUeBJHPEb0o5Novw","w5ZlLW1X_6KQjs5x0YhYHA","7Pw2eIAvZLlO0BzCFCI-Mg","kxCEgDfq7hCn2ym-jMMK2w","eeMApUT5MuV-feIm0OV09w","KXdWcY53YJdCUgYbBoeX2g","Xn7LRt23m3A-VnF6gxb2Jw","hNx1V1H_rq-Dth-Ln9cLfg","X__aiqE2fOLZZgycKxuehA","3BiL1QFjzE-tkz1vxFUVwg","VclggWVKtF2mZq8jssgG3A","37NFQKr7ySAFhC7IStaEOQ","6tbXpUIU6upoeqWNDo9k_A","uAL9HaTJHKJVLOaTullgpA","WYLkyYXOXtQoblF941gTng","wCWp_WaUgelZkDXoREc2iA","Nh5yVcN54I4VzNjYDn80vw","i3tt1Z1gS8iRY5Sw1tk79w","vzXcMrerD7bSe4uwrPMOXw","A0f7VpNGRJnR8Oq6wvFZeg","Y7_PMFzxjM1L8iFpy8GyNg","9TVhhy755yUEOBXn922pjw","6OB3Fii3f7nnoJbWbQuO5g","3Kb__MMU4W2BH3Ja7TR6Ug","Zv11Okrpq5wEe61Vlzztpw","rv6HxcXQ5KJPMBXuTGn7NQ","TMmY-kDlpUcCfhb_WjEuYQ","shux03KqDQumOn_lzTwHeQ","kKTcYPz47sCDH1_ylnE4ZQ","GPRrcYe-1SDTlO0HYAF7cA","d-lzusSagnkDuiyLlfF5pw","LdXiX5lnodCy2wfblYM73g","T0ySsJs5csLGBjrlMw6ptw","FiywxhqxV8ajW1xMavqVxA","JI0fiWQpib6fh5eecuxqTg","8PlQXdi_eZzOOywJGD9bcw","n4Y6wdh6om3QtIFlWakfDQ","tK39ffDi-C1xJWv5LgI-Pg","u8WIVYVQxiAFJWLdjJNkIQ","FFa61BoWvUTxlweWGQ1I-A","IUv_0Bu2lrQEsEdyeu1SpA","j41c8j-s7I8T87tzpkdIEA","CQOYep86EMf47dKz5DJr_A","hkO94fU62gwwZvKFpoG1KA","7kTUwnz4xpirWyeqap24tg","LejQ1PKzX_VQYZ6RIrAWew","2KWAtP0jUJ7gVq_-5aSreQ","MYljK6wEK2cZQiUSibAvgw","IsMxyImWGN4oReSz5TTATw","Fb95jjmjsI9U-SGjI2i4Cg","_1bqrxw_4htU3pb3jDPXqw","LaKI-Cpa4X8_FFHSOLM1wA","1snscCfFZOtDIRxw30qTOA","VF1tY2R4VtiQKCuAlJA2Hg","rE6m48_NcFT_hYLipGF__g","rof9DyrMxiWY1NyQHtjeDA","98F99jhgyGR60B1oCBfdDg","9cgERZX8XeGVoNQAxnkMkQ","2VOq1i2KHpVV5GLUAYfqSg","HaZvqSQV2KueP6lzfuvBqg","ZxnEBXV8DrsC_oG67OvjTg","UayQZl7pTjCt_b8NaHFRzQ","PbzT2isHNleru3wk7Nj4bA","MeDuKsZcnI3IU2g7OlV-hQ","UUqGHQFu2tQDGv5r3yJWPA","Pi6sgUO6jYp7kkSdcrj9jQ","CyyCxdVLae5mqh3dC5mrAw","RQbkQqy8LxCIlecUNVFAhA","QVK2aHwCL55_uhq6eBk5rg","qWDf-iB6yAUOMaK5FO5eeA","NzD053-KNB1wEjxg6zaNrQ","MG4rRcQ1xUaAJ9iE5tnBCA","q2vt96WEQ7_pnCmMYbSzjg","mdYr9PP6Qy4KHGfLjKpUhA","Wgz1TRHGm0O6vH6SUgtl7A","1uEdGKUKiEaIGCUKhOE0YA","tdBi_A1RXshwi9Mwjo3xKw","esPHblgdDBO1IMT6oejZyA","xZIS0iyY463Pxv9_v8GBTg","Cp_iZkSq_vzn9SvoPjAFOw","dz7F5E3Rpxeq2hCGGmNTJA","Kc1ing8vGKQYW9Ohihf8yg","8qS-vrcODHBmYYha3wZ4Tw","kzJ9tDUT8vT8aLtW3qpWIA","EdbeBDYmDR2txDvEZS5-kA","W7XnjutK9kVKsE3u0xCIPA","643LxS0W7XGynAuB1cEWuA","indutEEEnXIGGYzTdGmT4w","AbMjnKOwg736fcIu8apuyQ","z1iihEUZ-Q1oVr0MdzY56g","0Pd6TLk5ndYEWDnXeE5X9Q","ldrAHeH60B1GqXsMYVUiHA","mCQTvjDNDC1QIYa27eB3wQ","PZP00Ho8aRFcG-W2iYCU3g","kV-zOU4SBdSfKmAkXzZP6g","nhRB3GQzwa7WvLbgZ1eMUg","KeiHlQQtFbjVEWB0KZFbBg","7vTfFLJa3TIdaqsvxjeCMA","OBg1CvpwQDPOSFRE4izdyA","FciLw-n92DqtC3A7sMptmA","pcu3n1omfBSYN0r7P9CjfQ","syA7uYoDjohc7gWBWaEZmw","E0nWYfr3XJxSHpR2yWQfAQ","SMLaa2b2OjPJIivuu2W7iA","fuiF-KyleMlLV7sw_6_kdA","jCtecRx7fvkkUm4_h0rDbg","4wftGgvrTitd97vDIoafCQ","gEDu6_ZgdsBOtOy1MjdH3g","anLI-GoORByCBlXjrUrW5A","RY5Z8l6jxGaodzJaMa9-eA","6-VKnE7_ZORY954TcAeaLA","IWFJQ5Jc3yokIzSFyVajNQ","NZTikDzWcJcAdVIqQxJDcw","6IIrIdHfwPk6680r2ZABYQ","W0I0kYa9-qAvWJW92CjObg","yLBlRgnij1uyjYJyRM2y6Q","5O3kf9wRyXxRRcI_8CYOog","TBQZLe1EG41HpVJwQ0Jg1w","M2n7ORVCKYa0rnmSucRoWA"],"useful":17,"funny":7,"cool":6,"fans":19,"elite":["2017","2016","2015"],"average_stars":3.47,"compliment_hot":7,"compliment_more":3,"compliment_profile":1,"compliment_cute":0,"compliment_list":0,"compliment_note":6,"compliment_plain":10,"compliment_cool":16,"compliment_funny":16,"compliment_writer":9,"compliment_photos":3,"type":"user"}}
