{"review_id":"xXvtwOuO0WLjQd7tSvtv7g","user_id":"GrUCjpll6wTlcEhjuabHTA","business_id":"aWYWNfHuQJyRwDHaHq8X1w","stars":3,"date":"2013-12-27","text":"Returned after a long, well-deserved hiatus to find that the food has improved greatly. I had the <chicken fajitas>, and it was enough food for about three days, no kidding. The Mr. enjoyed his <steak tacos>, as well. Drinks are still ridiculously overpriced, but I'm finding it amazing how much of an impact switching to soda has on your overall bill, not just here, but everywhere.","useful":0,"funny":0,"cool":0,"type":"review","restaurant":{"name":"Tex Tubb's Taco Palace","neighborhood":"Williamson - Marquette","address":"2009 Atwood Ave","city":"Madison","state":"WI","postal_code":"53704","latitude":43.0920977,"longitude":-89.3547317,"stars":3.5,"review_count":242,"is_open":1,"attributes":["Alcohol: full_bar","Ambience: {'romantic': False, 'intimate': False, 'classy': False, 'hipster': False, 'divey': False, 'touristy': False, 'trendy': False, 'upscale': False, 'casual': True}","BYOB: False","BYOBCorkage: yes_free","BikeParking: True","BusinessAcceptsBitcoin: False","BusinessAcceptsCreditCards: True","BusinessParking: {'garage': False, 'street': True, 'validated': False, 'lot': True, 'valet': False}","Caters: True","Corkage: False","GoodForKids: True","GoodForMeal: {'dessert': False, 'latenight': False, 'lunch': False, 'dinner': True, 'breakfast': False, 'brunch': False}","HasTV: True","NoiseLevel: average","OutdoorSeating: False","RestaurantsAttire: casual","RestaurantsDelivery: False","RestaurantsGoodForGroups: True","RestaurantsPriceRange2: 2","RestaurantsReservations: False","RestaurantsTableService: True","RestaurantsTakeOut: True","WheelchairAccessible: True","WiFi: free"],"categories":["Restaurants","Mexican","Tex-Mex"],"hours":["Monday 11:0-21:0","Tuesday 11:0-21:0","Wednesday 11:0-22:0","Thursday 11:0-22:0","Friday 11:0-23:0","Saturday 10:0-23:0","Sunday 10:0-21:0"],"type":"business"},"user":{"name":"Nina","review_count":163,"yelping_since":"2008-03-24","friends":["wmJsu8F-82nLLxq2cNASOA","CnVH7Tvy7THh8L-rnVDh5A","T4l-dSAOssJaP1-_Vdzm4Q","3E-0Sv6Cy_i0YAj3SPg9Yw","aAkgdSmtodnACuCUPsjOBA","8teQ4Zc9jpl_ffaPJUn6Ew","ETFZW7_3cSRL7h7GqocIMA","HiBTbv4amlmTBMA3noa8Cg","8ZLAklUl3vS9cnlwpv3v5g","wd3xoNaDLib8dhQ7BxUl6g","JKzqdJ8Xe7uHHcQo5vthNA","YNPOl4PyOIpnJq17RPMbhA","1ZA29D4wWpJgeR2tJZkUcw","3LC2sKfvz_nWuJquUDsNnw","WWh7FDHofUPVdgorHekQ2g","NEt1p7vXOZFvee3mPE2q2w","dxjehLpGgh08vby2BksV6g","EKjpxH__JX8Y2dqhtcUksQ","0kw4D_FV1iHGQfYjOoskFg","Q9XRY2W9AyUX8o7Mk7Y_Bg","w53Wn9P0Xp_Kjf8rqPUF1A","MwrVty-K-1moZ5omVOBOJA","LgaOupJKBudIO5CglhB68A","d3rY1WF-f8iG5n4sPSXY1Q","-EV-dBt805PoVOJv2URNZQ","R6-3KTxBU37RB5KQDNLJCA","lUK8gBrgug7narNsS_FBiA","YkVWB4xpxp6BmzvRRzlAgw","k_w-HCzHA-sLNItLOc6S-g","tc7oZmXuSLsHkTORt8YZHA","duku8ZJEzJC3_E8602coqg","FqNT4NXpauSXVzP9TXHkMg","MXAVGIL1zDEcUcMH_GefcQ","fJ_qSZH_akvWzHUPMqab1g","RTWsMisf73pGnbagf1vmvg","KV8MaEP95M2af-r_oL9JLw","cDhs0eRMGtVVXzr5eiGiIQ","Fp_7Up81ctVeG7yLTB88sg","f7Emr9Q4H5r_jO_DW3QuIQ","vnLFtoP3NX0PHKowmAL-Gw","vqO9GPq_xENqhdxkmVHe4w","KGY_eZHm3AderjlcnLhoRw","r-zUIQPaHzvIyL93wQaoiQ","0sny_m7E2HJy4-ADPPJaJQ","JUT0U3HTSB3kz9Wh7N0GqA","5R0JpuYnMkXQsK_YPKP_PQ"],"useful":1083,"funny":212,"cool":63,"fans":8,"elite":["2012"],"average_stars":3.2,"compliment_hot":4,"compliment_more":1,"compliment_profile":0,"compliment_cute":1,"compliment_list":0,"compliment_note":10,"compliment_plain":7,"compliment_cool":4,"compliment_funny":4,"compliment_writer":4,"compliment_photos":0,"type":"user"}}
