{"review_id":"0oz942f2fliJsBpSrd4lbg","user_id":"oJaehBnjYQ7nYhcPzeLm8g","business_id":"crBw_Hq3gCkppirgjnIl4A","stars":5,"date":"2014-09-16","text":"This is probably the best deep dish/stuffed <pizza> you will find outside of Chicago.  Their hand tossed and thin crust are also delicious!\nFamous Yeti's is locally owned and you can tell they put a great deal of attention into making each pizza a unique and delicious experience.\nTheir pizzas include many house made recipes, it spoils you for the frozen stuff or the big chains. Crust, sauce, <giardiniera>, and sausage are all amazing recipes created by the the Yeti himself.\nThe menu is a treat to read - their pizzas, sandwiches, and salads all have unique yeti-themed names and a great description to go along with them.  I highly recommend checking the menu out just for laughs http://www.famousyetispizza.com/\nThis pizza is worth the drive to Stoughton, and a great treat if you are in town!","useful":2,"funny":0,"cool":0,"type":"review","restaurant":{"name":"Famous Yeti's Pizza","neighborhood":"","address":"971 N Page St","city":"Stoughton","state":"WI","postal_code":"53589","latitude":42.9265263,"longitude":-89.222592,"stars":4.5,"review_count":38,"is_open":1,"attributes":["Alcohol: beer_and_wine","Ambience: {'romantic': False, 'intimate': False, 'classy': False, 'hipster': False, 'divey': False, 'touristy': False, 'trendy': False, 'upscale': False, 'casual': True}","BikeParking: True","BusinessAcceptsCreditCards: True","BusinessParking: {'garage': False, 'street': False, 'validated': False, 'lot': True, 'valet': False}","Caters: True","GoodForKids: True","GoodForMeal: {'dessert': False, 'latenight': False, 'lunch': True, 'dinner': False, 'breakfast': False, 'brunch': False}","HasTV: False","NoiseLevel: average","OutdoorSeating: False","RestaurantsAttire: casual","RestaurantsDelivery: True","RestaurantsGoodForGroups: True","RestaurantsPriceRange2: 2","RestaurantsReservations: False","RestaurantsTableService: True","RestaurantsTakeOut: True","WiFi: free"],"categories":["Pizza","Restaurants"],"hours":["Monday 11:0-21:30","Tuesday 11:0-21:30","Wednesday 11:0-21:30","Thursday 11:0-21:30","Friday 11:0-22:30","Saturday 15:0-22:30","Sunday 11:0-21:0"],"type":"business"},"user":{"name":"Tess","review_count":17,"yelping_since":"2013-08-11","friends":["8moORij0GNst25t1UsYwzA","rOOPgGiu_-LpUJuJXnDC8g","JQhOnIgDALdsXQkUwk7Z0A","yCVjdjgkstYLadlt05Q2PQ","t_8SOrCl_wC94KNmRXF3OA"],"useful":20,"funny":2,"cool":0,"fans":2,"elite":["None"],"average_stars":3.59,"compliment_hot":0,"compliment_more":0,"compliment_profile":0,"compliment_cute":0,"compliment_list":0,"compliment_note":1,"compliment_plain":0,"compliment_cool":0,"compliment_funny":0,"compliment_writer":1,"compliment_photos":0,"type":"user"}}
