{"review_id":"eKkq2oCvIZf81JCMRKes2A","user_id":"WR4C0U4EML6kzwWDGDsGdg","business_id":"JtJnFY3tThBoxpDMxLFLow","stars":3,"date":"2015-07-08","text":"Stopped here for a breakfast <sandwich> on a recent Sunday. Place was a little hard to get into given it's location. \n\nDecent, if not the largest, breakfast menu. But it was so hot inside the place, that it felt much better to sit at one of the two tables outside, even though it was in the 80's and quite humid. \n\nWent with the breakfast <croissant sandwich>. I would say it was good, but not great. Big portion size which helped, and the mixed greens on the side were a nice complement. But the <croissant> itself was a little stale, which is disappointing for a place with the word <croissant> in it's name. Was hoping for a little more. \n\nOverall, much better option than McDonald's or another chain for a breakfast sandwich, but it is certainly not cheap at $9 for a breakfast sandwich and some greens.","useful":1,"funny":0,"cool":0,"type":"review","restaurant":{"name":"Le Petit Croissant","neighborhood":"Summit Woods","address":"1310 S Midvale Blvd","city":"Madison","state":"WI","postal_code":"53711","latitude":43.0383601531,"longitude":-89.4519029194,"stars":4.0,"review_count":36,"is_open":1,"attributes":["Alcohol: none","Ambience: {'romantic': False, 'intimate': False, 'classy': False, 'hipster': False, 'divey': False, 'touristy': False, 'trendy': False, 'upscale': False, 'casual': True}","BikeParking: False","BusinessAcceptsCreditCards: True","BusinessParking: {'garage': False, 'street': False, 'validated': False, 'lot': True, 'valet': False}","Caters: False","GoodForKids: True","GoodForMeal: {'dessert': False, 'latenight': False, 'lunch': False, 'dinner': False, 'breakfast': False, 'brunch': True}","HasTV: False","NoiseLevel: average","OutdoorSeating: False","RestaurantsAttire: casual","RestaurantsDelivery: False","RestaurantsGoodForGroups: False","RestaurantsPriceRange2: 1","RestaurantsReservations: False","RestaurantsTableService: False","RestaurantsTakeOut: True","WiFi: free"],"categories":["Food","Bakeries","Coffee & Tea","Restaurants","Cafes","Sandwiches"],"hours":["Tuesday 7:0-15:0","Wednesday 7:0-15:0","Thursday 7:0-15:0","Friday 7:0-15:0","Saturday 7:0-15:0","Sunday 8:0-14:0"],"type":"business"},"user":{"name":"Josh","review_count":51,"yelping_since":"2013-08-28","friends":["qicfL1XSN9r4Y_AMVV1bOA","EwtZVMR5iZIf6EBuTtW57w","gNa6Xv8qr6OR6Pp4d-gYFw","ml_2-LqBEwf0ldqhzEvuIw","pEYgpK63gMWi2jjFv4qxCA","par0XgX8BFDw6vhV5nEJmQ","lvN7cor2EHNfjuzBxKcv8A","6mVvq2zMrukN89_oyGBlhw","l0nV_PPynrEybn67ybHkuA","62eMyaAKOa7_L8297M_C4w","eRcWQeaqaDvY1vfhoal9jQ","gjGwWkejqMRNHo3ytqcagA","4TslhPr80YU_81ykSp2a9Q","3zGzetgKPUYjaK45_6x49w","C88SPZcu-cm4J7hoqkW_Ig","gfI0QD6QRY4XVIVwWWx7Sg","IF5o5tq8XQ_Mw4bLcAFaCQ","H6FarqszYOMKey2yWkyOYg","nVZzWwpYBWim6WoJWlt-QA","XjODvDjT17qwocJrEjzh0Q","Zog7v9pwGJmxnwjzRYJ1GQ","ePuH7EHVhfqqLHDnZU3luQ","tyRPN1zIyBhZcz4GHalP2Q","5MKqkzDbludCpSqBlZU3Kg","5UZRN4pH5_jXSSyEUFh9xw","LHwA0e6nxGkK25cKqhZijw","FJFKiMNdK1Y9G85wv3f-5A","oWyvFaQ6ieBOaMjLfjxLfA","epyMNe8CNIZGnrThVccchg","Pnt6vkD810mgfmFX2X5wRw","CJ_R2hEna4_PBwYoFig5Sg","_UrgR8x-enYzt-XgnjJ3wQ","395Z_779saGrJG0T1szMSg","vlw5_DID8LnUnGzVc-jkEQ","ieo7KVlOv7MgO3eAAV5gLw","j8kyNTE67tXLuekvkw7LUA","U0i22mmNCt5T-aSsriN7ow","YtyFFKfSBB2XeR-IFXuYRw","Thyv035KHSJ_wqJP8Zvwag","ujEa6WZhc3aAWwTQriEXuQ","fJ_qSZH_akvWzHUPMqab1g","08ZpzLuPttfp8xtq-uLFFw","J-dNp_p5rQ_CIL1wDUJJaA","dTRtnTQ2m0Bxv5sUrekOJg","rKWacsMFxw4ITgvgbfLTag","0AfZpdFj1mnOpejYd9twtg","20fGeuNEr6o5e4AwMfziAw","_MEHwLWHWCA53J7FZJ8POg","ugp6uAtD95OyxpjOze9FNg","52vC0SDOqSLHDzOzv6UC9A","3v8MvGAJcuURAXeX0CQBxA","mTeDQVCpW7SANtLZSN0Qgg","f7Emr9Q4H5r_jO_DW3QuIQ","cyOm35-cdBCSg-yk-fA-eQ","w2nijFPw-H1gBpuP9zk02w","bI3vQ74vsuBjSa4K156tOg","x3xSz41pfaExhUNKzsKksg","Z7GYfqJeA3rLH7nBSDeM3A","adtOywpRnG5-4mjQMQE1FA","qF5tlZMHWCbRhPdY2kssow","gr0oKTAOm1EJrJ8PZnIJwQ","3S7cA5U-pGl1mC_9J0nTcw","H7R5DbLzBsxCb5xG4227eQ","dCE1Jdgnp2DKuuN3KaV-1Q","KoaxlBpPKlPUmxd04o44KA","mUHJuirfyq3EsgNbhTkj2A","IPpdKCWfL_p0l6RGQzpJ8w","smgxmTt1xBWz9IyjngwVXQ","GtIyT1DvrkKfj87dgZxbkQ","nQAM59y5RCiqerT3thcr6g","eijYqJvjvu_g8KTCY3TgVQ","-cvyJnJNJaH0DgO-TZRglQ","KNr4vy5EFflCBTVWiFW_MQ","d0sgJ5SV_G9Fhzexs8GFWg","HdDw0sRpjFs2K6tVk7KSug","cgKeHRc8hGmDiiukyT1AUg","vjwl5B7cyqMAyd_uYhW-eA","SSQyTLX0K1epop2LB0ZdFQ","ufAOmoFD8DtVFXBlpC8vnA","7a4ZM_hBgvsCtcHXUeiDCw","saJfHm3w2dWNBVXISx23Bg","mQhrtJa6lz_qb42LJyp37A","psQN1g63zyCfGcwUh4Eo5Q","i_acgulPFEoKw7YVHnuyVA","HNycc5PctOiR2PXb-TFCIQ","gLBNvRDuI0BdGWIN83rQtQ","-4RlYtfPG53YSX7pjBBoUw","xv1cao2VtKqalfLY0T2N7w","Lffoa9dLekVogNybmnS68g","fpuwZ6RMNWsDlIhJCzl8Cg","NejDXb35aoQjhdXN3zDI7w","YttDgOC9AlM4HcAlDsbB2A","DuyAXM4LbFhmvaMDPe4W_g","l4GBdyLjIxBasJtZny2KdQ","lSkgKm18gg4-5KMGUrL8Dg","JUT0U3HTSB3kz9Wh7N0GqA","PsTPMI3wGwkPyemGW_tJPQ","PtLJoQaAsQHAnnZTMhy-eA","Ph5dafMGOxyiZmu_MXisQw","fEpx3UgxWdlesC8ezYt0pQ","wd3xoNaDLib8dhQ7BxUl6g"],"useful":56,"funny":15,"cool":26,"fans":2,"elite":["2015","2017","2016"],"average_stars":4.1,"compliment_hot":9,"compliment_more":0,"compliment_profile":0,"compliment_cute":0,"compliment_list":0,"compliment_note":7,"compliment_plain":6,"compliment_cool":9,"compliment_funny":9,"compliment_writer":5,"compliment_photos":3,"type":"user"}}
