{"review_id":"DCYjeVBmCL105AHAdovxaQ","user_id":"tB0SgriNcxao2DnP3wg_Pg","business_id":"_dcX-gXs3VxTBmURWdnTOw","stars":1,"date":"2015-10-03","text":"We were very disappointed.  My <salmon> was marginal, very small portion for price and fries were Luke warm and soggy.  My hubby's fish was mushy and not hot.  Overpriced, tables too close together in the far room.  The beer choices were good and my salad was cold and crisp.  We will not be going back.","useful":0,"funny":0,"cool":0,"type":"review","restaurant":{"name":"Buck & Honeys","neighborhood":"","address":"804 Liberty Blvd","city":"Sun Prairie","state":"WI","postal_code":"53590","latitude":43.1994537233,"longitude":-89.2261479996,"stars":3.5,"review_count":129,"is_open":1,"attributes":["Alcohol: full_bar","Ambience: {'romantic': False, 'intimate': False, 'classy': False, 'hipster': False, 'divey': False, 'touristy': False, 'trendy': False, 'upscale': False, 'casual': True}","BikeParking: True","BusinessAcceptsCreditCards: True","BusinessParking: {'garage': False, 'street': False, 'validated': False, 'lot': True, 'valet': False}","Caters: True","GoodForDancing: False","GoodForKids: True","GoodForMeal: {'dessert': False, 'latenight': False, 'lunch': True, 'dinner': True, 'breakfast': False, 'brunch': False}","HappyHour: True","HasTV: True","NoiseLevel: average","OutdoorSeating: True","RestaurantsAttire: casual","RestaurantsDelivery: False","RestaurantsGoodForGroups: True","RestaurantsPriceRange2: 2","RestaurantsReservations: True","RestaurantsTableService: True","RestaurantsTakeOut: True","WheelchairAccessible: True","WiFi: free","Music: {'dj': False, 'background_music': True, 'no_music': False, 'karaoke': False, 'live': True, 'video': False, 'jukebox': False}"],"categories":["Steakhouses","Restaurants","Breakfast & Brunch","Venues & Event Spaces","Bars","Event Planning & Services","Nightlife","Wine Bars"],"hours":["Monday 11:0-23:0","Tuesday 11:0-23:0","Wednesday 11:0-23:0","Thursday 11:0-23:0","Friday 11:0-0:0","Saturday 11:0-0:0","Sunday 10:0-22:0"],"type":"business"},"user":{"name":"Emily","review_count":16,"yelping_since":"2015-05-10","friends":["None"],"useful":10,"funny":0,"cool":1,"fans":0,"elite":["None"],"average_stars":2.82,"compliment_hot":0,"compliment_more":0,"compliment_profile":0,"compliment_cute":0,"compliment_list":0,"compliment_note":1,"compliment_plain":0,"compliment_cool":0,"compliment_funny":0,"compliment_writer":0,"compliment_photos":0,"type":"user"}}
