{"review_id":"KZAdS8_s7s_SI5Oji2YavA","user_id":"fuoYjsuU7qy1RlCMEZ0xfA","business_id":"vahVdHsH5HjThT0Sa2mThQ","stars":4,"date":"2008-09-19","text":"Nice low key place. I was half mesmerized by the presence of TVs all around the wall of the bar. So if you're a sports bar type of person, this is definitely a must-check-out for you. \n\nThe bar could use a few more bartenders - two guys splitting their time between making drinks and grilling the delicious food doesn't really work too well for a quick service. \n\nThat said, their food is delicious. We ordered <cheese curds>, <onion rings>, and <chicken wings> for appetizers. All of them came out hot and super crispy and just darn good greasy delicious. I ordered the reubin sandwich, which was also awesome as well.","useful":1,"funny":0,"cool":0,"type":"review","restaurant":{"name":"Wilson's Bar","neighborhood":"Schenk - Atwood","address":"2144 Atwood Ave","city":"Madison","state":"WI","postal_code":"53704","latitude":43.093214,"longitude":-89.350403,"stars":4.0,"review_count":25,"is_open":1,"attributes":["Alcohol: full_bar","Ambience: {'romantic': False, 'intimate': False, 'classy': False, 'hipster': False, 'divey': True, 'touristy': False, 'trendy': False, 'upscale': False, 'casual': False}","BestNights: {'monday': False, 'tuesday': False, 'friday': True, 'wednesday': False, 'thursday': False, 'sunday': False, 'saturday': False}","BikeParking: True","BusinessAcceptsCreditCards: True","BusinessParking: {'garage': False, 'street': True, 'validated': False, 'lot': False, 'valet': False}","Caters: False","CoatCheck: False","DriveThru: False","GoodForDancing: False","GoodForKids: False","GoodForMeal: {'dessert': False, 'latenight': False, 'lunch': False, 'dinner': False, 'breakfast': False, 'brunch': False}","HappyHour: True","HasTV: True","Music: {'dj': False, 'background_music': False, 'no_music': False, 'karaoke': False, 'live': False, 'video': False, 'jukebox': True}","NoiseLevel: average","OutdoorSeating: False","RestaurantsAttire: casual","RestaurantsDelivery: False","RestaurantsGoodForGroups: True","RestaurantsPriceRange2: 1","RestaurantsReservations: False","RestaurantsTableService: True","RestaurantsTakeOut: True","Smoking: no","WiFi: free"],"categories":["Bars","Sandwiches","Sports Bars","Restaurants","Burgers","Nightlife"],"hours":["Monday 11:0-2:0","Tuesday 11:0-2:0","Wednesday 11:0-2:0","Thursday 11:0-2:0","Friday 11:0-2:30","Saturday 8:0-2:30","Sunday 8:0-2:0"],"type":"business"},"user":{"name":"Mio","review_count":282,"yelping_since":"2007-08-25","friends":["AIhfuFmX62k7a22gXXAB2Q","Uq4X9I3T0oeYDYnElVAsUA","YXkvzih14LdB0y4kDwEVkg","2_vIN91MFZZ9_GUXv-p5sQ","YrlNGnrofZHseVYxrLrvJA","LBGVtPFlxkzAWJPW5KhPNA","2rFnfsP0J69mB9_Ax4zbOA","LmnaRwoFIR-6H0M5k0mHEg","4go2H9Os9mJ8_mfpnnFI0A","4-6woUAObqyJ2qkquuNb8w","dkrvwEFX6_2EC3_zALOUqA","HC3qUE9dkecOM_gycTeWbw","swN__VyeFg6O_BFR0x5ZeA","BL4QwgZHFKHuo88ClnUf_A","vOyyDaJ2TL5x18ojmJ4jLw","G0FGeAGBj7IUFgCidXaSqg","OD84FrNUi2v8e1xJN1AGXw","GPKYStqHcKtNYVLy2PvgoQ","SOegnrCTG9gPmrQMU6x82A","Jc2z7iFZlsGD1XtjoW64lg","5v8D3YsyhsImEq7s-DrIAQ","YSb8JRyI75M8FkbYWLH4UA","AHz3sGxkZjAzv8uu0Q9hqg","3Vd_ATdvvuVVgn_YCpz8fw","0F0wU6GMCJisYQrbE1lLow","f7Emr9Q4H5r_jO_DW3QuIQ","LYo9OzDPZa3rZuMbWJOTVg","mH_vxQd4iLSX-ru29bbLaw","RTWsMisf73pGnbagf1vmvg","MPozTU7MRVKYISO5prvzdg","gNyQ8VrJbRhJ9Iiiqi5wqQ","ykfJaB5evVV7Qp9mbIzVKg","CH9VC7aLLsV8NFdaoU_uog","NsuNhP-TDPhiurfuacodnQ","AZCdyyRBBH1N5GgYiwD2RQ","lXXlZVjjMEJh1vs0RLBn8A","e9bVxMuG-1NIJWqT_pDEmQ","_sOTXFqyqC6svD1xbUIEvA","-zKjaln53XYxz595G31fRg","wLwUmIpvqDXPgrNhB5V7SQ","x7mgAPqMwX9GmkohdhNneg","eCbktsH_beVaMmQ3mXnMtg","2fhHITSZHqm6p8Gi5mN0eg","dzevVnUgjbd5744dNIgCTg","JUT0U3HTSB3kz9Wh7N0GqA","TBld0yjxnopCz_faRFIuxA","e0lV0WyRCYbYs9k6chh8YA","cW3qj16hUBeRuySj3ScoMg","RltxaRS89a5jtGW2KniNKQ","3L7nHnaeSHSdZXzV_vdvAQ"],"useful":38,"funny":5,"cool":5,"fans":22,"elite":["2013","2014"],"average_stars":3.75,"compliment_hot":7,"compliment_more":0,"compliment_profile":1,"compliment_cute":0,"compliment_list":0,"compliment_note":13,"compliment_plain":7,"compliment_cool":12,"compliment_funny":12,"compliment_writer":9,"compliment_photos":0,"type":"user"}}
