{"review_id":"YQniuKPKpHqsq5dXK1neQg","user_id":"B0yJ3KQIEqQejlnw9vmLoQ","business_id":"aWYWNfHuQJyRwDHaHq8X1w","stars":5,"date":"2016-03-30","text":"I've been here a few times now and I absolutely love it. It's a great spot for vegans and vegetarians as well. Great margaritas and salsa bar.","useful":0,"funny":0,"cool":0,"type":"review","restaurant":{"name":"Tex Tubb's Taco Palace","neighborhood":"Williamson - Marquette","address":"2009 Atwood Ave","city":"Madison","state":"WI","postal_code":"53704","latitude":43.0920977,"longitude":-89.3547317,"stars":3.5,"review_count":242,"is_open":1,"attributes":["Alcohol: full_bar","Ambience: {'romantic': False, 'intimate': False, 'classy': False, 'hipster': False, 'divey': False, 'touristy': False, 'trendy': False, 'upscale': False, 'casual': True}","BYOB: False","BYOBCorkage: yes_free","BikeParking: True","BusinessAcceptsBitcoin: False","BusinessAcceptsCreditCards: True","BusinessParking: {'garage': False, 'street': True, 'validated': False, 'lot': True, 'valet': False}","Caters: True","Corkage: False","GoodForKids: True","GoodForMeal: {'dessert': False, 'latenight': False, 'lunch': False, 'dinner': True, 'breakfast': False, 'brunch': False}","HasTV: True","NoiseLevel: average","OutdoorSeating: False","RestaurantsAttire: casual","RestaurantsDelivery: False","RestaurantsGoodForGroups: True","RestaurantsPriceRange2: 2","RestaurantsReservations: False","RestaurantsTableService: True","RestaurantsTakeOut: True","WheelchairAccessible: True","WiFi: free"],"categories":["Restaurants","Mexican","Tex-Mex"],"hours":["Monday 11:0-21:0","Tuesday 11:0-21:0","Wednesday 11:0-22:0","Thursday 11:0-22:0","Friday 11:0-23:0","Saturday 10:0-23:0","Sunday 10:0-21:0"],"type":"business"},"user":{"name":"A","review_count":3,"yelping_since":"2012-06-28","friends":["None"],"useful":4,"funny":0,"cool":0,"fans":0,"elite":["None"],"average_stars":4.0,"compliment_hot":0,"compliment_more":0,"compliment_profile":0,"compliment_cute":0,"compliment_list":0,"compliment_note":0,"compliment_plain":0,"compliment_cool":0,"compliment_funny":0,"compliment_writer":0,"compliment_photos":0,"type":"user"}}
