{"review_id":"Jy5V0TvRyi2_HOOsMcoGhg","user_id":"etwAcsScsnolvh0VljGT7A","business_id":"hoqk5SFvERVDJVXUaFLpLQ","stars":4,"date":"2014-01-05","text":"This was my first bar I ever went to in Madison and even though there are so many great places, I still keep coming back to here. Though the food is a bit greasy, the staff is excellent (4 of the 5 bartenders I've had have been outright hilarious and lots of fun) and the smell of <chocolate chip cookies> wafts over the bar area... what's not to like? My boyfriend likes their beer list, I like their wine list, and thus we will keep coming back on quiet Sundays for day drinks and football watching.","useful":0,"funny":0,"cool":0,"type":"review","restaurant":{"name":"The Tipsy Cow","neighborhood":"Capitol","address":"102 King St","city":"Madison","state":"WI","postal_code":"53703","latitude":43.074727,"longitude":-89.3815378,"stars":4.0,"review_count":270,"is_open":1,"attributes":["Alcohol: full_bar","Ambience: {'romantic': False, 'intimate': False, 'classy': False, 'hipster': False, 'divey': False, 'touristy': False, 'trendy': False, 'upscale': False, 'casual': True}","BestNights: {'monday': True, 'tuesday': False, 'friday': True, 'wednesday': False, 'thursday': True, 'sunday': False, 'saturday': False}","BikeParking: True","BusinessAcceptsCreditCards: True","BusinessParking: {'garage': True, 'street': True, 'validated': False, 'lot': False, 'valet': False}","Caters: False","CoatCheck: False","GoodForDancing: False","GoodForKids: False","GoodForMeal: {'dessert': False, 'latenight': False, 'lunch': True, 'dinner': True, 'breakfast': False, 'brunch': False}","HappyHour: True","HasTV: True","Music: {'dj': False, 'background_music': False, 'no_music': False, 'karaoke': False, 'live': False, 'video': False, 'jukebox': False}","NoiseLevel: average","OutdoorSeating: True","RestaurantsAttire: casual","RestaurantsDelivery: False","RestaurantsGoodForGroups: True","RestaurantsPriceRange2: 2","RestaurantsReservations: False","RestaurantsTableService: True","RestaurantsTakeOut: True","Smoking: outdoor","WheelchairAccessible: True","WiFi: free"],"categories":["Restaurants","Bars","Nightlife","American (Traditional)"],"hours":["Monday 11:0-23:0","Tuesday 11:0-2:0","Wednesday 11:0-2:0","Thursday 11:0-2:0","Friday 11:0-2:30","Saturday 11:0-2:30"],"type":"business"},"user":{"name":"Christy","review_count":60,"yelping_since":"2009-02-21","friends":["rYw02ZeTdyYkAJMEcTB9xQ","qV4aLTD54BpQ0wOSuT3isg","6Mggpt69-OBckSHgMe2OfQ","cBeDorvjz1IjxM8Fpf5QYg","lTlB6iX0jWnNLGkjJdZRYQ","SAK59ThK-DNjbKgbvHeJbA","X9i1eVqRnjkBraODgWnv5Q","g0lZAilNKqlfQTNLUtWp3Q","682ivlLd3w4ZbGFOYFTC0A","G0nBEDUV2htI8xk8TDR2wQ","xfFGvBfq9SdXYbL7GUgRfQ","rLZnvzZ6Uz290YNeP9Dcdw","qYqQFYoPItva8Vwil1R5xA","XmE5YJ35AIZBgC33tZXiNA","sH8mHqbnn42R6V3dws2biQ","r_hvz9Lax7UptceeRlEyOQ","btTDaoi7RE5e-EMsW6v5AQ","HnPkkVWLeez13qbYongrxA","1NPt1yFaaF9yFP3o4scAKw","6oKxyT6nEJSip7ZEf1-nJQ","UYHX_GmBIK8Gd5uanX_L2w","sovPKfJvkTogzXy21aDa_A","KnBi1t7CwyxXoTLjRbC-4w","vY3_kGpiU2AkwbBRyvkXtA","FNU0FWXbO5qgqhe_6uFCiQ","FNBvMyY56r0rt-MyRV-Phw","AvFz7AHNfvXBzIFuqafYLg","Os6y2oyk0xjOX1Q4-hBecQ","vxMbMJNDigCSJsfY7tMv8A","EC9wQeXi22wmTR9RezOtCQ","_g-uNKJDDg27PYBmy18tRg","Y0-9EEK0uRbvOu9yXQbVxQ","MbONbOjGPDvPV9gQwv4Pfw"],"useful":0,"funny":0,"cool":0,"fans":0,"elite":["None"],"average_stars":3.95,"compliment_hot":0,"compliment_more":0,"compliment_profile":0,"compliment_cute":0,"compliment_list":0,"compliment_note":0,"compliment_plain":2,"compliment_cool":0,"compliment_funny":0,"compliment_writer":0,"compliment_photos":1,"type":"user"}}
