{"review_id":"88ihBOCMTCmBzO9ya7jdhQ","user_id":"rd2NwzoiIZsXh7kKPd_vXQ","business_id":"imZohCOk7J44metzGKHUkw","stars":4,"date":"2010-07-12","text":"Great food. Great atmosphere. Our family likes to come here once a year or so when we get that hankering for some good Greek food.","useful":0,"funny":0,"cool":0,"type":"review","restaurant":{"name":"Atlantis Taverna","neighborhood":"","address":"239 E Main St","city":"Sun Prairie","state":"WI","postal_code":"53590","latitude":43.1828511,"longitude":-89.2115121,"stars":4.5,"review_count":61,"is_open":1,"attributes":["Alcohol: full_bar","Ambience: {'romantic': False, 'intimate': False, 'classy': False, 'hipster': False, 'divey': False, 'touristy': False, 'trendy': False, 'upscale': False, 'casual': True}","BikeParking: True","BusinessAcceptsCreditCards: True","BusinessParking: {'garage': False, 'street': True, 'validated': False, 'lot': False, 'valet': False}","Caters: False","GoodForKids: True","GoodForMeal: {'dessert': False, 'latenight': False, 'lunch': False, 'dinner': True, 'breakfast': False, 'brunch': False}","HasTV: False","NoiseLevel: average","OutdoorSeating: True","RestaurantsAttire: casual","RestaurantsDelivery: False","RestaurantsGoodForGroups: True","RestaurantsPriceRange2: 2","RestaurantsReservations: True","RestaurantsTableService: True","RestaurantsTakeOut: True","WheelchairAccessible: False","WiFi: no"],"categories":["Mediterranean","Greek","Restaurants"],"hours":["Tuesday 16:0-21:0","Wednesday 16:0-21:0","Thursday 16:0-21:0","Friday 16:0-21:0","Saturday 11:0-21:0","Sunday 16:0-21:0"],"type":"business"},"user":{"name":"Chris","review_count":25,"yelping_since":"2010-06-20","friends":["None"],"useful":0,"funny":0,"cool":0,"fans":1,"elite":["None"],"average_stars":4.08,"compliment_hot":0,"compliment_more":0,"compliment_profile":0,"compliment_cute":0,"compliment_list":0,"compliment_note":0,"compliment_plain":0,"compliment_cool":0,"compliment_funny":0,"compliment_writer":0,"compliment_photos":0,"type":"user"}}
