{"review_id":"LKQOhERLsCNRHZl3WiDgSg","user_id":"kjQkPe3IdO7UINN5AaPJgw","business_id":"oSrTdvRGrJ24ofcquIFoPA","stars":4,"date":"2013-05-28","text":"Overall, good <sushi> place. Tried the <\"Hidden Dragon\" roll> which was nice. Not the best I've ever had but pretty good.","useful":0,"funny":0,"cool":0,"type":"review","restaurant":{"name":"Takumi Japanese Restaurant","neighborhood":"","address":"4222 E Towne Blvd","city":"Madison","state":"WI","postal_code":"53704","latitude":43.124856371,"longitude":-89.3101472672,"stars":4.0,"review_count":183,"is_open":1,"attributes":["Alcohol: full_bar","Ambience: {'romantic': False, 'intimate': False, 'classy': False, 'hipster': False, 'divey': False, 'touristy': False, 'trendy': False, 'upscale': False, 'casual': True}","BYOB: False","BYOBCorkage: no","BikeParking: True","BusinessAcceptsCreditCards: True","BusinessParking: {'garage': False, 'street': False, 'validated': False, 'lot': True, 'valet': False}","Caters: False","GoodForKids: True","GoodForMeal: {'dessert': False, 'latenight': False, 'lunch': True, 'dinner': True, 'breakfast': False, 'brunch': False}","HasTV: False","NoiseLevel: average","Open24Hours: False","OutdoorSeating: False","RestaurantsAttire: casual","RestaurantsDelivery: False","RestaurantsGoodForGroups: True","RestaurantsPriceRange2: 2","RestaurantsReservations: True","RestaurantsTableService: True","RestaurantsTakeOut: True","WheelchairAccessible: True","WiFi: no"],"categories":["Japanese","Restaurants","Sushi Bars"],"hours":["Monday 11:0-14:30","Monday 16:30-22:0","Tuesday 11:0-14:30","Tuesday 16:30-22:0","Wednesday 11:0-14:30","Wednesday 16:30-22:0","Thursday 11:0-14:30","Thursday 16:30-22:0","Friday 11:0-14:30","Friday 16:30-22:30","Saturday 11:0-14:30","Saturday 16:30-22:30","Sunday 13:0-22:0"],"type":"business"},"user":{"name":"Bryan","review_count":17,"yelping_since":"2012-10-05","friends":["4K4B3WyoZod7aCb3lMskIg"],"useful":0,"funny":0,"cool":0,"fans":1,"elite":["None"],"average_stars":3.24,"compliment_hot":0,"compliment_more":0,"compliment_profile":0,"compliment_cute":0,"compliment_list":0,"compliment_note":0,"compliment_plain":0,"compliment_cool":0,"compliment_funny":0,"compliment_writer":0,"compliment_photos":0,"type":"user"}}
