{"review_id":"NU-j136-bZoVcUyaIjDXpg","user_id":"LOcJlhWSgjL6xW2EgdhI0g","business_id":"FMMNajth88mWX76QVp6N9Q","stars":5,"date":"2011-02-03","text":"Maharani is always at the top of our to-eat list: the food, the service, the location, the FOOD! all make this a really top-notch Indian restaurant.  I know that the dinner menu is great, but we hardly ever make it here for dinner, just because the lunch buffet is so impressive and reasonably-priced (there's a student discount, too). The <naan> is baked fresh and brought right to your table, the <chutneys> and <sauces> complement the food nicely, the <samosas> are perfectly dense and crispy, and the spices in the main dishes are just right (even though I could probably take it a little spicier).  And the waiters are always so attentive--Preet is especially wonderful! I love Maharani!","useful":0,"funny":0,"cool":0,"type":"review","restaurant":{"name":"Maharani Restaurant","neighborhood":"Capitol","address":"380 W Washington Ave","city":"Madison","state":"WI","postal_code":"53703","latitude":43.0719143,"longitude":-89.389124,"stars":3.5,"review_count":169,"is_open":1,"attributes":["Alcohol: full_bar","Ambience: {'romantic': False, 'intimate': False, 'classy': False, 'hipster': False, 'divey': False, 'touristy': False, 'trendy': False, 'upscale': False, 'casual': True}","BikeParking: True","BusinessAcceptsCreditCards: True","BusinessParking: {'garage': False, 'street': True, 'validated': False, 'lot': False, 'valet': False}","Caters: True","GoodForKids: True","NoiseLevel: average","OutdoorSeating: True","RestaurantsAttire: casual","RestaurantsDelivery: True","RestaurantsGoodForGroups: True","RestaurantsPriceRange2: 2","RestaurantsReservations: True","RestaurantsTableService: True","RestaurantsTakeOut: True","WheelchairAccessible: True","WiFi: no","GoodForMeal: {'dessert': False, 'latenight': False, 'lunch': True, 'dinner': True, 'breakfast': False, 'brunch': False}","HasTV: True"],"categories":["Indian","Pakistani","Restaurants"],"hours":["Monday 11:30-15:0","Monday 17:0-22:0","Tuesday 11:30-15:0","Tuesday 17:0-22:0","Wednesday 11:30-15:0","Wednesday 17:0-22:0","Thursday 11:30-15:0","Thursday 17:0-22:0","Friday 11:30-15:0","Friday 17:0-22:0","Saturday 11:30-15:0","Saturday 17:0-22:0","Sunday 11:30-15:0","Sunday 17:0-22:0"],"type":"business"},"user":{"name":"Anna","review_count":12,"yelping_since":"2008-12-29","friends":["WLFuURaq-ENu2yCqPDEvJA","a484wFlx8TqOGeUGOR_hDg","sr6yGJcluJ1bbAJU16kMfg","Uic4atgag_BUIEZDElCQxg","Q3SqQXF0Ggt4BKZgbRwMKg","sjXDLpvcrMldagWJJDlBTQ"],"useful":1,"funny":0,"cool":0,"fans":1,"elite":["None"],"average_stars":4.0,"compliment_hot":0,"compliment_more":0,"compliment_profile":0,"compliment_cute":0,"compliment_list":0,"compliment_note":0,"compliment_plain":0,"compliment_cool":0,"compliment_funny":0,"compliment_writer":1,"compliment_photos":0,"type":"user"}}
