{"review_id":"hOxudWmGJSoPHXtIHm01WA","user_id":"DoOgoF8CBTgXKi1m6S2oPw","business_id":"u5YFVrxuifUxuMRbRVC6AQ","stars":5,"date":"2015-01-22","text":"This place is the best they hook you up, never got a bad order,  best customer service, I recommend this place!  Best Subs in Madison!!!","useful":0,"funny":0,"cool":0,"type":"review","restaurant":{"name":"Milio's Sandwiches","neighborhood":"Capitol","address":"377 East Campus Mall","city":"Madison","state":"WI","postal_code":"53703","latitude":43.0732747,"longitude":-89.3990084,"stars":4.0,"review_count":5,"is_open":1,"attributes":["Alcohol: none","Ambience: {'romantic': False, 'intimate': False, 'classy': False, 'hipster': False, 'divey': False, 'touristy': False, 'trendy': False, 'upscale': False, 'casual': False}","BikeParking: True","BusinessAcceptsCreditCards: True","BusinessParking: {'garage': False, 'street': False, 'validated': False, 'lot': False, 'valet': False}","Caters: True","GoodForKids: True","GoodForMeal: {'dessert': False, 'latenight': False, 'lunch': False, 'dinner': False, 'breakfast': False, 'brunch': False}","HasTV: True","NoiseLevel: average","OutdoorSeating: False","RestaurantsAttire: casual","RestaurantsDelivery: True","RestaurantsGoodForGroups: True","RestaurantsPriceRange2: 1","RestaurantsReservations: False","RestaurantsTableService: False","RestaurantsTakeOut: True","WiFi: no"],"categories":["Sandwiches","Restaurants"],"hours":["Monday 10:0-22:0","Tuesday 10:0-22:0","Wednesday 10:0-22:0","Thursday 10:0-22:0","Friday 10:0-22:0","Saturday 10:0-22:0","Sunday 10:0-22:0"],"type":"business"},"user":{"name":"Jake","review_count":1,"yelping_since":"2014-09-21","friends":["None"],"useful":0,"funny":0,"cool":0,"fans":0,"elite":["None"],"average_stars":5.0,"compliment_hot":0,"compliment_more":0,"compliment_profile":0,"compliment_cute":0,"compliment_list":0,"compliment_note":0,"compliment_plain":0,"compliment_cool":0,"compliment_funny":0,"compliment_writer":0,"compliment_photos":0,"type":"user"}}
