{"review_id":"S1Q8K7Zh_gQXxRe5jA-SXA","user_id":"CsgpAw9MhdNEJHvoevbhKg","business_id":"Ojw5eTqzbv6k27_Df3q0-A","stars":5,"date":"2016-02-01","text":"The servers here are top-notch. I haven't had anything I didn't like - wait - in all honestly, I was there when they were training in a new bartender and my martini was a little rough - it was like a vermouthi. But, over all, the food, service, experience is great. Lunch menu is much more reasonable than dinner menu.","useful":0,"funny":0,"cool":1,"type":"review","restaurant":{"name":"Biaggi's Ristorante Italiano","neighborhood":"","address":"1611 Aspen Commons","city":"Middleton","state":"WI","postal_code":"53562","latitude":43.0911026028,"longitude":-89.5291439071,"stars":3.5,"review_count":107,"is_open":1,"attributes":["Alcohol: full_bar","Ambience: {'romantic': False, 'intimate': False, 'classy': True, 'hipster': False, 'divey': False, 'touristy': False, 'trendy': False, 'upscale': False, 'casual': False}","BikeParking: True","BusinessAcceptsCreditCards: True","BusinessParking: {'garage': False, 'street': False, 'validated': False, 'lot': True, 'valet': False}","Caters: True","GoodForKids: True","GoodForMeal: {'dessert': False, 'latenight': False, 'lunch': False, 'dinner': True, 'breakfast': False, 'brunch': False}","HasTV: True","NoiseLevel: average","OutdoorSeating: True","RestaurantsAttire: casual","RestaurantsDelivery: False","RestaurantsGoodForGroups: True","RestaurantsPriceRange2: 2","RestaurantsReservations: True","RestaurantsTableService: True","RestaurantsTakeOut: True","WheelchairAccessible: True","WiFi: free"],"categories":["Italian","Restaurants"],"hours":["Monday 11:0-21:30","Tuesday 11:0-21:30","Wednesday 11:0-21:30","Thursday 11:0-21:30","Friday 11:0-22:30","Saturday 11:0-22:30","Sunday 11:0-21:0"],"type":"business"},"user":{"name":"Eric","review_count":23,"yelping_since":"2011-12-28","friends":["YO4hkAyJpfGI9e0Dot3iJQ","7q9M8aE3REA-6fzHiD6YdA","txqPCtYZGsUmjQ91Gcmgfg","2IyaNJrl0V15bdZnhpUBZw","bRX3mMcsMczIeDToFU1g-A","oNod6YSKsdkmUNwTAr2xTw","SZm_P5SJwaIRz-FfF4ZZRA","04xCjFOhFpRmRTIxn3aULw","HBDsS3oQJhzSnwqGVULpAQ","w2REEyQri3u932xV1aVigA","oE0LzV8ejbzTODo8afE4Uw","vV4RPE4qA18zFiR_KVYgHw","JTaKVZw0gMjr1AIcU-GwHg","QcXzOFF4NLM1oUWQIsEcjg","TOtQVE1RUnll48b_15kjVw","l8E2UOiKH6f8E_aoE1GZDg","jr_MdAsmahKwUIRBUdGVUQ","NxN9BtMgdlnDVXFLWpxyZA","V_SWol1IAUJLzdrXaYLejQ","gPCClLSXIxxLay-KsGC4cw","Ax-BD8YC51w0CLbpgD4DTw","Y0PFteZyOResq7pvDcl7Gg","tD6lKmDsWAhucXScCjKMnQ","CuPjz_cq3k3v138QNkMl6A","Dlf8CTNB1cqNWPaGPXDmkQ","lqtxQv29sOfw-rGAmooTkw","bl98MGdyE8Fn1tkzoueNgA","1sp-5QPf-glx0_uuuCOV8Q","bOSjWmAcY6otD2htMbO9sQ","WK8wf516ZHSEQA6AMmm8xw","rm5wlwYBfVJrERXpIfHszQ","pHyHZHf1NPhVI_UB3GVT_g","79OIQlYf8mhV3vYjK_868w","UzfvonvyP9-CFlAWhSWqPw","GsgnGCSvkL9w-oi7GF50Qw","302eMiN9zi9585rxb3TNrA"],"useful":1,"funny":0,"cool":0,"fans":1,"elite":["None"],"average_stars":3.2,"compliment_hot":0,"compliment_more":0,"compliment_profile":0,"compliment_cute":0,"compliment_list":0,"compliment_note":0,"compliment_plain":2,"compliment_cool":0,"compliment_funny":0,"compliment_writer":0,"compliment_photos":0,"type":"user"}}
