{"review_id":"H_AjVZZQkQnxyCRMmSERcQ","user_id":"bzeamOBxCUMe41v5ashPLA","business_id":"DCab_cz7nDDW-IPsnKGb_A","stars":3,"date":"2015-06-10","text":"I ordered chicken soup noodle in here.\n\nThe chicken is not so juicy, a little dry. After having two I cannot continue.\n\nThe soup in the noodle is good. But not as good as it described as \"the noodle is cooked with chicken soup in good quality\".\n\nThe noodle is good. But when the above are put together, I cannot say that's a good noodle meal among all the noddles I have ever had.\n\nThe restaurant interior looks like most of the Chinese food restaurant, looks like majorly serve for Americans and the food is Americanized. The restaurant is very clean, I like the environment.","useful":0,"funny":0,"cool":0,"type":"review","restaurant":{"name":"Double 10","neighborhood":"","address":"3306 University Ave","city":"Madison","state":"WI","postal_code":"53705","latitude":43.0756343,"longitude":-89.4446351,"stars":4.0,"review_count":68,"is_open":0,"attributes":["Alcohol: none","Ambience: {'romantic': False, 'intimate': False, 'classy': False, 'hipster': False, 'divey': False, 'touristy': False, 'trendy': False, 'upscale': False, 'casual': True}","BikeParking: True","BusinessAcceptsCreditCards: True","BusinessParking: {'garage': False, 'street': False, 'validated': False, 'lot': True, 'valet': False}","Caters: True","GoodForKids: True","GoodForMeal: {'dessert': False, 'latenight': False, 'lunch': True, 'dinner': False, 'breakfast': False, 'brunch': False}","HasTV: False","NoiseLevel: quiet","OutdoorSeating: False","RestaurantsAttire: casual","RestaurantsDelivery: True","RestaurantsGoodForGroups: False","RestaurantsPriceRange2: 1","RestaurantsReservations: False","RestaurantsTableService: False","RestaurantsTakeOut: True","WiFi: no"],"categories":["Restaurants","Food Delivery Services","Food","Chinese"],"hours":["Monday 11:0-22:0","Tuesday 11:0-22:0","Wednesday 11:0-22:0","Thursday 11:0-22:0","Friday 11:0-22:0","Saturday 11:0-22:0","Sunday 11:0-22:0"],"type":"business"},"user":{"name":"Jundong","review_count":3,"yelping_since":"2015-06-07","friends":["yIcwBrGYr2bzCX3gclsuOg","DHgtRjmdqRTVd6xjf0zUmA","py7eaW_Bvhz2PqYVZCb9Fw","VFmXvcRZZZurEjltdSPQGA","2FHNTTI-gf_yf7_kZblsDA","m_RjYPv-bsdRG8zWo26hBA","daMLtLp325eKGxYsMKTPnQ","l1xwzQ5kl_hV2ijuSYWaWQ","eQbVaDgMpSLnroKUpvcgWw","TDECYY7DY-exv6ex8ZRAzw","PCdNtp_yzhGf68A4EDo8xw","KzeSu9wDFyfwQtVcv0kc2g","JFoDpbQCbjTorJXaqGrpvQ","HupvQ7TRJD2WTkPP-RjF9g","lccFZjiiEULhTdh1h3_u_Q","FstczEQPj4BCFum5EAPXXA","SuJrwwM5ycMngjH4Aack6w","6-E3XGJa3mnCk_rzAOlueA","FBggXCLQJG8GKStM9UZW5g","cflfaejJdby0VIgmJ6zO6A","0WdCqxrUfodH3kuZyWXvrw","wwdhu_owL-f4gsMbWVez3Q","iy1qFUzMjH1aPEYHamS6sg","QuokHsvsjCJC_CGo2zYrlQ","oQUS0Jt6JQ5w1IzEVbns6Q","axe6jug_gqoBi6_Kex5EMA","KoYKfbViFpZr6-z3dRZE3g","o-pqSgGusUvflgiuBA2C6w","9E3Du-R895HngWie2EGSQQ","W_5m8qoJQXRQM688P6gYpw","9WwPg1UYpoJM6L1Y9BGhaQ"],"useful":0,"funny":0,"cool":0,"fans":0,"elite":["None"],"average_stars":4.33,"compliment_hot":0,"compliment_more":0,"compliment_profile":0,"compliment_cute":0,"compliment_list":0,"compliment_note":1,"compliment_plain":0,"compliment_cool":0,"compliment_funny":0,"compliment_writer":0,"compliment_photos":0,"type":"user"}}
