{"review_id":"L8Mzlf9TU5TvHEqxwUxgsw","user_id":"YPJzsXQdWu9-mui_LahnJw","business_id":"uivpqxLmLXhuargU1f6uGQ","stars":3,"date":"2015-03-21","text":"I was pretty underwhelmed.  I had the chicken, bacon, ranch mac.  It was fine.  Not great, not terrible and way too expensive (around $7). \n\nThe place was really clean considering how busy it was and service was friendly.  \n\nNo major complaints.  It was just alright.","useful":0,"funny":0,"cool":0,"type":"review","restaurant":{"name":"MACS","neighborhood":"","address":"2804 Prairie Lakes Dr, Ste 106","city":"Sun Prairie","state":"WI","postal_code":"53590","latitude":43.1665880375,"longitude":-89.2706137266,"stars":4.0,"review_count":94,"is_open":1,"attributes":["Alcohol: none","Ambience: {'romantic': False, 'intimate': False, 'classy': False, 'hipster': False, 'divey': False, 'touristy': False, 'trendy': False, 'upscale': False, 'casual': True}","BikeParking: True","BusinessAcceptsCreditCards: True","BusinessParking: {'garage': False, 'street': False, 'validated': False, 'lot': True, 'valet': False}","Caters: True","GoodForKids: True","GoodForMeal: {'dessert': False, 'latenight': False, 'lunch': True, 'dinner': True, 'breakfast': False, 'brunch': False}","HasTV: False","NoiseLevel: average","OutdoorSeating: True","RestaurantsAttire: casual","RestaurantsDelivery: False","RestaurantsGoodForGroups: True","RestaurantsPriceRange2: 1","RestaurantsReservations: False","RestaurantsTableService: False","RestaurantsTakeOut: True","WiFi: no"],"categories":["Restaurants","Comfort Food","American (New)"],"hours":["Monday 10:30-21:0","Tuesday 10:30-21:0","Wednesday 10:30-21:0","Thursday 10:30-21:0","Friday 10:30-21:0","Saturday 10:30-21:0","Sunday 10:30-21:0"],"type":"business"},"user":{"name":"Shane","review_count":28,"yelping_since":"2013-12-25","friends":["2hX3qxSiGsbVOYFRYZcsSg","f5jJpqBoFfjKra8BVn3QhA","jxTZafP6SAsFEZzNmjQqbQ","1B5KdbSeJEh3Zz5xCYd9gA","vlgN0WFpD4BGgVYjUEHmYw","E3n7G4U0mrDC0k6HCFuFtg","-H_6xWPQDH11sam79V29wQ"],"useful":4,"funny":0,"cool":1,"fans":0,"elite":["None"],"average_stars":3.28,"compliment_hot":0,"compliment_more":0,"compliment_profile":0,"compliment_cute":0,"compliment_list":0,"compliment_note":0,"compliment_plain":0,"compliment_cool":0,"compliment_funny":0,"compliment_writer":1,"compliment_photos":0,"type":"user"}}
