{"review_id":"jUdyPLw9ZVYdiT128930pQ","user_id":"ibfw2LUjalN25aZYDY6EuQ","business_id":"ZCiKZMT1kce5Gxbwqcbrmw","stars":5,"date":"2016-06-05","text":"With Karaoke and great beer prices - great for the bar area.\n\nBowling is expensive , although there are plenty of deals to go and it's always fun. I have no dislike of the place and it is close to where I live so I am partial.","useful":0,"funny":0,"cool":0,"type":"review","restaurant":{"name":"Schwoegler Park Towne Lanes","neighborhood":"","address":"444 Grand Canyon Dr","city":"Madison","state":"WI","postal_code":"53719","latitude":43.057893,"longitude":-89.497039,"stars":3.5,"review_count":22,"is_open":1,"attributes":["Alcohol: full_bar","Ambience: {'romantic': False, 'intimate': False, 'classy': False, 'hipster': False, 'divey': False, 'touristy': False, 'trendy': False, 'upscale': False, 'casual': False}","BikeParking: True","BusinessAcceptsCreditCards: True","BusinessParking: {'garage': False, 'street': False, 'validated': False, 'lot': False, 'valet': False}","GoodForDancing: False","GoodForKids: True","GoodForMeal: {'dessert': False, 'latenight': True, 'lunch': False, 'dinner': False, 'breakfast': False, 'brunch': False}","HappyHour: True","HasTV: True","Music: {'dj': False, 'background_music': False, 'no_music': False, 'karaoke': True, 'live': False, 'video': False, 'jukebox': True}","NoiseLevel: average","OutdoorSeating: False","RestaurantsAttire: casual","RestaurantsDelivery: False","RestaurantsGoodForGroups: True","RestaurantsPriceRange2: 1","RestaurantsReservations: False","RestaurantsTableService: True","WheelchairAccessible: True","WiFi: free","RestaurantsTakeOut: True"],"categories":["Active Life","Sports Bars","Bars","American (Traditional)","Restaurants","Nightlife","Bowling"],"hours":["Monday 11:0-0:0","Tuesday 11:0-0:0","Wednesday 11:0-0:0","Thursday 11:0-0:0","Friday 11:0-0:0","Saturday 11:0-0:0","Sunday 9:0-0:0"],"type":"business"},"user":{"name":"Joshua","review_count":181,"yelping_since":"2009-03-14","friends":["vP53go4W12fqkDkpTM9KkQ","dziKm9J-TMBkg4zvZCBFhw","Jj0TOilZuWrYoPO_Mk3K0Q","drGsBwXdmtacxx6QqbNvcQ","QUhtgyRph5rnxRnYUbQtrg","fJ_qSZH_akvWzHUPMqab1g","ikdLkEDRE1vV5oQVPC2f2Q","V0c-AS2FFCeSaV-3JfG5vA","smOe3zMV10aLI9pGn40tMw","S4-c7t3iEa43ZE3UWJUejg","F2bSjE9uxj1kzpljZ4lzoA","GVuU1qYR_pWFEVezVjm8hQ","iREcWj1F-Wu1xgy7yxQJXA","wd3xoNaDLib8dhQ7BxUl6g","xLxIee5saksKXKAXauMmpA","1TfZ3S5SMOZG-mZuQS_CzQ","PVHW7y5HdDE2swLD843ANQ","RcWX6x_sKEKXpiqQ-m_NCg","3ns2bIMjER8XJdCgNuYntg","L3LHeNwJ269N0mQnJsoopg","gjGo0128lcuNum1vkRl03Q","CpRcNgZ2T6yGMpP6xFx5gw","cAHsBGvhgrKpHIDgJ1n96w","EPiqXhA1zmLDPzvlBkpuQg","7x5y-u6-0PA42lXT6fx2vw","TH2HzPKcYLAxsqcK8SqD3g","ihbVkt67wogRARwV1nxy1g","nZ_BqaZxYEEq9F7wzJNlnQ","reN-Y7lIjv3VW21I4Z8WHQ","WjSJF-SNB_LzB8GJQJdaVw","K7yU5WXta0zXb0uyWL-PDg"],"useful":20,"funny":77,"cool":3,"fans":4,"elite":["2017","2016"],"average_stars":3.52,"compliment_hot":4,"compliment_more":0,"compliment_profile":0,"compliment_cute":0,"compliment_list":0,"compliment_note":8,"compliment_plain":4,"compliment_cool":6,"compliment_funny":6,"compliment_writer":0,"compliment_photos":3,"type":"user"}}
