{"review_id":"zAWct8al3w-ndk28EvyLWQ","user_id":"k5N1YV-n_KVmAAjQljSvsQ","business_id":"LZ_R2OLgZQSQMMzlp8uUOA","stars":4,"date":"2015-07-16","text":"Try the melting pot burger! Fun college town <burger> place. We had a server who made great suggestions. If you are new to Wisconsin, make sure you order something with cheese!","useful":0,"funny":0,"cool":0,"type":"review","restaurant":{"name":"Dotty Dumpling's Dowry","neighborhood":"Capitol","address":"317 N Frances St","city":"Madison","state":"WI","postal_code":"53703","latitude":43.0728191,"longitude":-89.395561,"stars":4.0,"review_count":373,"is_open":1,"attributes":["Alcohol: full_bar","Ambience: {'romantic': False, 'intimate': False, 'classy': False, 'hipster': False, 'divey': False, 'touristy': False, 'trendy': False, 'upscale': False, 'casual': True}","BYOB: False","BYOBCorkage: no","BestNights: {'monday': True, 'tuesday': False, 'friday': True, 'wednesday': False, 'thursday': False, 'sunday': True, 'saturday': False}","BikeParking: True","BusinessAcceptsCreditCards: True","BusinessParking: {'garage': False, 'street': True, 'validated': False, 'lot': False, 'valet': False}","Caters: False","CoatCheck: False","DriveThru: False","GoodForDancing: False","GoodForKids: True","GoodForMeal: {'dessert': False, 'latenight': False, 'lunch': True, 'dinner': True, 'breakfast': False, 'brunch': False}","HappyHour: True","HasTV: True","Music: {'dj': False, 'background_music': True, 'no_music': False, 'karaoke': False, 'live': False, 'video': False, 'jukebox': False}","NoiseLevel: average","OutdoorSeating: False","RestaurantsAttire: casual","RestaurantsDelivery: False","RestaurantsGoodForGroups: True","RestaurantsPriceRange2: 2","RestaurantsReservations: False","RestaurantsTableService: True","RestaurantsTakeOut: True","Smoking: no","WheelchairAccessible: True","WiFi: no"],"categories":["Restaurants","Vegan","Vegetarian","Burgers","Pubs","Bars","Nightlife"],"hours":["Monday 11:0-22:0","Tuesday 9:0-22:0","Wednesday 11:0-23:0","Thursday 11:0-23:0","Friday 11:0-23:0","Saturday 11:0-23:0","Sunday 11:0-22:0"],"type":"business"},"user":{"name":"Heather","review_count":43,"yelping_since":"2013-02-21","friends":["cQ_4CpIgyOUUwwll-hR79Q","3XVa8ULwx2xIuEnadq9GqA","StnStYfNNzgTx1OqjU2C7w","k6_wLLVwQGTbg0PcOBoT9g","s2a4Mw3x_tVkAOl_ienahQ","OnSIxnkFbvchQR6grBx8SQ","MhazYiW2aZiXNL_mPbZLBQ","9e2kW7tZ8Tq5btLPwM_5mg","UROeHEgSNg8aQRhHr8TmDw","NioHHx7w-Yt8XQMvHYw53A","lMRC4fWafAJTGSzICGsFtQ","JWtz6VKQYl-Xdf4Drk6HKA","VZoJEQEcaO7XDJCR-H9JIg","VdUgo8qvQ4Lqht06LaAfeA","70ywRwo67SzlepYF9JVpKg","0YgNXhtC4Ch-bbjCtBAXVA","YZUD3OQwhmBrm5zK0G9e7A","CHulcd71EH2C0JOWH8tPpg","Ki0zwcwGwigv_c7EkgJ4DA","T3LwdNclZh5ViQtonTF7rA","-Se9rZxucS3JpO3xollNUQ","i5modTrPw5lEsu2X5SIG-Q","hQyFwOGZJqm0VXvb6CXyww","CERFQzIFjC-7vokT_Yn2iQ","Kup6yYOcHGOWN_1hoKGTzA","byuSQ5JgKiYYBx2KngvQIw","qDZW3uNq2FbafWivdX7Dsw","F72UZ9Fx6rRbzRZMSzkQbw","Xnjmwz1U1E0El_kYm_03eg","GVUhTo3Iw6RODD35zQgYMQ","h4fcWrnmqE_KDsiIWUao3w","H-WbX0Kqyp0lHpkUtjX5zQ","2dG3YpHi3OQG_FrT7I7f5g","TVbpACA7Q5mIj9yAsVewOw","A5xYDhJVlirg_IgCxV8ywA","9vVz3H85xzXGYWQf3UfxLA","-3kAeRY9ueRYRZZGvoUQFg","0nY00GgWnmNLDob2_AT7Jw","VTLVR_pzUQFG7QvpCknynw","M2jmffLq6cjmtpHiBlzTnA","QLhnWq7RXM9l0Ce5-kFmPw","FVXB-6A5iCdAiVQ4lU4kqQ","u60dcWH5yRMJ3Hlqez7Z7Q","brPwqPF-pt4p0w2WMe3MLw","5ZEOYGWlNQ_mdA8rckmdkA","I2XEhv9zBeAJcwYIrnMf1g","20E1Xonn4mKQYG-wW5BWSw","ZaucdHg6sezCQ3i1Se4ocQ","cnmJaTPhlduqpZsp_RqkLA","cCdHQqwHJdC6-fTM4SVh7w","0FJ8P6q5dE4Xui5G9f90wA","CChPnkBhqoFKUJxJVho2ug","vABNnuAaFeBKGgTV1Hyz1g","Ez9gl9aSyWUQRK07nRC6nQ","tsNceSt_nK0Zw9ro-XK-2A","Ck-EQFyhcjGQngHIrApwBQ","MY7x-RB7ch-evvkqnYt4dQ","eQPPOrSaQ1xVcrbJq6Er9Q","9AU3Fgh26PTDWPNrSyeeEQ","GiFnOD7A4paHErdMaPuomQ","RXd-C_TUu8oZU6XrS0VDJQ","AiHr_e5rgw_saW00H36yuQ","HLJTf2wn7c1Boaf-YhM94A","98TYq8MEcfw2qyGKIW9xMw","BEwOWURiigNvnYREcYdPaw"],"useful":0,"funny":0,"cool":0,"fans":1,"elite":["None"],"average_stars":4.02,"compliment_hot":1,"compliment_more":0,"compliment_profile":0,"compliment_cute":0,"compliment_list":0,"compliment_note":0,"compliment_plain":0,"compliment_cool":0,"compliment_funny":0,"compliment_writer":0,"compliment_photos":0,"type":"user"}}
