{"review_id":"tMHzKSCa0wFQG1QsSZuORA","user_id":"ksMcoVQAP45GZRu1R2jPGw","business_id":"Lku_keJf44D0LxbRAIZOcg","stars":4,"date":"2016-03-03","text":"This is my favorite Chinese food spot on campus. I don't even bother with <ginger root>. This place just satisfies my chow mein fix and there's always no issues with blandness which I tend to come across in other restaurants in this same category. It's also a really good price for the amount you get! 4 stars only bc sometimes food isn't as fresh as I'd want it to be.","useful":0,"funny":0,"cool":1,"type":"review","restaurant":{"name":"QQ Express","neighborhood":"","address":"1401 University Ave","city":"Madison","state":"WI","postal_code":"53715","latitude":43.0732593799,"longitude":-89.4093034789,"stars":3.5,"review_count":45,"is_open":1,"attributes":["Alcohol: none","Ambience: {'romantic': False, 'intimate': False, 'classy': False, 'hipster': False, 'divey': False, 'touristy': False, 'trendy': False, 'upscale': False, 'casual': True}","BikeParking: True","BusinessAcceptsCreditCards: True","BusinessParking: {'garage': False, 'street': False, 'validated': False, 'lot': False, 'valet': False}","Caters: False","GoodForKids: False","GoodForMeal: {'dessert': False, 'latenight': False, 'lunch': True, 'dinner': False, 'breakfast': False, 'brunch': False}","HasTV: False","NoiseLevel: average","OutdoorSeating: False","RestaurantsAttire: casual","RestaurantsDelivery: True","RestaurantsGoodForGroups: True","RestaurantsPriceRange2: 1","RestaurantsReservations: False","RestaurantsTableService: False","RestaurantsTakeOut: True","WheelchairAccessible: False","WiFi: no"],"categories":["Chinese","Restaurants"],"hours":null,"type":"business"},"user":{"name":"Beth","review_count":31,"yelping_since":"2015-08-15","friends":["Tt3Vopm_ElcD0cIRieGLRA","QNPLY93bZiKT46vyFdOIhA","UJjUEVUAEyLPYDbeXeeiPw","zAZgd8a0Lb43tjVAX0vxnw","L0GbNl_wvebjB7pl8Qh3Kw","L0F-c07qT_V0-JtN8NJJqQ","VF5cDR5XuT9zp93pW700Uw","babZbYSFLJRj82wAAimbkw","Cd4hioGzJ093hMdiPz_9lQ","1H3u9Blt84VA5GE_5Bl5Eg","Q1AMPAQuNDGHzUUDO77hZg","ug1C2wExFJzhIM5Kgg3Row","ZwreBmD7QH2fgTvj9SDkYg","fvUeegtVsN7CYq2zI4hDcw","uuKF0UQb7pj3cz4C4FmaRw","Cj2elxeYeggyM9RO8BhOfA","oq08O6Z8ffAKifJttdEAbA","IoiogqBxm_ER_9plMepvHw","l0owbtyfrduCrVcPDAq6hw","mbyExkdPCOvlqaAyd-8jJA","4x1g4s24iyRvZlCbV-9UIA","5R4AROKtDPaeDClcAQqpGQ","2LObtAqS6yXRKk3pIuskBA","RjqC1xrAjG9v0wSVVxiPXg","3jL0QxGWvlseX39yTbMQvQ","PXh_9GpUs50KiCTI3ycavg","HgLl5rVtNcxAgIZBeMzyYg","FpoaSySB6qa_6SQWWDxGkQ","NZk0sjN7hVh9vMep6keDDA","7_BlPWrx_XvY1g1Pmr0Ghw","qal9yZx1ogWd3IJvflyctw","vnBZly3Ccz2c8pxsNIkgVw","kCzIflRZVad4KvKJV8clWA","nYMkkWkcTBgCjW3dKh8ppQ","1I50pPIrKa07lxTPuEqjaA","KVa5s54ga1OAHoyySH5oyQ","NQIKIBffguahrFoQlhkzJw","RIFJ2UsBLjogA3JJsRjc-A","e0ISEDj_qSpkbKbtUr4RKQ","HFsvRyWeYdrgAPoj0aQnXQ","sG5B3txTbbQSynhPBo27sA","YmgkCsPNDI_YECu8N43WMg","pDhav-92L7ofBNowJE-7CQ","uRkXTVrHSvBVV_9it_plvw","gvaZCTZ3mevddKCuDFlrpg","95ZJ57N-scKBaCbqGb-YHg","vfp6NxORfe7VWQmjLTN1Jg","Yl21uo33k5va0CAovwZb0g","TK9IQ7hPdCdo800Lh0CfRQ","fLm08j7scHxi3vP166ZXMw"],"useful":21,"funny":0,"cool":2,"fans":3,"elite":["None"],"average_stars":3.91,"compliment_hot":0,"compliment_more":0,"compliment_profile":0,"compliment_cute":0,"compliment_list":0,"compliment_note":1,"compliment_plain":0,"compliment_cool":1,"compliment_funny":1,"compliment_writer":0,"compliment_photos":1,"type":"user"}}
