{"review_id":"03xFkGurhr0NjQF0ak1y-g","user_id":"Yz77uNLKFzS9rlQYOgbQSg","business_id":"S3-JpB5dBhMXmauMqeoN-g","stars":5,"date":"2014-08-02","text":"Yet another gem from a Madison Hole in the Wall restaurant. The <Platillo Guadalajara> was my prime choice and I was not disappointed. The price is very affordable and the service was very good. Definitely gets my vote for best Mexican restaurant in Madison!","useful":0,"funny":0,"cool":0,"type":"review","restaurant":{"name":"Taqueria Guadalajara","neighborhood":"Bay Creek","address":"1033 S Park St","city":"Madison","state":"WI","postal_code":"53715","latitude":43.055569,"longitude":-89.3974165,"stars":4.0,"review_count":291,"is_open":1,"attributes":["Alcohol: beer_and_wine","Ambience: {'romantic': False, 'intimate': False, 'classy': False, 'hipster': False, 'divey': False, 'touristy': False, 'trendy': False, 'upscale': False, 'casual': True}","BikeParking: True","BusinessAcceptsCreditCards: True","BusinessParking: {'garage': False, 'street': True, 'validated': False, 'lot': False, 'valet': False}","Caters: False","GoodForKids: True","GoodForMeal: {'dessert': False, 'latenight': False, 'lunch': True, 'dinner': True, 'breakfast': False, 'brunch': False}","HasTV: True","NoiseLevel: average","OutdoorSeating: False","RestaurantsAttire: casual","RestaurantsDelivery: True","RestaurantsGoodForGroups: True","RestaurantsPriceRange2: 1","RestaurantsReservations: False","RestaurantsTableService: True","RestaurantsTakeOut: True","WheelchairAccessible: False","WiFi: no"],"categories":["Mexican","Restaurants"],"hours":["Tuesday 10:0-22:0","Wednesday 10:0-22:0","Thursday 10:0-22:0","Friday 10:0-23:0","Saturday 9:0-23:0","Sunday 9:0-22:0"],"type":"business"},"user":{"name":"Michael","review_count":132,"yelping_since":"2013-08-08","friends":["mUHJuirfyq3EsgNbhTkj2A","GsF7ccX0A4sqrYmil2HnNw","JUT0U3HTSB3kz9Wh7N0GqA","EPsydfcui5QMOGJm2wlACQ","wd3xoNaDLib8dhQ7BxUl6g","5ElMnvLAua7OtC7ft1fIlg","a4pE_meeLnZq0MtbXqQgaQ","uS5fI39Xb3ZQeqzobfH0dw","N8oquT5CHOIOqDJE3ESsZg"],"useful":3,"funny":0,"cool":0,"fans":2,"elite":["None"],"average_stars":4.04,"compliment_hot":3,"compliment_more":0,"compliment_profile":0,"compliment_cute":0,"compliment_list":0,"compliment_note":2,"compliment_plain":2,"compliment_cool":1,"compliment_funny":1,"compliment_writer":4,"compliment_photos":0,"type":"user"}}
