{"review_id":"VGJdp9YU7bvz8n7zY1ym9g","user_id":"q1FV33_FTVFaGDkZBCFXYw","business_id":"AcW_Km7jkGBr4rJdIrIP4w","stars":4,"date":"2014-08-04","text":"This is our \"go-to\" place for Mexican. Best taste and by far most authentic around. If you don't like real Mexican food feel free to stop at the taco bell next door.","useful":1,"funny":0,"cool":0,"type":"review","restaurant":{"name":"El Pastor","neighborhood":"Burr Oaks","address":"2010 S Park St","city":"Madison","state":"WI","postal_code":"53713","latitude":43.0440409,"longitude":-89.3944601,"stars":4.0,"review_count":70,"is_open":1,"attributes":["Alcohol: full_bar","Ambience: {'romantic': False, 'intimate': False, 'classy': False, 'hipster': False, 'divey': False, 'touristy': False, 'trendy': False, 'upscale': False, 'casual': True}","BikeParking: True","BusinessAcceptsCreditCards: True","BusinessParking: {'garage': False, 'street': False, 'validated': False, 'lot': True, 'valet': False}","Caters: True","GoodForKids: True","GoodForMeal: {'dessert': False, 'latenight': False, 'lunch': True, 'dinner': True, 'breakfast': False, 'brunch': False}","HasTV: True","NoiseLevel: average","OutdoorSeating: False","RestaurantsAttire: casual","RestaurantsDelivery: False","RestaurantsGoodForGroups: True","RestaurantsPriceRange2: 1","RestaurantsReservations: False","RestaurantsTableService: True","RestaurantsTakeOut: True","WheelchairAccessible: True","WiFi: no"],"categories":["Restaurants","Mexican"],"hours":["Monday 11:0-22:0","Tuesday 11:0-22:0","Wednesday 11:0-22:0","Thursday 11:0-22:0","Friday 11:0-23:0","Saturday 11:0-23:0","Sunday 11:0-19:0"],"type":"business"},"user":{"name":"Jimmy","review_count":18,"yelping_since":"2014-08-04","friends":["9spAWfhsOPb20vsdsAQeuA","ssKdqRKqaTuJnX_dL2VeWA","nyNXVk_gayAjHzDH69KElw","6BCjkH_V4E6yn4ORL2AroA","wd3xoNaDLib8dhQ7BxUl6g","g8ZG4MGxvpwvD-C-ZqE-6Q","pBEaNynyDTV3jE84JGj1IA","-1K1m7fKi0if3X2f9LEJlw","FahXU1Sh3otKR9AR4qsqPg"],"useful":0,"funny":0,"cool":0,"fans":1,"elite":["None"],"average_stars":3.15,"compliment_hot":0,"compliment_more":0,"compliment_profile":0,"compliment_cute":0,"compliment_list":0,"compliment_note":1,"compliment_plain":0,"compliment_cool":1,"compliment_funny":1,"compliment_writer":0,"compliment_photos":0,"type":"user"}}
