{"review_id":"d-4XaFnA8MF39uz3jo9tdQ","user_id":"dt1n3wmyGvXiLIGav61teg","business_id":"aQYLi9BmN0KcLmK4OB_-SA","stars":3,"date":"2009-08-12","text":"The atmosphere is awful. But the food is excellent. I'm a creature of habit, so it's <Pad Thai> for me. It will always be one of the best <Pad Thai> dishes I've had anywhere.\n\nWord to the wise: It can sometimes be VERY spicy, even if you request it to be mild. VERY spicy, people.","useful":2,"funny":2,"cool":3,"type":"review","restaurant":{"name":"Vientiane Restaurant","neighborhood":"Greenbush","address":"626 S Park St","city":"Madison","state":"WI","postal_code":"53715","latitude":43.0603702,"longitude":-89.4010014,"stars":2.5,"review_count":6,"is_open":0,"attributes":["Alcohol: full_bar","BusinessParking: {'garage': False, 'street': False, 'validated': False, 'lot': False, 'valet': False}","OutdoorSeating: False","RestaurantsAttire: casual","RestaurantsDelivery: True","RestaurantsPriceRange2: 2","RestaurantsReservations: False","RestaurantsTableService: True","RestaurantsTakeOut: True"],"categories":["Restaurants","Thai"],"hours":null,"type":"business"},"user":{"name":"Stephanie","review_count":182,"yelping_since":"2008-04-01","friends":["xkrjfQaPD2NukQNMH1ViRg","o2XzZQW7detPEusv1y84KA","Y3urVstPuLsNJFHjJajJEA","mRxVWh4Z4gqgvD2HQ1eyKA","tcUhBNgpZSl7c7eSe1y4Gg","Fl_Zw9B2Nt4YKXW1ve0h4A","hywQlgF5ShQMyQ4Lksi54w","bKizWwo6QYHqcmCa35PJkA","CwgXzTGZOOI_8gA05aKM7Q","IP2FMq4cmrdBCcjf5S6bzQ","h24k4P0ZA4q4U5JXJ9p3cQ","pFBeUN4O6mgChLfYI9oIPQ","lirfpboHZJyQj1yHD1pS8Q","Km6J2gRspek5IROttB25nQ","zb_rFENfi6_mbhsKv_jHUA","s_Etx8-j4RT4z6UELAC2RA","w2DWEYx1J6oQVtiRE7kc4g","DAHMNDTMs1Q4PU59eEx_fQ","jU9aSDYxNIXb7j7oESxe2w","Lr9b5CjTcdRxoJtgX0bG8g","kxd8ywXt9-IzkvaLMJlHTA","JkzVrg6iT6J0Pa3l9Owj9Q","YUxH_F9jMGAe7PIe8DO34Q","fAE2b4aTdADrZGFHp9UOZQ","xjtN-qIDYAtxHtcBon0IQQ","IoQUI6j33J3HI72SJreK7Q","6PqvIMOPbPU5NLtU9u4P8A","XQsOfX0Xwk6C7aolDS7-Ww","i-YB-43WqLoHxsfewjPojg","LZwRtRSIR7Jv6LdBfqQyfA","SaD44wFU9kmAEq2Wc4puBQ","qblz4CzxHaubFqf-xBeZIw","bJi2f61H1ycbHgIl95eC6g","sMg9FedC5D-jf69_c2wjFQ","WN3FQ5lNz5q8FFbeH42OxQ","5Qdgn9b4KZI7gKX1gLIMeA","nL6FP8Vu5MY5GXpg-dshqw","kxA0vTDi1KABuA5Tgg1HKA","woFBHfJEL6IMz8j3ZPo4VQ","ihDmbj9YnKzLBymHYs-HTA","j_xdpXxPdSVhlwTJ7roKag","Ti3BiStCVYnmoi3ODqcaig","2YuYRqSTsqHHZaiWXpo3Aw","1-ood-6jZ-6OxVaRAxDEkA","6kpaZie5whA7tQ6tMb1HOQ","EvXwnFVVYVWPMIT-7AyKZg","7dwh3pL2tbSeSvL0qLzUrw","22MhrUQrcamK25LYcTBe4A","Un9kXZRrhnfdhaW33OwLFg","JozaD0E6fVMFnWL7DTaTCw","n476X_ao9k88aW6bZzk03A","3YJ_KsG7LggyqtIn2s1Bmw","tuYMK1U_uUtf8TgpJ0c9dQ","oZK2DjCiA-8Xq6utMi4AYA","bvGO_TqdIXFo-mNj2SsXhA","ETpvceVRtVLjhDEgugFieg","LJ8U5ZVnFpF8XNUR7DcUng","FqytitfHkmLAsbIq5DAA_Q","mOW13xUAm8UnjeVDDg21fA","EQAyuvxamSfn3MGMjy7dsw","6dmEvEwnOLEQGw9Ih-BAOw","9UjiZRnKwcg-DOeGX0mPMw","t26_EzcvwrJjE1syzCN6Vg","UsXqCXRZwSCSw0AT7y1uBg","YK-zGEmp-1fiQvfApY_MuQ","mgZVCyfdTzzbJsWX_Qi0nQ","cLLTwtTu0N2QaQrM0eapRA","V7N4zvbBz4xz_NCTRm-yfA","yGvGbceX5l5djzhd7Kq6PQ","x-sXqeZCziIawYyqvkQRxw","o84KZeqgy0YGLmz5I9P-pg","c2xoa9lyVsEcr28-IRwKEA","y_dc4C3SaMn9UKqrYvQcNg","jbS4wVKwpdbVocBRrU1f7w","5MCBLBxr10NLUKZ4AboAMg","1oJAdqOcE_7H33wElDCIwA","_cUtxCvCccwgNJzD5I0cDA","cw7sirqglPQj5fh6-ChJFQ","iXsyXjo0xIiOATDAjVH-kw","OSeCop0a0rGunNYkNqxZiA","aJZHT2-Lx1xdOvj1-5wyYw","bkw_ERKPhNxUygqwH4iDrA","RVo4ydYRjDbDfGcSSBRCEg","3OQmIdWlswTxTQJzdqHhEg","yby_UCRLPqCocyQLqc7jag","0Dq3T5EId_WRUtic7wZzBg","0B6L3234dn9y9seW71tFdA","jLoBVpTnw9AsAc7J2fByhA","sWrAZG_QgwHqrt-VH5nt7g","3rdgr4o5f-J1hQTqFftx3A"],"useful":92,"funny":62,"cool":72,"fans":13,"elite":["2009","2011","2010"],"average_stars":3.58,"compliment_hot":81,"compliment_more":13,"compliment_profile":7,"compliment_cute":7,"compliment_list":5,"compliment_note":17,"compliment_plain":76,"compliment_cool":84,"compliment_funny":84,"compliment_writer":9,"compliment_photos":3,"type":"user"}}
