{"review_id":"zpaBqzvHXlz83HRbflJcYQ","user_id":"Pstaq3a0m58jBDkoT5HtOw","business_id":"XmsBtCykUtObXg4Q1mYpvg","stars":4,"date":"2012-08-20","text":"Headed in for an early dinner with our 7-month-old in tow.  They were offering a limited menu at that time, which was more than fine with us.  After a too long dinner the night before it allowed us to give Graze a whirl without subjecting our daughter to another two hour dinner.  \n\nService was nice, without being overly the top friendly - more of the down-to-earth level of friendly, which was nice and how I prefer service to be.  They very kindly parked our stroller for us and presented us with a very clean high chair - which, let me tell you, is a bit of a rarity.  I didn't have to wipe this one down before we placed our daughter in.  \n\nWe had a carb filled food fest here.  We started with the pretzel - delicious!  Loved the mustards (especially the tarragon and horseradish)  and the brick cheese spread was lovely.  We also went with a cheese plate and I was pleased with them all.  The <walnut bread> was quite nice and the compote was tasty.  We both went with the <Pub Burger> and were very impressed.  I love a burger with a little garden of loveliness on top, however, most places I have to pick off a not-yet-ripe tomato, or not-so-crisp onions or soggy lettuce.  I'm a bit of a pain in the ass when it comes to topping my burger - the ingredients must be perfect.  Theirs were complete and total perfection.  The only minor issue was my <English muffin> was a bit too soggy, but otherwise, it was delicious.  It was cooked perfectly medium rare and was the perfect size 1/4lb patty.  Delicious, not obnoxious and huge.  The portion of fries with a side of garlic aioli was enormous and tasty.  \n\nTruly, a great meal was had here!  I was nervous about bringing our daughter - but was touched by the fact that her presence was no big deal at all.  So, if you have kids and they're well behaved or you're good about being on top of their happiness while dining and are mindful of fellow diners - go ahead and bring them here.   We look forward to dining at Graze again!","useful":1,"funny":0,"cool":0,"type":"review","restaurant":{"name":"Graze","neighborhood":"Capitol","address":"1 S Pinckney St","city":"Madison","state":"WI","postal_code":"53703","latitude":43.075094045,"longitude":-89.3820914577,"stars":4.0,"review_count":777,"is_open":1,"attributes":["Alcohol: full_bar","Ambience: {'romantic': False, 'intimate': False, 'classy': False, 'hipster': False, 'divey': False, 'touristy': False, 'trendy': True, 'upscale': False, 'casual': False}","BikeParking: True","BusinessAcceptsCreditCards: True","BusinessParking: {'garage': False, 'street': True, 'validated': False, 'lot': False, 'valet': False}","Caters: False","GoodForKids: False","GoodForMeal: {'dessert': False, 'latenight': False, 'lunch': False, 'dinner': True, 'breakfast': False, 'brunch': False}","HasTV: False","NoiseLevel: average","OutdoorSeating: True","RestaurantsAttire: casual","RestaurantsDelivery: False","RestaurantsGoodForGroups: True","RestaurantsPriceRange2: 2","RestaurantsReservations: False","RestaurantsTableService: True","RestaurantsTakeOut: True","WheelchairAccessible: True","WiFi: free"],"categories":["Restaurants","American (New)","Gastropubs"],"hours":["Monday 11:0-22:0","Tuesday 11:0-22:0","Wednesday 11:0-22:0","Thursday 11:0-22:0","Friday 11:0-23:0","Saturday 9:30-23:0","Sunday 9:30-15:0"],"type":"business"},"user":{"name":"Tiffany","review_count":489,"yelping_since":"2006-12-11","friends":["vRYiEmE5qqCmlZKr2kDMNg","p0OJV9ZZSRK8tAgNgLKK2A","fvzJp09KKLNAHZ54d9wn9w","1y9ZEScSuja6ZZBqq8klPg","AIhfuFmX62k7a22gXXAB2Q","e94wu3G_LQ6flJrgJSQXog","B88Pztf46l78bhUXGsEqPg","cufhYFdyrUAt4SWe-m0grQ","ZXzLP-h2YlbfgT6mIViOqg","cRmO-LQvGPtdqj_ZG1c98w","Lj_hJnwA7GUrkKeLQFqSQQ","PUx5KWODerm6IzdfemCbag","lIrWfeaaDpkvBCDbT3aVcA","06eupKERHVeBbHhooCiWLg","CrvamvrIiTozu_YMZHmpYg","krMG8sy3m_9aTRHgfNJf2A","U-3SiJzD07VDxm-T7UYkDQ","dSBkPxqUjJ9W-RZdR9XN7w","9tOdB6wGNkD9txxfwJ3SUA","gPZRaiRxzLbLGjg5DMXLkA","cjotiAHFSbFuvbxTWmGi1Q","I22QueJ7v1WQu9LAmjeXlg","LyGFEXW9AjzRyU_QdPUcGQ","XrchBQWCD30tqLlGx1nhNQ","FpSWbP0ocQ6-ZCWqF7vSUg","TPqPyYhuZT-KpHN6ff5lig","qVc8ODYU5SZjKXVBgXdI7w","6YEOt4_he0S477V9bkj3sQ","IUx22xCy604jRRjw0bJHMg","JRbZXUSJhKVBY7mFristkA","mH_vxQd4iLSX-ru29bbLaw","gvOuN8PAUJHOfbO03dOgUA","O0zVi0TokBankXSfa5b6UQ","ax9FwUC3biMl5PYIShZ1nQ","J8YbJ6s8SuMPrvCkqqbqkw","pdoLL1OZCvBoHsxcWFZL4Q","AD3ziUwEi7sCzsEcNLWFFQ","NJRCmVkJo0t1l7EBDKfyuA","8q-mf-OEDtoZE3mdo3Ucqw","qKxfod2ONDkQmJhYCqBwlQ","9aJKI0p1gtUpBAmdYbL6aQ","OJCHKGMvDLHRJvndq-h-ow","tGvJAy7uzAHJsPneHxd_rQ","TtC2eH384lHzintNXx7cag","Iv2Dip5M3_opTllc-xegRw","W3-VrdzOfrp1FUTzjXsxVw","ffTk1gIM-1x7qxHUecNqlQ","drW2pluNt0ZsB-B5RT37rQ","Aq0oHzGEyBHoPQf7HiTByg","JUT0U3HTSB3kz9Wh7N0GqA","LL_Iv7n_pG44Q5LnTMAkTA","kNFE7z3BI9zEEafo4ineBw","e8ct13t6djG89igsaUJARQ","aqQ-aprQyvPu3AAW5Vq63g","RKJmcG-4dnnIp0jXd-U29A","KO7CuK8p5u4AFGQ7voXe9g","MEUo8py9IbNSQMQHhy49VQ","UJu-VpAqewkum9M_u0Za3Q","4wkoaGbmsQFDNXcyTLLvEg","SUN2c4Nh84GrTtWxt7WYLQ","yHOReM3Qb1tD_qsSwhoDEQ","YSb8JRyI75M8FkbYWLH4UA","7NEMwzGrmbjjZxiSkEPfAw","SlpRPFvcR8FSpxWyAV6S-Q","GXn4ZsasLKh0qZ5g3nIqcQ","mIJDjnP_icls85ejVU0vAQ","_4duzAqF2iKbUUlmUiHXMg","jrMxBHW3SlUGVGYWvPsHWA","zkBq80hfKNs75aGu_7MCiA","mwhwdEkZPOdMxkkQoO1Ayw","TwPlaNvnziaN2wB3lk_9Mw","bnZV_GKQA_RcOsyPfNUFwA","utaM2d1eLWuHD8Tgd4HYuA","swN__VyeFg6O_BFR0x5ZeA","q2Te-JhvXx-cax0viEn7ow","MGPQVLsODMm9ZtYQW-g_OA","BhnUGeItvETw6u1bftZ_LA","M00t42c_ex57cbZ-fWgTEA"],"useful":178,"funny":40,"cool":104,"fans":20,"elite":["2014","2013","2017","2015","2010","2009","2012","2008","2011","2016"],"average_stars":3.72,"compliment_hot":5,"compliment_more":7,"compliment_profile":1,"compliment_cute":0,"compliment_list":0,"compliment_note":14,"compliment_plain":24,"compliment_cool":22,"compliment_funny":22,"compliment_writer":13,"compliment_photos":1,"type":"user"}}
