{"review_id":"ZZ_cA1ANWxLC7hkETO4q6g","user_id":"dGT23zlit0CJrIQ5GQupcQ","business_id":"uC3qwaxsOkdJzpOc0v1Mog","stars":4,"date":"2017-01-19","text":"A better version of The Great Dane in pretty much every aspect. Great <beer> selection with a rotating, crowd-pleasing food menu. Now if only they'd open up locations downtown, in Fitchburg, the east side and Wausau...","useful":0,"funny":0,"cool":1,"type":"review","restaurant":{"name":"Cafe Hollander","neighborhood":"","address":"726 N Midvale Blvd","city":"Madison","state":"WI","postal_code":"53705","latitude":43.0729630383,"longitude":-89.4538805487,"stars":3.5,"review_count":252,"is_open":1,"attributes":["Alcohol: full_bar","Ambience: {'romantic': False, 'intimate': False, 'classy': False, 'hipster': False, 'divey': False, 'touristy': False, 'trendy': True, 'upscale': False, 'casual': True}","BikeParking: True","BusinessAcceptsCreditCards: True","BusinessParking: {'garage': False, 'street': False, 'validated': False, 'lot': False, 'valet': False}","Caters: False","GoodForKids: True","GoodForMeal: {'dessert': False, 'latenight': False, 'lunch': True, 'dinner': True, 'breakfast': False, 'brunch': True}","HasTV: True","NoiseLevel: average","OutdoorSeating: True","RestaurantsAttire: casual","RestaurantsDelivery: False","RestaurantsGoodForGroups: True","RestaurantsPriceRange2: 2","RestaurantsReservations: True","RestaurantsTableService: True","RestaurantsTakeOut: True","WiFi: free","BusinessAcceptsBitcoin: False","WheelchairAccessible: True"],"categories":["American (Traditional)","Restaurants","Belgian","Breakfast & Brunch"],"hours":["Monday 8:0-0:0","Tuesday 8:0-0:0","Wednesday 8:0-0:0","Thursday 8:0-0:0","Friday 8:0-0:0","Saturday 8:0-0:0","Sunday 8:0-0:0"],"type":"business"},"user":{"name":"Greg","review_count":13,"yelping_since":"2013-08-30","friends":["1pCxa6OtZiSehnex_YyL8Q","13cqHE-zkhXFs7MNPvz5Dw","BFVYhdtl2D8m-Y9oqnsSVw","t74d10cRjDlqtektRwwhTg","DH18jinrOu9re9EasU4OpA","udHgoHWvi4vmknMUQlF5ww","nEPR7d22aax8EAOUmVI7gQ","ExYsOSyTE7aQXelj8TGFXQ","Uyvh1jijLf_18j2mzzNtYw","LALpFI7p1xUpoYP11dv5nw","clK0CyMCpkkxI3WV9V5qaQ","1rCdnLmjgzrSjrvdlvYEmQ","1XxidKJA3cAaIFeFXvCnIg","b2qgYmmL5H069FCCW5V2dw","eZ6ONBLHTwfMQIxFQcIWbA","ZBUqJPDeiVcnLj87Lra7mg","4ZAoM6gaAJfTpQbE9_5JRA","qKRNziCLiYuKDU5q6EETuQ","NhBa23XM8_C5eNiJrdXoUw","SWKVKZPatBtw3atojL7KzA","zNu53UIRYN_NgGEerxM1Ow","hrP_a9FtYd3KMhlwWNUa4A","phD1LRLS2qQ3noWvsMcNQQ","xGtTNnWELAo3AUXQkkjg-Q","P_PcX3UPZQ4c6ssPr9q0PQ","nGZCZU8r87G5vH5MFyRsBQ","ViEhwbm9kZSJBf5KpsjEmg","CKXv83yItb5FPTNUUQ6jYQ","wvkVdu_IWZd4xzI811ylAw","J8Efw_X9PSNxyC9jdTUvtQ","qiDS2oy36vISAjCovv3NlQ","5QRDSoC_xIu2xn59cXEgRw","B9D3pDWjOlD0g3W4SdRk0g","OCQq038M_9QHQKbDuzgD-Q","ciLjqqXFSRYpdPSmazaoDA","bo4GEYKx3IBwCLSYcpXmFg","2trtJSYqOhMBuKozi3a0Gw","b_98gz0owd9jYPXOvk_g0w","d3XYFzvgbK-1X80sdOu9vA","S4JgsdQ1HbwJAEjbyt-IRA","SJRp3ErfF4_ABLaTdBwYuA","e4ykZkwoUYMQbe92cWOOig","-in3kPFeEdeEEgUiNob-NQ","_gPIM_U4kihKUIjSEB9lYg","0qLx2lxPFsG6gn5vFJhy7Q","J99gbRFG7nj-suC3d_b-5w","g8PVfoHZ4Js-IpR5_PgEfg","FYtrbwTGZ5h1UPDl2PrweA","h1e0XqgC1gCcxQqKiA3Neg","JaOo5WKGaQR-bzSKMP842w","etv3sBSVOQK_-eCb5D4UNA","RWbpdUrjVkqrVMoDBSGXwA","aVl9XtWF4Vs7CXpHnqveYA","tUo5dNxoSmRmegPB9DX0ZQ","BeceZuiAC9zPjPZB74nmOQ","OokEJCmnFl6FcrfXcL_xNw","ex0CKXp2GtEFovCVsan19Q","15dkK3TxYPc7WTlAu094_A","62sM5Ws36lg3rNTwGdD-zg","BQk1oBCGF_HBhIhOPOFe6A","BnqLsQCKq-DyDubHMb_j_w","rXm-2djdW_aubAreUsCe4A","tLqyBDjVD-Uk1x5pEf87dg","mKEpQDwTX3oh2AET5q_IWQ","snhA95-3PHLOK8nlSWTF8g","u9uj6FC-J8v33BqeMBXI6w","OAsM66_btqrl7f5HcbEbjQ","YZdkdI_8V9Hl-UZNt-ZmWw","Qzp-YSVnxJJ3udblc3KmyA","qojIy7zuOtQQWvD6dqLdUQ","Up10V24e79SwE_M57JDt2w"],"useful":0,"funny":0,"cool":0,"fans":0,"elite":["None"],"average_stars":3.92,"compliment_hot":0,"compliment_more":0,"compliment_profile":0,"compliment_cute":0,"compliment_list":0,"compliment_note":1,"compliment_plain":0,"compliment_cool":0,"compliment_funny":0,"compliment_writer":0,"compliment_photos":0,"type":"user"}}
