{"review_id":"OX_DOtrzTrZsT_iUp1Gbdg","user_id":"fqz6TBmIdWR8sQOOIyzB7g","business_id":"aZgOdGn3O_fP2OUr5ATqiw","stars":5,"date":"2013-10-30","text":"Had to write to update on how awesome this place is....came here and actually decided to spend some time in the shop and do my homework. \n\nFirst can I just say that their wifi is awesome. Don't even bother going to Starbucks because it's dreadfully slow. This place on the other hand - top notch. \n\nSecond, when you order drinks in store you get them in really cool glass cups with handles. I'm really sad I forgot to take a picture of them because they are so cool. I'm thinking of buying (or stealing? Just kidding...maybe.) a set for my apartment. \n\nI had the <Chai Tea Latte> and it was delish. My friend had a cookie and said it was not up to her standards but she has pretty high cookie standards so that's no surprise. \n\nAll in all, this place rocks. You go, Steep & Brew.","useful":1,"funny":0,"cool":1,"type":"review","restaurant":{"name":"Steep & Brew","neighborhood":"Capitol","address":"544 State St","city":"Madison","state":"WI","postal_code":"53703","latitude":43.075134,"longitude":-89.394564,"stars":4.0,"review_count":56,"is_open":0,"attributes":["Alcohol: none","Ambience: {'romantic': False, 'intimate': False, 'classy': False, 'hipster': False, 'divey': False, 'touristy': False, 'trendy': False, 'upscale': False, 'casual': True}","BikeParking: True","BusinessAcceptsCreditCards: True","BusinessParking: {'garage': True, 'street': False, 'validated': False, 'lot': False, 'valet': False}","Caters: False","GoodForKids: True","GoodForMeal: {'dessert': False, 'latenight': False, 'lunch': False, 'dinner': False, 'breakfast': False, 'brunch': False}","HasTV: False","NoiseLevel: average","OutdoorSeating: True","RestaurantsAttire: casual","RestaurantsDelivery: False","RestaurantsGoodForGroups: True","RestaurantsPriceRange2: 1","RestaurantsReservations: False","RestaurantsTableService: False","RestaurantsTakeOut: True","WheelchairAccessible: True","WiFi: free"],"categories":["Restaurants","Food","Cafes","Coffee & Tea"],"hours":["Monday 7:0-23:0","Tuesday 7:0-23:0","Wednesday 7:0-23:0","Thursday 7:0-23:0","Friday 7:0-23:0","Saturday 8:0-23:0","Sunday 9:0-22:0"],"type":"business"},"user":{"name":"Kelsi","review_count":213,"yelping_since":"2013-07-12","friends":["tbycp0aRhRsiAVYUAVR_uQ","XQERLfFxb4pejvKC4JlGbQ","QrfNFddzm10JxLDN08uH5w","3S7cA5U-pGl1mC_9J0nTcw","IL0UWLsD4-jjm3sTeHnFjA","Ohtl76qxNdTzl0x5uYlDJA","997k3AZ_5yHPqP8BUomJXQ","hQ7GCAaeLAu6LSgGGUMNvA","ZtDe2ThNjJrPkf_0u3tyeA","CH9VC7aLLsV8NFdaoU_uog","wmJsu8F-82nLLxq2cNASOA","R-zH-BH_4Az7pPtlE31Z8Q","QkWzReJmnX7JSudcXsSULQ","eWTie6-Ed92_T5Ebs4e-0g","CgaxrZFHnfdXT8goelBTaA","8ODxjgXB7zr_FxQs1rpdkQ","BIyo1Hf23H6EIujLSYzw2g","RIVQyeqHyXhAFjma9UVhhA","M_UuEwc_HoqPhqgEzkjPrg","cz1kQLOCGO5v5yCva4rYnw","rYprRBw2AHxfu6A3lPsGZg","TqKg5XonFWPAacSLpUNIVQ","e9bVxMuG-1NIJWqT_pDEmQ","mUHJuirfyq3EsgNbhTkj2A","JRomR-qNoMB9jWmyE0B3FA","kxAk6dJNTRt_VufXsaHUwA","Xlyxk3g4g51Z_ZpsHHRf9Q","Fcek-5HR46P6udHWZQls5w","V7Q6GjezXk1GanE__2DeSg","9M3gY85BdlzFidhQyA5o9A","iTQVu8yrufETZcKal16mUw","U4INQZOPSUaj8hMjLlZ3KA","vy3VhAYOIMsrJCQ_vHMi_g","PRG7zblpcRHx2pYhnFAFFw","SyllCEl62PLuZG8YVWSZGQ","txFOkLtDFod8YlcWyfVvlA","aWhxj881KMyPJFuTJKy3-w","0pTc3t-HGzqzWSVjifK5oQ","8ZLAklUl3vS9cnlwpv3v5g","srFZ0_Q7ktL5USL63yzrHQ","qb4ap_KGn0BD6u1UNWzIsg","Ree1FvzMPKhvTXlcHPpjdw","GpX1xkJULy9oPvkg5gPCIg","I3-U76sfO6d6XI3ekqo8Qw","smOe3zMV10aLI9pGn40tMw","wOomph40DrA4p3Jwy-X7Wg","k8LNU4RFMX-MFgWhW1eicw","jL1TI1E0Yc0y-yQKCh307A","_wzoLquZH3KogUoVtVj7Ww","sSjKLE_Kax-lnuZPxnaP3Q","uf1UdKswKWOqFLUvRvvbzA","niuSuIKt6XCiTwh0hLbbUg","HaYE1bJSf3Om_BLGfc_A3g","dJx8I_kjdPT_Z6WEUfTwMw","zmXvX9GZsdHupUiMaSyorQ","ISJ860z59OPGcuBbo-kjXg","Yk7uDMZfOBFqMYe4rXg3fg","KImDfKRpLV1vv7in15gehg","pmNOGsihAJmP78TIZEfrYQ","bdfRlUP7HX7EyJohPsZeMg","Mt0stWETaExyeyplWBMsgw","LBGVtPFlxkzAWJPW5KhPNA","8teQ4Zc9jpl_ffaPJUn6Ew","GVuU1qYR_pWFEVezVjm8hQ","YSb8JRyI75M8FkbYWLH4UA","tCdWh-9DvTiozYtYSPT53g","V0c-AS2FFCeSaV-3JfG5vA","PR27MUQYtDL6eP64B5NudA","0SD7SOeeIOZzr2NkFO6KQg","jl7MdnX6us5FNrH7Yb5BEw","caICV2psm7OABEkikMx2vw","Jo4iqF2IV_4-dhrxMpB4oA","vc8dVQ2DDnzdTzNYx3aIrg","3LC2sKfvz_nWuJquUDsNnw","_UrgR8x-enYzt-XgnjJ3wQ","iQtNv_rIhoZb49H2vHCYjg","KQG7BibBE7ock7hcCGefFQ","NwXV_WofVAmhZjfQvu6y0w","-RTbqYtDevZerDfGq8HVSQ","wd3xoNaDLib8dhQ7BxUl6g","JKzqdJ8Xe7uHHcQo5vthNA","i9sBEFF7tCR3YcgSGrgpNQ","FbHb0yCvjJsIY9npan2vkA","6qLhRQfeGl9o9Ep-RMz-aA","VbxGVU7QyGeZkJW_4AXuFw","i3xLHXnsv8HwrFyqqHazqg","XG-HVo0xZdbc8GI4WBSifg","f7Emr9Q4H5r_jO_DW3QuIQ","nhLKCc33CVR2RATMfbBXEg","cDhs0eRMGtVVXzr5eiGiIQ","kS0J0v7cAKUmgfYIxPZEpw","_GK0OXI2RcDONdDg_ASTsw","adtOywpRnG5-4mjQMQE1FA","ACP7CyxfItBr-MaRBbGs9Q","3hVxodWSglt3wgpopjcjrw","Q1IENmNc6bdDruACmhy4mg","ftdc7cFdBdN9agj5dtdqfw","yJP-54fC6lpYXXl5X0JyJw","NozUVjNR1qMZuUS8zayuqw","ToXS8zawUnN2e00dx1ugUw","cBi2HElfKyOaxb0VdhaXBA","ktuw8q06lHmCMGGPfsJ1Hw","6cZ6QoroLANlXtb4sqKvzg","UzGe_KUKLg-5HVyTrlbjrw","gNyQ8VrJbRhJ9Iiiqi5wqQ","bOnJhTZ_hxDNet7-Ql60oQ","rWGgJFYfIzn0Adf627oYaw","d5WLqmTMvmL7-RmUDVKqqQ","tta5gZdMrbbc8QAzZVVY7g","LAsOaowycjpyCenm1IUi_g","DEaZ9wc1yAxuIuWuk5eUdQ","jlXLXdWqx-KCsHLr9sE7Ow","2U-kIL4_M4wkBDDFW2xhBw","jBim42DSLZapQfLDHxrxXQ","Ao2VYIw9AMKOTiCUwe_T9A","DqtsCW9oCujxlSWPLiCqkQ","r-zUIQPaHzvIyL93wQaoiQ","zDqOS24bDOA-OwOpoKdb5A","glSAMyrt-RHB0jXBicftrg","51H6kb4oRmnK1fM0DEAtYQ","XmUW_4kxyDnu5jDr6gvoYg","qzxXNT0CRAAmq7RAZGhNFg","0H7BzdxCZNs8OiE182Ttrg","hWKphrAJGhTsC_TyXoTtmg","h0eggGOuqoNipqtodZTr3A","hNn9DaxI7DstLMrHWtYalg","VmHnhNNp547jziYDZM0fRw","emUJDuEjMyUlg_ojmB0q1g","ETWM2ruinoK9f5LkQsl3GA","T0w0bcxFV-ugWMYs6Gt9aw","SeYPJCquBlopl6FkT4__WQ","kfaYao2uKfkepPzqngQTOQ","qZ2MsrvcQR_5jql-Ll7sAw","3hCPJha4pj427Xv3mbrRDg","MPbsMrg1huUkJiY1kWMJ_Q","INgocgXv94oeTuzyXtjpYw","HNycc5PctOiR2PXb-TFCIQ","9QQS4gkciKUwGnKKecc97w","FTKeukbnWCvE4cUYTPWxiw","RTWsMisf73pGnbagf1vmvg","iXrR8MmhobWIrg1mBW54RQ","_A_kWoO9rHqglHUjuDWgcw","KbaKDpyq9USc0zCUScJS-A","VHoz-_mf_jFQCINNkBMKSw","64txTla3gWRXyKwqQQx7nA","YZqzFWkbYmzwO0Imc3QFxg","cTUIAR6lZDp91McnHz8RKw","46Ys34oRpX9A6ZpRlXskmQ","7cLztVBytb1CY6vGydi5Lg","9fppQqM4tsT-LIDGKG67Sw","BUSiu6hQF8HBiot7q9Ms9g","CiHEw0qnWH65orFaJcN0Tw","2PxhShhrVcTX3xPQoM_gfw","5MKqkzDbludCpSqBlZU3Kg","gteHjytNuIQZTTjRyqGTyQ","c3o53X6vbGm5YrGb3m7KKQ","NLyNvJ9LGG0DFAvUph97wQ","5ClP4O44_kVWBC7deuE3jw","IOG2aCyqBf_2lzNnRN6PvQ","JUT0U3HTSB3kz9Wh7N0GqA","vRu1XYsIjkSon4DQ7cKFNQ","iBzH9mpWqKAhwSajYp_NIA","AEgYsg7EHi-Z6j8R3vd06w","pOj4Z7dupeaL-xqztZBIGQ","0fByqYTXYrxIzdoZOB2sQA","hYFC1LfLG84SOPg7nU8osw","6fc3ldSMaaoLUUMl7uhLmQ","x2KtWaUELtgc_mn8vN86uw","c3dNjW3xvAE6JoWnVR7kfg","SDsVaBzPJr8fdY4-m5bjdw","tOMfTEKuz21M9bNPJMH9JQ","4q02ALXu_6i7-GWZAW9ctQ","FKclATu5-fmK6lsAUuHp7w","l0jejmRcICSPYudZ8wEYmQ","eHorxrf-kxeQpMKbdH9XZA","mQZt2_yvTEhjUfVV974chA","PknZ4ckea5_M5Q1_Z2LXVQ","GR24vcUhRWe1khin3cPBfA","fJ_qSZH_akvWzHUPMqab1g","izXTjGX1dBROBygLkyJ_uA","1EchcNeHE0DU7rcCkZJbVA","jwbcs_eQ2QznrOyMuqz1LQ","k7qNjloW-CHbQ0WJYxXZEQ","4hfKW7moiGVsjiWKHodNJA","P8wKXAEn5IY5tmfY75V5xg"],"useful":105,"funny":24,"cool":62,"fans":9,"elite":["2013","2015","2017","2016","2014"],"average_stars":3.95,"compliment_hot":28,"compliment_more":4,"compliment_profile":0,"compliment_cute":2,"compliment_list":0,"compliment_note":29,"compliment_plain":28,"compliment_cool":40,"compliment_funny":40,"compliment_writer":29,"compliment_photos":0,"type":"user"}}
