{"review_id":"IEEuRWm2ejnZRlp6w6fYrQ","user_id":"hv5DJT-ivNSsHbXEJKXbUg","business_id":"QjAa1btsfKXKCorXeb20Vg","stars":4,"date":"2016-08-09","text":"Cashier was super friendly, food was pretty good.  They had a whole bunch of employees here, which was good for customer service because they picked up our empty plates fast.  The restaurant was really clean as well.  A suggestion would be if employees are walking around, they should offer to refill drinks but it's obviously not required.  All and all a good dining experience.","useful":1,"funny":0,"cool":1,"type":"review","restaurant":{"name":"Pizza Ranch","neighborhood":"","address":"100 Keenan Ct","city":"Verona","state":"WI","postal_code":"53593","latitude":42.9945036348,"longitude":-89.5178887086,"stars":4.0,"review_count":9,"is_open":1,"attributes":["Ambience: {'romantic': False, 'intimate': False, 'classy': False, 'hipster': False, 'divey': False, 'touristy': False, 'trendy': False, 'upscale': False, 'casual': False}","BikeParking: True","BusinessAcceptsCreditCards: True","GoodForKids: True","GoodForMeal: {'dessert': False, 'latenight': False, 'lunch': False, 'dinner': False, 'breakfast': False, 'brunch': False}","HasTV: False","NoiseLevel: loud","OutdoorSeating: False","RestaurantsAttire: casual","RestaurantsDelivery: True","RestaurantsGoodForGroups: True","RestaurantsPriceRange2: 2","RestaurantsReservations: False","RestaurantsTakeOut: True"],"categories":["Chicken Shop","Pizza","Buffets","Restaurants"],"hours":["Monday 11:0-21:0","Tuesday 11:0-21:0","Wednesday 11:0-21:0","Thursday 11:0-21:0","Friday 11:0-22:0","Saturday 11:0-22:0","Sunday 11:0-21:0"],"type":"business"},"user":{"name":"Mike","review_count":12,"yelping_since":"2016-04-10","friends":["None"],"useful":0,"funny":0,"cool":0,"fans":0,"elite":["None"],"average_stars":3.08,"compliment_hot":0,"compliment_more":0,"compliment_profile":0,"compliment_cute":0,"compliment_list":0,"compliment_note":3,"compliment_plain":0,"compliment_cool":0,"compliment_funny":0,"compliment_writer":0,"compliment_photos":0,"type":"user"}}
