{"review_id":"AkpeFycYB-2OQlSB970Fyw","user_id":"vO1a12SLh9EgKLnEw9vkcg","business_id":"NYf9TKBKPpa1wkA_uwIlfg","stars":4,"date":"2010-10-04","text":"we went here last night with a group of friends and got beers at the bar while waiting for a table. the beer selection isn't the greatest, but it's pretty solid. we enjoyed some <potosi cave ale> and were seated in about 20 minutes. not too bad for a group of 6 on a saturday night, especially considering there was a huge line of people waiting. \n\ni had the bad breath burger, which truly lived up to its name. the beef was quality, and all the toppings on it were garlicky, cheesy, awesome goodness. the bf had the reuben and said it was pretty tasty too. \n\ni think it's safe to say we'll be coming back.","useful":0,"funny":0,"cool":0,"type":"review","restaurant":{"name":"The Weary Traveler Freehouse","neighborhood":"Williamson - Marquette","address":"1201 Williamson St","city":"Madison","state":"WI","postal_code":"53703","latitude":43.0832527245,"longitude":-89.3643164635,"stars":4.0,"review_count":412,"is_open":1,"attributes":["Alcohol: full_bar","Ambience: {'romantic': False, 'intimate': False, 'classy': False, 'hipster': True, 'divey': False, 'touristy': False, 'trendy': False, 'upscale': False, 'casual': True}","BYOB: False","BYOBCorkage: yes_free","BikeParking: True","BusinessAcceptsCreditCards: True","BusinessParking: {'garage': False, 'street': True, 'validated': False, 'lot': False, 'valet': False}","Caters: False","Corkage: False","DriveThru: False","GoodForKids: False","GoodForMeal: {'dessert': False, 'latenight': False, 'lunch': False, 'dinner': True, 'breakfast': False, 'brunch': False}","HasTV: False","NoiseLevel: average","OutdoorSeating: False","RestaurantsAttire: casual","RestaurantsDelivery: False","RestaurantsGoodForGroups: True","RestaurantsPriceRange2: 2","RestaurantsReservations: False","RestaurantsTableService: True","RestaurantsTakeOut: True","WheelchairAccessible: True","WiFi: no"],"categories":["American (New)","Nightlife","Restaurants","Burgers","Bars"],"hours":["Monday 11:30-1:0","Tuesday 11:30-1:0","Wednesday 11:30-1:0","Thursday 11:30-1:0","Friday 11:30-1:0","Saturday 11:30-1:0","Sunday 11:30-1:0"],"type":"business"},"user":{"name":"Erin","review_count":114,"yelping_since":"2010-02-17","friends":["YKIH7OgEJ8YZS8ZNdOeUYQ","5lkEQvo2gNOLJF7GD2we0Q","AvT94ga_kUZGPQdv4N87Hw","WwxS1z6uwTxm5V5hoUB-Qw","Se723rUgNOxrZrNLH07o6Q","UkmAAxU-XEndG3jxs7Xd7Q","HGZecA5lxkn4MnPlEN46qQ","yi5W66M-PcMXO_Ft38cE6w","eDnZtmtqSr2_S3F2BVMBvA","uCM2PkDZbf2EfObb0ERYAg","xiNrxaHhpbeg34hAxyQV0A","sp0IHEEyb_ZcUJU-CmdQtw","v7lN6qD96w6C1LSL6yTTJw","5BJZI4x50ni34pbHrPOlDA","L6kJmq_loMO_LATJs6L6tQ","djAIBuWA4BKpacVOmPsWAw","c-X-gMJMxCdfenzqh90NeA","brqh-WkP7yNRPt63CPsx0g","UFoTItJULZ6uSq97a6EVBg","6e7a83vYpc4YWaP53UrzvQ","YZqzFWkbYmzwO0Imc3QFxg","09ovAFJpQIx-xb3Lq8BiAQ","RTWsMisf73pGnbagf1vmvg","OGQOVy3y3clJFkYr0iyfTQ","OrII3ccVg7tkAqQ2BYVsBw","yfXzd3kBi27f4JNcPgWtQQ","yIFt8a0NNv3GnpKEGwxFoA","gw6Fubke8pI8xfbm9I-aHA","XQo38Aoxd_yz_nvqRhV7Yw","X_Upb44Y1h2iw1AHdi6FtA","r-B4_ryMudXokBxIIwwwzw","os_Uim3UHh_9bUh6qiafZg","Swfat1dxiPtiD7Uz3JuPkg","Pxv_a7Ar4YkdbSbpmfo-AQ","NkjeBAtvLDedFcB8x2uxMw","pX6bO8awwJTVXhm84S3K0g","peHavW3hjHXAY__5zbLtQA","Mu4nR78rbkhMD9QDcFMW3g","k6wXoUxOm_qI-eP_123hZA","oSS7opJwkLB72S1MstSWIA","Ct9URF2rWux7f0k_-xWnyA","JzY4i1z86H7aWUpXWn5VAw","PS2pmKaCi9jPyWpp-6_qzQ","pOj4Z7dupeaL-xqztZBIGQ","mX0G6QCiAutXL6FEJYxZLg","nj2HL3ILcqSifoiAH03Ghg","TMW-NpcNUvrsbdR-wLpYBQ","KrNVcjSIKKBzKnUWIl1Lyw","JIznnU3594iOjlATbOYUxA","6W8oml22JL3YchPERYQIGw","69Ey9JQH7enKFxTGYRMkPQ","wY-o7xk51rEmrqwEbc7kdw","-V-XK5wjppjXyi_7GyU-rQ","OQzVp_P3mhFBMnCbKjoHQw","QgZ_LaE2jXjdijJWtcdniA","0pTc3t-HGzqzWSVjifK5oQ","V57vKTxYiNFReOvqVXiBNg","hxW-0PxbPvk0XDpcHO-A8Q","ojqrBbLc-F4i3jUrG6_tsA","e9bVxMuG-1NIJWqT_pDEmQ","3mFKN2cfm_-ulPXv59yWkg","_W_oxf2h5XrWrxyOuiVqXw","aR6rQMWqxMBVch13dGCnSg","LRzgwZiWyFhT4NMDDZ2lhQ","2dG3YpHi3OQG_FrT7I7f5g","-Qo1_mG9-NynB3nNCeTXSg","XQsOfX0Xwk6C7aolDS7-Ww","Ia4TKJM8jD1tP5mtkKg4hw","D7O7Dnaz7frfnUj8F1sSMg","ISJ860z59OPGcuBbo-kjXg","wNlioYr28F9JQUII8ZacGQ","LaQljTEWZ2nQu5Z64COkxA","XZdZ7QYI9jgPX0HMTTfZJA","l2MkI2y14pbBOd1yPGj27Q","33RlGz0En73h1XYxA3Bypw","i-WzZMvuIn7mZBcNsxQQVQ","JKzqdJ8Xe7uHHcQo5vthNA","48Gi_uUGUjTEf3qK88ouKQ","_rvl0t7o_F6waz_7wCh_pg","8n5X6WOFXgf_u8w_5TPn_g","u3bxDNkbi-OUEp83NZLzSg","swUdWLu9kNrIX6ygdL5WSw","BnIp5wgoK_VFLIA2dnLoGQ","4bmPuea4FsN9CPFkWgdHeQ","BtHMeJ5YlK8AR1JONu8qsA","1ffywN9LSBQgg2eBrxSN1A","xPLLSUGbk0PSDF-0RSe7kg","WoJR8dJYJdb8mHihjoYT2Q","_cqFJ6vTMd7UFHciQAM0oA","tNPeurOGOUatqFLAUql6nw","Q2qBhL7OI11Bec9dlL4O_w","EyOA8GjetYScBVvnPPNZwg","y87luGXPIVhXPwVJUhp_6w","hbtbV_GzExqIH6gcGOXNIA","_G3RBzx10Y13ys-UTGiKDQ","vb7s5jaHJFtnkDVED1mRNA","QzYg96QL8JwRhA6ZBbn3Kw","aeib75DoUBMN63i-RjMQEA","6GeM9RafPobbFb_8BGg8Ag","IGbYuVF5xbDPmypkozeIKA","s5KC1Hx2jsfUg-ZL61I8XQ","eGPgF91m3p_vRMHbd9paJg","pZPF685lvohfNKlkUVlOaQ","EjPHR6HMjFqGr0vFMzaq1w","qDjl4XjqdsOPRTFcyAZ5qg","5FUvLvIj4155zhQTiWUdKw","CLBhU0yc2OPoJTRRSdqN8Q","-jgxmOen1_ZqtoaZCsBr0g","djYZJedBBXfHXqqXW-FZ_g","v5J2TWEKvr1RkaiSFafNxQ","gYiXi-DrRYMPPb-4q0dE4A","DEOH_z7QaXnrH7vnmDl5KA","Xdgp94oWWbTDdLdrz7_baw","hE22l_i6GHr2AqSeqH0fyA","fok_uZSCwonz_QrTLBOA_A","oEEGAOZeKuB5RDPMQJg1dA","w0SFya-MjUKIpEumUi1vvA","pdH519ZaaRsLaQMi1fGQlQ","OTxVreFKqO_eTAKQiNtpJQ","77fu4G0lo6qnxeuzL24ofg","SbJ7iiOb6Sj3gaREn-JUZA"],"useful":11,"funny":8,"cool":7,"fans":6,"elite":["None"],"average_stars":3.57,"compliment_hot":1,"compliment_more":1,"compliment_profile":1,"compliment_cute":0,"compliment_list":0,"compliment_note":1,"compliment_plain":2,"compliment_cool":2,"compliment_funny":2,"compliment_writer":2,"compliment_photos":0,"type":"user"}}
